This is pdfTeX, Version 3.141592653-2.6-1.40.25 (TeX Live 2023/Debian) (preloaded format=pdflatex 2024.8.27)  26 NOV 2024 20:02
entering extended mode
 restricted \write18 enabled.
 %&-line parsing enabled.
**main.tex
(./main.tex
LaTeX2e <2023-11-01> patch level 1
L3 programming layer <2024-01-22>
(/usr/share/texlive/texmf-dist/tex/latex/base/article.cls
Document Class: article 2023/05/17 v1.4n Standard LaTeX document class
(/usr/share/texlive/texmf-dist/tex/latex/base/size10.clo
File: size10.clo 2023/05/17 v1.4n Standard LaTeX file (size option)
)
\c@part=\count187
\c@section=\count188
\c@subsection=\count189
\c@subsubsection=\count190
\c@paragraph=\count191
\c@subparagraph=\count192
\c@figure=\count193
\c@table=\count194
\abovecaptionskip=\skip48
\belowcaptionskip=\skip49
\bibindent=\dimen140
) (./Lecture.sty
Package: Lecture 

(/usr/share/texlive/texmf-dist/tex/latex/base/inputenc.sty
Package: inputenc 2021/02/14 v1.3d Input encoding file
\inpenc@prehook=\toks17
\inpenc@posthook=\toks18
)
(/usr/share/texlive/texmf-dist/tex/latex/base/fontenc.sty
Package: fontenc 2021/04/29 v2.0v Standard LaTeX package
)
(/usr/share/texlive/texmf-dist/tex/generic/babel/babel.sty
Package: babel 2024/01/07 v24.1 The Babel package
\babel@savecnt=\count195
\U@D=\dimen141
\l@unhyphenated=\language13

(/usr/share/texlive/texmf-dist/tex/generic/babel/txtbabel.def)
\bbl@readstream=\read2
\bbl@dirlevel=\count196

(/usr/share/texlive/texmf-dist/tex/generic/babel-french/french.ldf
Language: french 2023-12-19 v3.5r French support from the babel system
Package babel Info: Hyphen rules for 'acadian' set to \l@french
(babel)             (\language6). Reported on input line 91.
Package babel Info: Hyphen rules for 'canadien' set to \l@french
(babel)             (\language6). Reported on input line 92.
\FB@stdchar=\count197
Package babel Info: Making : an active character on input line 420.
Package babel Info: Making ; an active character on input line 421.
Package babel Info: Making ! an active character on input line 422.
Package babel Info: Making ? an active character on input line 423.
\FBguill@level=\count198
\FBold@everypar=\toks19
\FB@Mht=\dimen142
\mc@charclass=\count199
\mc@charfam=\count266
\mc@charslot=\count267
\std@mcc=\count268
\dec@mcc=\count269
\FB@parskip=\dimen143
\listindentFB=\dimen144
\descindentFB=\dimen145
\labelindentFB=\dimen146
\labelwidthFB=\dimen147
\leftmarginFB=\dimen148
\parindentFFN=\dimen149
\FBfnindent=\dimen150
))
(/usr/share/texlive/texmf-dist/tex/generic/babel/locale/fr/babel-french.tex
Package babel Info: Importing font and identification data for french
(babel)             from babel-fr.ini. Reported on input line 11.
)
(/usr/share/texlive/texmf-dist/tex/latex/carlisle/scalefnt.sty)
(/usr/share/texlive/texmf-dist/tex/latex/graphics/keyval.sty
Package: keyval 2022/05/29 v1.15 key=value parser (DPC)
\KV@toks@=\toks20
)
(/usr/share/texlive/texmf-dist/tex/generic/chemfig/chemfig.sty
(/usr/share/texlive/texmf-dist/tex/latex/pgf/frontendlayer/tikz.sty
(/usr/share/texlive/texmf-dist/tex/latex/pgf/basiclayer/pgf.sty
(/usr/share/texlive/texmf-dist/tex/latex/pgf/utilities/pgfrcs.sty
(/usr/share/texlive/texmf-dist/tex/generic/pgf/utilities/pgfutil-common.tex
\pgfutil@everybye=\toks21
\pgfutil@tempdima=\dimen151
\pgfutil@tempdimb=\dimen152
)
(/usr/share/texlive/texmf-dist/tex/generic/pgf/utilities/pgfutil-latex.def
\pgfutil@abb=\box51
)
(/usr/share/texlive/texmf-dist/tex/generic/pgf/utilities/pgfrcs.code.tex
(/usr/share/texlive/texmf-dist/tex/generic/pgf/pgf.revision.tex)
Package: pgfrcs 2023-01-15 v3.1.10 (3.1.10)
))
Package: pgf 2023-01-15 v3.1.10 (3.1.10)

(/usr/share/texlive/texmf-dist/tex/latex/pgf/basiclayer/pgfcore.sty
(/usr/share/texlive/texmf-dist/tex/latex/graphics/graphicx.sty
Package: graphicx 2021/09/16 v1.2d Enhanced LaTeX Graphics (DPC,SPQR)

(/usr/share/texlive/texmf-dist/tex/latex/graphics/graphics.sty
Package: graphics 2022/03/10 v1.4e Standard LaTeX Graphics (DPC,SPQR)

(/usr/share/texlive/texmf-dist/tex/latex/graphics/trig.sty
Package: trig 2021/08/11 v1.11 sin cos tan (DPC)
)
(/usr/share/texlive/texmf-dist/tex/latex/graphics-cfg/graphics.cfg
File: graphics.cfg 2016/06/04 v1.11 sample graphics configuration
)
Package graphics Info: Driver file: pdftex.def on input line 107.

(/usr/share/texlive/texmf-dist/tex/latex/graphics-def/pdftex.def
File: pdftex.def 2022/09/22 v1.2b Graphics/color driver for pdftex
))
\Gin@req@height=\dimen153
\Gin@req@width=\dimen154
)
(/usr/share/texlive/texmf-dist/tex/latex/pgf/systemlayer/pgfsys.sty
(/usr/share/texlive/texmf-dist/tex/generic/pgf/systemlayer/pgfsys.code.tex
Package: pgfsys 2023-01-15 v3.1.10 (3.1.10)

(/usr/share/texlive/texmf-dist/tex/generic/pgf/utilities/pgfkeys.code.tex
\pgfkeys@pathtoks=\toks22
\pgfkeys@temptoks=\toks23

(/usr/share/texlive/texmf-dist/tex/generic/pgf/utilities/pgfkeyslibraryfiltered
.code.tex
\pgfkeys@tmptoks=\toks24
))
\pgf@x=\dimen155
\pgf@y=\dimen156
\pgf@xa=\dimen157
\pgf@ya=\dimen158
\pgf@xb=\dimen159
\pgf@yb=\dimen160
\pgf@xc=\dimen161
\pgf@yc=\dimen162
\pgf@xd=\dimen163
\pgf@yd=\dimen164
\w@pgf@writea=\write3
\r@pgf@reada=\read3
\c@pgf@counta=\count270
\c@pgf@countb=\count271
\c@pgf@countc=\count272
\c@pgf@countd=\count273
\t@pgf@toka=\toks25
\t@pgf@tokb=\toks26
\t@pgf@tokc=\toks27
\pgf@sys@id@count=\count274
 (/usr/share/texlive/texmf-dist/tex/generic/pgf/systemlayer/pgf.cfg
File: pgf.cfg 2023-01-15 v3.1.10 (3.1.10)
)
Driver file for pgf: pgfsys-pdftex.def
(/usr/share/texlive/texmf-dist/tex/generic/pgf/systemlayer/pgfsys-pdftex.def
File: pgfsys-pdftex.def 2023-01-15 v3.1.10 (3.1.10)

(/usr/share/texlive/texmf-dist/tex/generic/pgf/systemlayer/pgfsys-common-pdf.de
f
File: pgfsys-common-pdf.def 2023-01-15 v3.1.10 (3.1.10)
)))
(/usr/share/texlive/texmf-dist/tex/generic/pgf/systemlayer/pgfsyssoftpath.code.
tex
File: pgfsyssoftpath.code.tex 2023-01-15 v3.1.10 (3.1.10)
\pgfsyssoftpath@smallbuffer@items=\count275
\pgfsyssoftpath@bigbuffer@items=\count276
)
(/usr/share/texlive/texmf-dist/tex/generic/pgf/systemlayer/pgfsysprotocol.code.
tex
File: pgfsysprotocol.code.tex 2023-01-15 v3.1.10 (3.1.10)
)) (/usr/share/texlive/texmf-dist/tex/latex/xcolor/xcolor.sty
Package: xcolor 2023/11/15 v3.01 LaTeX color extensions (UK)

(/usr/share/texlive/texmf-dist/tex/latex/graphics-cfg/color.cfg
File: color.cfg 2016/01/02 v1.6 sample color configuration
)
Package xcolor Info: Driver file: pdftex.def on input line 274.

(/usr/share/texlive/texmf-dist/tex/latex/graphics/mathcolor.ltx)
Package xcolor Info: Model `cmy' substituted by `cmy0' on input line 1350.
Package xcolor Info: Model `hsb' substituted by `rgb' on input line 1354.
Package xcolor Info: Model `RGB' extended on input line 1366.
Package xcolor Info: Model `HTML' substituted by `rgb' on input line 1368.
Package xcolor Info: Model `Hsb' substituted by `hsb' on input line 1369.
Package xcolor Info: Model `tHsb' substituted by `hsb' on input line 1370.
Package xcolor Info: Model `HSB' substituted by `hsb' on input line 1371.
Package xcolor Info: Model `Gray' substituted by `gray' on input line 1372.
Package xcolor Info: Model `wave' substituted by `hsb' on input line 1373.
)
(/usr/share/texlive/texmf-dist/tex/generic/pgf/basiclayer/pgfcore.code.tex
Package: pgfcore 2023-01-15 v3.1.10 (3.1.10)

(/usr/share/texlive/texmf-dist/tex/generic/pgf/math/pgfmath.code.tex
(/usr/share/texlive/texmf-dist/tex/generic/pgf/math/pgfmathutil.code.tex)
(/usr/share/texlive/texmf-dist/tex/generic/pgf/math/pgfmathparser.code.tex
\pgfmath@dimen=\dimen165
\pgfmath@count=\count277
\pgfmath@box=\box52
\pgfmath@toks=\toks28
\pgfmath@stack@operand=\toks29
\pgfmath@stack@operation=\toks30
)
(/usr/share/texlive/texmf-dist/tex/generic/pgf/math/pgfmathfunctions.code.tex)
(/usr/share/texlive/texmf-dist/tex/generic/pgf/math/pgfmathfunctions.basic.code
.tex)
(/usr/share/texlive/texmf-dist/tex/generic/pgf/math/pgfmathfunctions.trigonomet
ric.code.tex)
(/usr/share/texlive/texmf-dist/tex/generic/pgf/math/pgfmathfunctions.random.cod
e.tex)
(/usr/share/texlive/texmf-dist/tex/generic/pgf/math/pgfmathfunctions.comparison
.code.tex)
(/usr/share/texlive/texmf-dist/tex/generic/pgf/math/pgfmathfunctions.base.code.
tex)
(/usr/share/texlive/texmf-dist/tex/generic/pgf/math/pgfmathfunctions.round.code
.tex)
(/usr/share/texlive/texmf-dist/tex/generic/pgf/math/pgfmathfunctions.misc.code.
tex)
(/usr/share/texlive/texmf-dist/tex/generic/pgf/math/pgfmathfunctions.integerari
thmetics.code.tex)
(/usr/share/texlive/texmf-dist/tex/generic/pgf/math/pgfmathcalc.code.tex)
(/usr/share/texlive/texmf-dist/tex/generic/pgf/math/pgfmathfloat.code.tex
\c@pgfmathroundto@lastzeros=\count278
))
(/usr/share/texlive/texmf-dist/tex/generic/pgf/math/pgfint.code.tex)
(/usr/share/texlive/texmf-dist/tex/generic/pgf/basiclayer/pgfcorepoints.code.te
x
File: pgfcorepoints.code.tex 2023-01-15 v3.1.10 (3.1.10)
\pgf@picminx=\dimen166
\pgf@picmaxx=\dimen167
\pgf@picminy=\dimen168
\pgf@picmaxy=\dimen169
\pgf@pathminx=\dimen170
\pgf@pathmaxx=\dimen171
\pgf@pathminy=\dimen172
\pgf@pathmaxy=\dimen173
\pgf@xx=\dimen174
\pgf@xy=\dimen175
\pgf@yx=\dimen176
\pgf@yy=\dimen177
\pgf@zx=\dimen178
\pgf@zy=\dimen179
)
(/usr/share/texlive/texmf-dist/tex/generic/pgf/basiclayer/pgfcorepathconstruct.
code.tex
File: pgfcorepathconstruct.code.tex 2023-01-15 v3.1.10 (3.1.10)
\pgf@path@lastx=\dimen180
\pgf@path@lasty=\dimen181
)
(/usr/share/texlive/texmf-dist/tex/generic/pgf/basiclayer/pgfcorepathusage.code
.tex
File: pgfcorepathusage.code.tex 2023-01-15 v3.1.10 (3.1.10)
\pgf@shorten@end@additional=\dimen182
\pgf@shorten@start@additional=\dimen183
)
(/usr/share/texlive/texmf-dist/tex/generic/pgf/basiclayer/pgfcorescopes.code.te
x
File: pgfcorescopes.code.tex 2023-01-15 v3.1.10 (3.1.10)
\pgfpic=\box53
\pgf@hbox=\box54
\pgf@layerbox@main=\box55
\pgf@picture@serial@count=\count279
)
(/usr/share/texlive/texmf-dist/tex/generic/pgf/basiclayer/pgfcoregraphicstate.c
ode.tex
File: pgfcoregraphicstate.code.tex 2023-01-15 v3.1.10 (3.1.10)
\pgflinewidth=\dimen184
)
(/usr/share/texlive/texmf-dist/tex/generic/pgf/basiclayer/pgfcoretransformation
s.code.tex
File: pgfcoretransformations.code.tex 2023-01-15 v3.1.10 (3.1.10)
\pgf@pt@x=\dimen185
\pgf@pt@y=\dimen186
\pgf@pt@temp=\dimen187
)
(/usr/share/texlive/texmf-dist/tex/generic/pgf/basiclayer/pgfcorequick.code.tex
File: pgfcorequick.code.tex 2023-01-15 v3.1.10 (3.1.10)
)
(/usr/share/texlive/texmf-dist/tex/generic/pgf/basiclayer/pgfcoreobjects.code.t
ex
File: pgfcoreobjects.code.tex 2023-01-15 v3.1.10 (3.1.10)
)
(/usr/share/texlive/texmf-dist/tex/generic/pgf/basiclayer/pgfcorepathprocessing
.code.tex
File: pgfcorepathprocessing.code.tex 2023-01-15 v3.1.10 (3.1.10)
)
(/usr/share/texlive/texmf-dist/tex/generic/pgf/basiclayer/pgfcorearrows.code.te
x
File: pgfcorearrows.code.tex 2023-01-15 v3.1.10 (3.1.10)
\pgfarrowsep=\dimen188
)
(/usr/share/texlive/texmf-dist/tex/generic/pgf/basiclayer/pgfcoreshade.code.tex
File: pgfcoreshade.code.tex 2023-01-15 v3.1.10 (3.1.10)
\pgf@max=\dimen189
\pgf@sys@shading@range@num=\count280
\pgf@shadingcount=\count281
)
(/usr/share/texlive/texmf-dist/tex/generic/pgf/basiclayer/pgfcoreimage.code.tex
File: pgfcoreimage.code.tex 2023-01-15 v3.1.10 (3.1.10)
)
(/usr/share/texlive/texmf-dist/tex/generic/pgf/basiclayer/pgfcoreexternal.code.
tex
File: pgfcoreexternal.code.tex 2023-01-15 v3.1.10 (3.1.10)
\pgfexternal@startupbox=\box56
)
(/usr/share/texlive/texmf-dist/tex/generic/pgf/basiclayer/pgfcorelayers.code.te
x
File: pgfcorelayers.code.tex 2023-01-15 v3.1.10 (3.1.10)
)
(/usr/share/texlive/texmf-dist/tex/generic/pgf/basiclayer/pgfcoretransparency.c
ode.tex
File: pgfcoretransparency.code.tex 2023-01-15 v3.1.10 (3.1.10)
)
(/usr/share/texlive/texmf-dist/tex/generic/pgf/basiclayer/pgfcorepatterns.code.
tex
File: pgfcorepatterns.code.tex 2023-01-15 v3.1.10 (3.1.10)
)
(/usr/share/texlive/texmf-dist/tex/generic/pgf/basiclayer/pgfcorerdf.code.tex
File: pgfcorerdf.code.tex 2023-01-15 v3.1.10 (3.1.10)
)))
(/usr/share/texlive/texmf-dist/tex/generic/pgf/modules/pgfmoduleshapes.code.tex
File: pgfmoduleshapes.code.tex 2023-01-15 v3.1.10 (3.1.10)
\pgfnodeparttextbox=\box57
) (/usr/share/texlive/texmf-dist/tex/generic/pgf/modules/pgfmoduleplot.code.tex
File: pgfmoduleplot.code.tex 2023-01-15 v3.1.10 (3.1.10)
)
(/usr/share/texlive/texmf-dist/tex/latex/pgf/compatibility/pgfcomp-version-0-65
.sty
Package: pgfcomp-version-0-65 2023-01-15 v3.1.10 (3.1.10)
\pgf@nodesepstart=\dimen190
\pgf@nodesepend=\dimen191
)
(/usr/share/texlive/texmf-dist/tex/latex/pgf/compatibility/pgfcomp-version-1-18
.sty
Package: pgfcomp-version-1-18 2023-01-15 v3.1.10 (3.1.10)
)) (/usr/share/texlive/texmf-dist/tex/latex/pgf/utilities/pgffor.sty
(/usr/share/texlive/texmf-dist/tex/latex/pgf/utilities/pgfkeys.sty
(/usr/share/texlive/texmf-dist/tex/generic/pgf/utilities/pgfkeys.code.tex))
(/usr/share/texlive/texmf-dist/tex/latex/pgf/math/pgfmath.sty
(/usr/share/texlive/texmf-dist/tex/generic/pgf/math/pgfmath.code.tex))
(/usr/share/texlive/texmf-dist/tex/generic/pgf/utilities/pgffor.code.tex
Package: pgffor 2023-01-15 v3.1.10 (3.1.10)
\pgffor@iter=\dimen192
\pgffor@skip=\dimen193
\pgffor@stack=\toks31
\pgffor@toks=\toks32
))
(/usr/share/texlive/texmf-dist/tex/generic/pgf/frontendlayer/tikz/tikz.code.tex
Package: tikz 2023-01-15 v3.1.10 (3.1.10)

(/usr/share/texlive/texmf-dist/tex/generic/pgf/libraries/pgflibraryplothandlers
.code.tex
File: pgflibraryplothandlers.code.tex 2023-01-15 v3.1.10 (3.1.10)
\pgf@plot@mark@count=\count282
\pgfplotmarksize=\dimen194
)
\tikz@lastx=\dimen195
\tikz@lasty=\dimen196
\tikz@lastxsaved=\dimen197
\tikz@lastysaved=\dimen198
\tikz@lastmovetox=\dimen199
\tikz@lastmovetoy=\dimen256
\tikzleveldistance=\dimen257
\tikzsiblingdistance=\dimen258
\tikz@figbox=\box58
\tikz@figbox@bg=\box59
\tikz@tempbox=\box60
\tikz@tempbox@bg=\box61
\tikztreelevel=\count283
\tikznumberofchildren=\count284
\tikznumberofcurrentchild=\count285
\tikz@fig@count=\count286

(/usr/share/texlive/texmf-dist/tex/generic/pgf/modules/pgfmodulematrix.code.tex
File: pgfmodulematrix.code.tex 2023-01-15 v3.1.10 (3.1.10)
\pgfmatrixcurrentrow=\count287
\pgfmatrixcurrentcolumn=\count288
\pgf@matrix@numberofcolumns=\count289
)
\tikz@expandcount=\count290

(/usr/share/texlive/texmf-dist/tex/generic/pgf/frontendlayer/tikz/libraries/tik
zlibrarytopaths.code.tex
File: tikzlibrarytopaths.code.tex 2023-01-15 v3.1.10 (3.1.10)
)))
(/usr/share/texlive/texmf-dist/tex/generic/chemfig/chemfig.tex
(/usr/share/texlive/texmf-dist/tex/generic/simplekv/simplekv.tex
Package: simplekv 2023/10/02 v0.2c Simple keyval package (CT)
)
(/usr/share/texlive/texmf-dist/tex/generic/pgf/libraries/pgflibraryarrows.meta.
code.tex
File: pgflibraryarrows.meta.code.tex 2023-01-15 v3.1.10 (3.1.10)
\pgfarrowinset=\dimen259
\pgfarrowlength=\dimen260
\pgfarrowwidth=\dimen261
\pgfarrowlinewidth=\dimen262
)
\CF_cnt_atomgroup=\count291
\CF_cnt_group=\count292
\CF_cnt_atom=\count293
\CF_cnt_cycle=\count294
\CF_cnt_cyclebonds=\count295
\CF_cnt_compound=\count296
\CF_dim=\dimen263
\CF_turnangle=\dimen264
\CF_arrowsize=\dimen265
\CF_zero=\dimen266
\CF_box=\box62
\CF_boxstuff=\box63
\CF_testbox=\box64
\CF_chargebox=\box65
\CF_substtoks=\toks33
)
Package: chemfig 2023/12/28 v1.66 Draw molecule with an easy syntax (CT)
) (/usr/share/texmf/tex/latex/lm/lmodern.sty
Package: lmodern 2015/05/01 v1.6.1 Latin Modern Fonts
LaTeX Font Info:    Overwriting symbol font `operators' in version `normal'
(Font)                  OT1/cmr/m/n --> OT1/lmr/m/n on input line 22.
LaTeX Font Info:    Overwriting symbol font `letters' in version `normal'
(Font)                  OML/cmm/m/it --> OML/lmm/m/it on input line 23.
LaTeX Font Info:    Overwriting symbol font `symbols' in version `normal'
(Font)                  OMS/cmsy/m/n --> OMS/lmsy/m/n on input line 24.
LaTeX Font Info:    Overwriting symbol font `largesymbols' in version `normal'
(Font)                  OMX/cmex/m/n --> OMX/lmex/m/n on input line 25.
LaTeX Font Info:    Overwriting symbol font `operators' in version `bold'
(Font)                  OT1/cmr/bx/n --> OT1/lmr/bx/n on input line 26.
LaTeX Font Info:    Overwriting symbol font `letters' in version `bold'
(Font)                  OML/cmm/b/it --> OML/lmm/b/it on input line 27.
LaTeX Font Info:    Overwriting symbol font `symbols' in version `bold'
(Font)                  OMS/cmsy/b/n --> OMS/lmsy/b/n on input line 28.
LaTeX Font Info:    Overwriting symbol font `largesymbols' in version `bold'
(Font)                  OMX/cmex/m/n --> OMX/lmex/m/n on input line 29.
LaTeX Font Info:    Overwriting math alphabet `\mathbf' in version `normal'
(Font)                  OT1/cmr/bx/n --> OT1/lmr/bx/n on input line 31.
LaTeX Font Info:    Overwriting math alphabet `\mathsf' in version `normal'
(Font)                  OT1/cmss/m/n --> OT1/lmss/m/n on input line 32.
LaTeX Font Info:    Overwriting math alphabet `\mathit' in version `normal'
(Font)                  OT1/cmr/m/it --> OT1/lmr/m/it on input line 33.
LaTeX Font Info:    Overwriting math alphabet `\mathtt' in version `normal'
(Font)                  OT1/cmtt/m/n --> OT1/lmtt/m/n on input line 34.
LaTeX Font Info:    Overwriting math alphabet `\mathbf' in version `bold'
(Font)                  OT1/cmr/bx/n --> OT1/lmr/bx/n on input line 35.
LaTeX Font Info:    Overwriting math alphabet `\mathsf' in version `bold'
(Font)                  OT1/cmss/bx/n --> OT1/lmss/bx/n on input line 36.
LaTeX Font Info:    Overwriting math alphabet `\mathit' in version `bold'
(Font)                  OT1/cmr/bx/it --> OT1/lmr/bx/it on input line 37.
LaTeX Font Info:    Overwriting math alphabet `\mathtt' in version `bold'
(Font)                  OT1/cmtt/m/n --> OT1/lmtt/m/n on input line 38.
)
(/usr/share/texlive/texmf-dist/tex/latex/hyperref/hyperref.sty
Package: hyperref 2024-01-20 v7.01h Hypertext links for LaTeX

(/usr/share/texlive/texmf-dist/tex/generic/iftex/iftex.sty
Package: iftex 2022/02/03 v1.0f TeX engine tests
)
(/usr/share/texlive/texmf-dist/tex/latex/kvsetkeys/kvsetkeys.sty
Package: kvsetkeys 2022-10-05 v1.19 Key value parser (HO)
)
(/usr/share/texlive/texmf-dist/tex/generic/kvdefinekeys/kvdefinekeys.sty
Package: kvdefinekeys 2019-12-19 v1.6 Define keys (HO)
)
(/usr/share/texlive/texmf-dist/tex/generic/pdfescape/pdfescape.sty
Package: pdfescape 2019/12/09 v1.15 Implements pdfTeX's escape features (HO)

(/usr/share/texlive/texmf-dist/tex/generic/ltxcmds/ltxcmds.sty
Package: ltxcmds 2023-12-04 v1.26 LaTeX kernel commands for general use (HO)
)
(/usr/share/texlive/texmf-dist/tex/generic/pdftexcmds/pdftexcmds.sty
Package: pdftexcmds 2020-06-27 v0.33 Utility functions of pdfTeX for LuaTeX (HO
)

(/usr/share/texlive/texmf-dist/tex/generic/infwarerr/infwarerr.sty
Package: infwarerr 2019/12/03 v1.5 Providing info/warning/error messages (HO)
)
Package pdftexcmds Info: \pdf@primitive is available.
Package pdftexcmds Info: \pdf@ifprimitive is available.
Package pdftexcmds Info: \pdfdraftmode found.
))
(/usr/share/texlive/texmf-dist/tex/latex/hycolor/hycolor.sty
Package: hycolor 2020-01-27 v1.10 Color options for hyperref/bookmark (HO)
)
(/usr/share/texlive/texmf-dist/tex/latex/auxhook/auxhook.sty
Package: auxhook 2019-12-17 v1.6 Hooks for auxiliary files (HO)
)
(/usr/share/texlive/texmf-dist/tex/latex/hyperref/nameref.sty
Package: nameref 2023-11-26 v2.56 Cross-referencing by name of section

(/usr/share/texlive/texmf-dist/tex/latex/refcount/refcount.sty
Package: refcount 2019/12/15 v3.6 Data extraction from label references (HO)
)
(/usr/share/texlive/texmf-dist/tex/generic/gettitlestring/gettitlestring.sty
Package: gettitlestring 2019/12/15 v1.6 Cleanup title references (HO)

(/usr/share/texlive/texmf-dist/tex/latex/kvoptions/kvoptions.sty
Package: kvoptions 2022-06-15 v3.15 Key value format for package options (HO)
))
\c@section@level=\count297
)
(/usr/share/texlive/texmf-dist/tex/latex/etoolbox/etoolbox.sty
Package: etoolbox 2020/10/05 v2.5k e-TeX tools for LaTeX (JAW)
\etb@tempcnta=\count298
)
\@linkdim=\dimen267
\Hy@linkcounter=\count299
\Hy@pagecounter=\count300

(/usr/share/texlive/texmf-dist/tex/latex/hyperref/pd1enc.def
File: pd1enc.def 2024-01-20 v7.01h Hyperref: PDFDocEncoding definition (HO)
Now handling font encoding PD1 ...
... no UTF-8 mapping file for font encoding PD1
)
(/usr/share/texlive/texmf-dist/tex/generic/intcalc/intcalc.sty
Package: intcalc 2019/12/15 v1.3 Expandable calculations with integers (HO)
)
\Hy@SavedSpaceFactor=\count301

(/usr/share/texlive/texmf-dist/tex/latex/hyperref/puenc.def
File: puenc.def 2024-01-20 v7.01h Hyperref: PDF Unicode definition (HO)
Now handling font encoding PU ...
... no UTF-8 mapping file for font encoding PU
)
Package hyperref Info: Hyper figures OFF on input line 4179.
Package hyperref Info: Link nesting OFF on input line 4184.
Package hyperref Info: Hyper index ON on input line 4187.
Package hyperref Info: Plain pages OFF on input line 4194.
Package hyperref Info: Backreferencing OFF on input line 4199.
Package hyperref Info: Implicit mode ON; LaTeX internals redefined.
Package hyperref Info: Bookmarks ON on input line 4446.
\c@Hy@tempcnt=\count302

(/usr/share/texlive/texmf-dist/tex/latex/url/url.sty
\Urlmuskip=\muskip16
Package: url 2013/09/16  ver 3.4  Verb mode for urls, etc.
)
LaTeX Info: Redefining \url on input line 4784.
\XeTeXLinkMargin=\dimen268

(/usr/share/texlive/texmf-dist/tex/generic/bitset/bitset.sty
Package: bitset 2019/12/09 v1.3 Handle bit-vector datatype (HO)

(/usr/share/texlive/texmf-dist/tex/generic/bigintcalc/bigintcalc.sty
Package: bigintcalc 2019/12/15 v1.5 Expandable calculations on big integers (HO
)
))
\Fld@menulength=\count303
\Field@Width=\dimen269
\Fld@charsize=\dimen270
Package hyperref Info: Hyper figures OFF on input line 6063.
Package hyperref Info: Link nesting OFF on input line 6068.
Package hyperref Info: Hyper index ON on input line 6071.
Package hyperref Info: backreferencing OFF on input line 6078.
Package hyperref Info: Link coloring OFF on input line 6083.
Package hyperref Info: Link coloring with OCG OFF on input line 6088.
Package hyperref Info: PDF/A mode OFF on input line 6093.

(/usr/share/texlive/texmf-dist/tex/latex/base/atbegshi-ltx.sty
Package: atbegshi-ltx 2021/01/10 v1.0c Emulation of the original atbegshi
package with kernel methods
)
\Hy@abspage=\count304
\c@Item=\count305
\c@Hfootnote=\count306
)
Package hyperref Info: Driver (autodetected): hpdftex.

(/usr/share/texlive/texmf-dist/tex/latex/hyperref/hpdftex.def
File: hpdftex.def 2024-01-20 v7.01h Hyperref driver for pdfTeX

(/usr/share/texlive/texmf-dist/tex/latex/base/atveryend-ltx.sty
Package: atveryend-ltx 2020/08/19 v1.0a Emulation of the original atveryend pac
kage
with kernel methods
)
\Fld@listcount=\count307
\c@bookmark@seq@number=\count308

(/usr/share/texlive/texmf-dist/tex/latex/rerunfilecheck/rerunfilecheck.sty
Package: rerunfilecheck 2022-07-10 v1.10 Rerun checks for auxiliary files (HO)

(/usr/share/texlive/texmf-dist/tex/generic/uniquecounter/uniquecounter.sty
Package: uniquecounter 2019/12/15 v1.4 Provide unlimited unique counter (HO)
)
Package uniquecounter Info: New unique counter `rerunfilecheck' on input line 2
85.
)
\Hy@SectionHShift=\skip50
)
(/usr/share/texlive/texmf-dist/tex/latex/fancybox/fancybox.sty
Package: fancybox 2010/05/15 1.4

Style option: `fancybox' v1.4 <2010/05/15> (tvz)
\@fancybox=\box66
\shadowsize=\dimen271
\@Sbox=\box67
\do@VerbBox=\toks34
\the@fancyput=\toks35
\this@fancyput=\toks36
\EndVerbatimTokens=\toks37
\Verbatim@Outfile=\write4
\Verbatim@Infile=\read4
) (/usr/share/texlive/texmf-dist/tex/latex/fancyhdr/fancyhdr.sty
Package: fancyhdr 2022/11/09 v4.1 Extensive control of page headers and footers

\f@nch@headwidth=\skip51
\f@nch@O@elh=\skip52
\f@nch@O@erh=\skip53
\f@nch@O@olh=\skip54
\f@nch@O@orh=\skip55
\f@nch@O@elf=\skip56
\f@nch@O@erf=\skip57
\f@nch@O@olf=\skip58
\f@nch@O@orf=\skip59
)
(/usr/share/texlive/texmf-dist/tex/latex/tools/verbatim.sty
Package: verbatim 2023-11-06 v1.5v LaTeX2e package for verbatim enhancements
\every@verbatim=\toks38
\verbatim@line=\toks39
\verbatim@in@stream=\read5
)
(/usr/share/texlive/texmf-dist/tex/latex/geometry/geometry.sty
Package: geometry 2020/01/02 v5.9 Page Geometry

(/usr/share/texlive/texmf-dist/tex/generic/iftex/ifvtex.sty
Package: ifvtex 2019/10/25 v1.7 ifvtex legacy package. Use iftex instead.
)
\Gm@cnth=\count309
\Gm@cntv=\count310
\c@Gm@tempcnt=\count311
\Gm@bindingoffset=\dimen272
\Gm@wd@mp=\dimen273
\Gm@odd@mp=\dimen274
\Gm@even@mp=\dimen275
\Gm@layoutwidth=\dimen276
\Gm@layoutheight=\dimen277
\Gm@layouthoffset=\dimen278
\Gm@layoutvoffset=\dimen279
\Gm@dimlist=\toks40
)
(/usr/share/texlive/texmf-dist/tex/latex/adjustbox/adjustbox.sty
Package: adjustbox 2022/10/17 v1.3a Adjusting TeX boxes (trim, clip, ...)

(/usr/share/texlive/texmf-dist/tex/latex/xkeyval/xkeyval.sty
Package: xkeyval 2022/06/16 v2.9 package option processing (HA)

(/usr/share/texlive/texmf-dist/tex/generic/xkeyval/xkeyval.tex
(/usr/share/texlive/texmf-dist/tex/generic/xkeyval/xkvutils.tex
\XKV@toks=\toks41
\XKV@tempa@toks=\toks42
)
\XKV@depth=\count312
File: xkeyval.tex 2014/12/03 v2.7a key=value parser (HA)
))
(/usr/share/texlive/texmf-dist/tex/latex/adjustbox/adjcalc.sty
Package: adjcalc 2012/05/16 v1.1 Provides advanced setlength with multiple back
-ends (calc, etex, pgfmath)
)
(/usr/share/texlive/texmf-dist/tex/latex/adjustbox/trimclip.sty
Package: trimclip 2020/08/19 v1.2 Trim and clip general TeX material

(/usr/share/texlive/texmf-dist/tex/latex/collectbox/collectbox.sty
Package: collectbox 2022/10/17 v0.4c Collect macro arguments as boxes
\collectedbox=\box68
)
\tc@llx=\dimen280
\tc@lly=\dimen281
\tc@urx=\dimen282
\tc@ury=\dimen283
Package trimclip Info: Using driver 'tc-pdftex.def'.

(/usr/share/texlive/texmf-dist/tex/latex/adjustbox/tc-pdftex.def
File: tc-pdftex.def 2019/01/04 v2.2 Clipping driver for pdftex
))
\adjbox@Width=\dimen284
\adjbox@Height=\dimen285
\adjbox@Depth=\dimen286
\adjbox@Totalheight=\dimen287
\adjbox@pwidth=\dimen288
\adjbox@pheight=\dimen289
\adjbox@pdepth=\dimen290
\adjbox@ptotalheight=\dimen291

(/usr/share/texlive/texmf-dist/tex/latex/ifoddpage/ifoddpage.sty
Package: ifoddpage 2022/10/18 v1.2 Conditionals for odd/even page detection
\c@checkoddpage=\count313
)
(/usr/share/texlive/texmf-dist/tex/latex/varwidth/varwidth.sty
Package: varwidth 2009/03/30 ver 0.92;  Variable-width minipages
\@vwid@box=\box69
\sift@deathcycles=\count314
\@vwid@loff=\dimen292
\@vwid@roff=\dimen293
))
(/usr/share/texlive/texmf-dist/tex/latex/tools/calc.sty
Package: calc 2023/07/08 v4.3 Infix arithmetic (KKT,FJ)
\calc@Acount=\count315
\calc@Bcount=\count316
\calc@Adimen=\dimen294
\calc@Bdimen=\dimen295
\calc@Askip=\skip60
\calc@Bskip=\skip61
LaTeX Info: Redefining \setlength on input line 80.
LaTeX Info: Redefining \addtolength on input line 81.
\calc@Ccount=\count317
\calc@Cskip=\skip62
)
(/usr/share/texlive/texmf-dist/tex/latex/base/ifthen.sty
Package: ifthen 2022/04/13 v1.1d Standard LaTeX ifthen package (DPC)
)
(/usr/share/texlive/texmf-dist/tex/generic/pgf/frontendlayer/tikz/libraries/tik
zlibraryarrows.code.tex
File: tikzlibraryarrows.code.tex 2023-01-15 v3.1.10 (3.1.10)

(/usr/share/texlive/texmf-dist/tex/generic/pgf/libraries/pgflibraryarrows.code.
tex
File: pgflibraryarrows.code.tex 2023-01-15 v3.1.10 (3.1.10)
\arrowsize=\dimen296
)) (/usr/share/texlive/texmf-dist/tex/latex/tikzorbital/tikzorbital.sty
Package: tikzorbital 2012/12/05 draw atomic orbitals and molecular diagrams wit
h tikz

(/usr/share/texlive/texmf-dist/tex/generic/pgf/frontendlayer/tikz/libraries/tik
zlibraryshapes.code.tex
File: tikzlibraryshapes.code.tex 2023-01-15 v3.1.10 (3.1.10)

(/usr/share/texlive/texmf-dist/tex/generic/pgf/frontendlayer/tikz/libraries/tik
zlibraryshapes.geometric.code.tex
File: tikzlibraryshapes.geometric.code.tex 2023-01-15 v3.1.10 (3.1.10)

(/usr/share/texlive/texmf-dist/tex/generic/pgf/libraries/shapes/pgflibraryshape
s.geometric.code.tex
File: pgflibraryshapes.geometric.code.tex 2023-01-15 v3.1.10 (3.1.10)
))
(/usr/share/texlive/texmf-dist/tex/generic/pgf/frontendlayer/tikz/libraries/tik
zlibraryshapes.misc.code.tex
File: tikzlibraryshapes.misc.code.tex 2023-01-15 v3.1.10 (3.1.10)

(/usr/share/texlive/texmf-dist/tex/generic/pgf/libraries/shapes/pgflibraryshape
s.misc.code.tex
File: pgflibraryshapes.misc.code.tex 2023-01-15 v3.1.10 (3.1.10)
))
(/usr/share/texlive/texmf-dist/tex/generic/pgf/frontendlayer/tikz/libraries/tik
zlibraryshapes.symbols.code.tex
File: tikzlibraryshapes.symbols.code.tex 2023-01-15 v3.1.10 (3.1.10)

(/usr/share/texlive/texmf-dist/tex/generic/pgf/libraries/shapes/pgflibraryshape
s.symbols.code.tex
File: pgflibraryshapes.symbols.code.tex 2023-01-15 v3.1.10 (3.1.10)
))
(/usr/share/texlive/texmf-dist/tex/generic/pgf/frontendlayer/tikz/libraries/tik
zlibraryshapes.arrows.code.tex
File: tikzlibraryshapes.arrows.code.tex 2023-01-15 v3.1.10 (3.1.10)

(/usr/share/texlive/texmf-dist/tex/generic/pgf/libraries/shapes/pgflibraryshape
s.arrows.code.tex
File: pgflibraryshapes.arrows.code.tex 2023-01-15 v3.1.10 (3.1.10)
))
(/usr/share/texlive/texmf-dist/tex/generic/pgf/frontendlayer/tikz/libraries/tik
zlibraryshapes.callouts.code.tex
(/usr/share/texlive/texmf-dist/tex/generic/pgf/libraries/shapes/pgflibraryshape
s.callouts.code.tex))
(/usr/share/texlive/texmf-dist/tex/generic/pgf/frontendlayer/tikz/libraries/tik
zlibraryshapes.multipart.code.tex
File: tikzlibraryshapes.multipart.code.tex 2023-01-15 v3.1.10 (3.1.10)

(/usr/share/texlive/texmf-dist/tex/generic/pgf/libraries/shapes/pgflibraryshape
s.multipart.code.tex
File: pgflibraryshapes.multipart.code.tex 2023-01-15 v3.1.10 (3.1.10)
\pgfnodepartlowerbox=\box70
\pgfnodeparttwobox=\box71
\pgfnodepartthreebox=\box72
\pgfnodepartfourbox=\box73
\pgfnodeparttwentybox=\box74
\pgfnodepartnineteenbox=\box75
\pgfnodeparteighteenbox=\box76
\pgfnodepartseventeenbox=\box77
\pgfnodepartsixteenbox=\box78
\pgfnodepartfifteenbox=\box79
\pgfnodepartfourteenbox=\box80
\pgfnodepartthirteenbox=\box81
\pgfnodeparttwelvebox=\box82
\pgfnodepartelevenbox=\box83
\pgfnodeparttenbox=\box84
\pgfnodepartninebox=\box85
\pgfnodeparteightbox=\box86
\pgfnodepartsevenbox=\box87
\pgfnodepartsixbox=\box88
\pgfnodepartfivebox=\box89
)))
\pgf@layerbox@background=\box90
\pgf@layerboxsaved@background=\box91
\pgf@layerbox@foreground=\box92
\pgf@layerboxsaved@foreground=\box93
)
(/usr/share/texlive/texmf-dist/tex/latex/braket/braket.sty)
(/usr/share/texlive/texmf-dist/tex/latex/caption/caption.sty
Package: caption 2023/08/05 v3.6o Customizing captions (AR)

(/usr/share/texlive/texmf-dist/tex/latex/caption/caption3.sty
Package: caption3 2023/07/31 v2.4d caption3 kernel (AR)
\caption@tempdima=\dimen297
\captionmargin=\dimen298
\caption@leftmargin=\dimen299
\caption@rightmargin=\dimen300
\caption@width=\dimen301
\caption@indent=\dimen302
\caption@parindent=\dimen303
\caption@hangindent=\dimen304
Package caption Info: Standard document class detected.
Package caption Info: french babel package is loaded.
)
\c@caption@flags=\count318
\c@continuedfloat=\count319
Package caption Info: hyperref package is loaded.
)
(/usr/share/texlive/texmf-dist/tex/latex/amsmath/amsmath.sty
Package: amsmath 2023/05/13 v2.17o AMS math features
\@mathmargin=\skip63

For additional information on amsmath, use the `?' option.
(/usr/share/texlive/texmf-dist/tex/latex/amsmath/amstext.sty
Package: amstext 2021/08/26 v2.01 AMS text

(/usr/share/texlive/texmf-dist/tex/latex/amsmath/amsgen.sty
File: amsgen.sty 1999/11/30 v2.0 generic functions
\@emptytoks=\toks43
\ex@=\dimen305
))
(/usr/share/texlive/texmf-dist/tex/latex/amsmath/amsbsy.sty
Package: amsbsy 1999/11/29 v1.2d Bold Symbols
\pmbraise@=\dimen306
)
(/usr/share/texlive/texmf-dist/tex/latex/amsmath/amsopn.sty
Package: amsopn 2022/04/08 v2.04 operator names
)
\inf@bad=\count320
LaTeX Info: Redefining \frac on input line 234.
\uproot@=\count321
\leftroot@=\count322
LaTeX Info: Redefining \overline on input line 399.
LaTeX Info: Redefining \colon on input line 410.
\classnum@=\count323
\DOTSCASE@=\count324
LaTeX Info: Redefining \ldots on input line 496.
LaTeX Info: Redefining \dots on input line 499.
LaTeX Info: Redefining \cdots on input line 620.
\Mathstrutbox@=\box94
\strutbox@=\box95
LaTeX Info: Redefining \big on input line 722.
LaTeX Info: Redefining \Big on input line 723.
LaTeX Info: Redefining \bigg on input line 724.
LaTeX Info: Redefining \Bigg on input line 725.
\big@size=\dimen307
LaTeX Font Info:    Redeclaring font encoding OML on input line 743.
LaTeX Font Info:    Redeclaring font encoding OMS on input line 744.
\macc@depth=\count325
LaTeX Info: Redefining \bmod on input line 905.
LaTeX Info: Redefining \pmod on input line 910.
LaTeX Info: Redefining \smash on input line 940.
LaTeX Info: Redefining \relbar on input line 970.
LaTeX Info: Redefining \Relbar on input line 971.
\c@MaxMatrixCols=\count326
\dotsspace@=\muskip17
\c@parentequation=\count327
\dspbrk@lvl=\count328
\tag@help=\toks44
\row@=\count329
\column@=\count330
\maxfields@=\count331
\andhelp@=\toks45
\eqnshift@=\dimen308
\alignsep@=\dimen309
\tagshift@=\dimen310
\tagwidth@=\dimen311
\totwidth@=\dimen312
\lineht@=\dimen313
\@envbody=\toks46
\multlinegap=\skip64
\multlinetaggap=\skip65
\mathdisplay@stack=\toks47
LaTeX Info: Redefining \[ on input line 2953.
LaTeX Info: Redefining \] on input line 2954.
)
(/usr/share/texlive/texmf-dist/tex/latex/amsfonts/amsfonts.sty
Package: amsfonts 2013/01/14 v3.01 Basic AMSFonts support
\symAMSa=\mathgroup4
\symAMSb=\mathgroup5
LaTeX Font Info:    Redeclaring math symbol \hbar on input line 98.
LaTeX Font Info:    Overwriting math alphabet `\mathfrak' in version `bold'
(Font)                  U/euf/m/n --> U/euf/b/n on input line 106.
)
(/usr/share/texlive/texmf-dist/tex/latex/amsfonts/amssymb.sty
Package: amssymb 2013/01/14 v3.01 AMS font symbols
)
(/usr/share/texlive/texmf-dist/tex/latex/jknapltx/mathrsfs.sty
Package: mathrsfs 1996/01/01 Math RSFS package v1.0 (jk)
\symrsfs=\mathgroup6
)
(/usr/share/texlive/texmf-dist/tex/latex/enumitem/enumitem.sty
Package: enumitem 2019/06/20 v3.9 Customized lists
\labelindent=\skip66
\enit@outerparindent=\dimen314
\enit@toks=\toks48
\enit@inbox=\box96
\enit@count@id=\count332
\enitdp@description=\count333
)
(/usr/share/texlive/texmf-dist/tex/latex/mhchem/mhchem.sty
Package: mhchem 2024/01/29 v4.10 for typesetting chemical formulae

(/usr/share/texlive/texmf-dist/tex/latex/l3kernel/expl3.sty
Package: expl3 2024-01-22 L3 programming layer (loader) 

(/usr/share/texlive/texmf-dist/tex/latex/l3backend/l3backend-pdftex.def
File: l3backend-pdftex.def 2024-01-04 L3 backend support: PDF output (pdfTeX)
\l__color_backend_stack_int=\count334
\l__pdf_internal_box=\box97
))
(/usr/share/texlive/texmf-dist/tex/latex/l3packages/l3keys2e/l3keys2e.sty
Package: l3keys2e 2023-10-10 LaTeX2e option processing using LaTeX3 keys
)
(/usr/share/texlive/texmf-dist/tex/latex/chemgreek/chemgreek.sty
(/usr/share/texlive/texmf-dist/tex/latex/l3packages/xparse/xparse.sty
Package: xparse 2023-10-10 L3 Experimental document command parser
)
Package: chemgreek 2020/01/16 v1.1a interface for upright Greek letters for use
 in chemistry (CN)
\l__chemgreek_tmpa_int=\count335
\g__chemgreek_tmpa_int=\count336
)
\l__mhchem_ce_distanceFromLastComma_int=\count337
\__mhchem_arrow_extPgfLength_skip=\skip67
\mhchem@minispace@tmp=\skip68
\mhchem@minibackspace@tmp=\skip69
\mhchem@bondwidth=\skip70
\mhchem@bondheight=\skip71
\mhchem@smallbondwidth@tmpA=\skip72
\mhchem@smallbondwidth@tmpB=\skip73
\mhchem@smallbondwidth=\skip74
\mhchem@bondtmp@minussidebearingleft=\skip75
\mhchem@bondtmp@minussidebearingright=\skip76
\l__mhchem_option_version_int=\count338
\mhchem@option@minusmathsidebearingleft=\dimen315
\mhchem@option@minusmathsidebearingright=\dimen316
\mhchem@option@minustextsidebearingleft=\dimen317
\mhchem@option@minustextsidebearingright=\dimen318
)
(/usr/share/texlive/texmf-dist/tex/latex/siunitx/siunitx.sty
Package: siunitx 2024-01-25 v3.3.10 A comprehensive (SI) units package
\l__siunitx_number_uncert_offset_int=\count339
\l__siunitx_number_exponent_fixed_int=\count340
\l__siunitx_number_min_decimal_int=\count341
\l__siunitx_number_min_integer_int=\count342
\l__siunitx_number_round_precision_int=\count343
\l__siunitx_number_lower_threshold_int=\count344
\l__siunitx_number_upper_threshold_int=\count345
\l__siunitx_number_group_first_int=\count346
\l__siunitx_number_group_size_int=\count347
\l__siunitx_number_group_minimum_int=\count348
\l__siunitx_angle_tmp_dim=\dimen319
\l__siunitx_angle_marker_box=\box98
\l__siunitx_angle_unit_box=\box99
\l__siunitx_compound_count_int=\count349

(/usr/share/texlive/texmf-dist/tex/latex/translations/translations.sty
Package: translations 2022/02/05 v1.12 internationalization of LaTeX2e packages
 (CN)
)
\l__siunitx_table_tmp_box=\box100
\l__siunitx_table_tmp_dim=\dimen320
\l__siunitx_table_column_width_dim=\dimen321
\l__siunitx_table_integer_box=\box101
\l__siunitx_table_decimal_box=\box102
\l__siunitx_table_uncert_box=\box103
\l__siunitx_table_before_box=\box104
\l__siunitx_table_after_box=\box105
\l__siunitx_table_before_dim=\dimen322
\l__siunitx_table_carry_dim=\dimen323
\l__siunitx_unit_tmp_int=\count350
\l__siunitx_unit_position_int=\count351
\l__siunitx_unit_total_int=\count352


Package siunitx Warning: Option "load-configurations" has been removed in this
(siunitx)                release.

(/usr/share/texlive/texmf-dist/tex/latex/tools/array.sty
Package: array 2023/10/16 v2.5g Tabular extension package (FMi)
\col@sep=\dimen324
\ar@mcellbox=\box106
\extrarowheight=\dimen325
\NC@list=\toks49
\extratabsurround=\skip77
\backup@length=\skip78
\ar@cellbox=\box107
))
(/usr/share/texlive/texmf-dist/tex/latex/tcolorbox/tcolorbox.sty
Package: tcolorbox 2024/01/10 version 6.2.0 text color boxes

(/usr/share/texlive/texmf-dist/tex/latex/environ/environ.sty
Package: environ 2014/05/04 v0.3 A new way to define environments

(/usr/share/texlive/texmf-dist/tex/latex/trimspaces/trimspaces.sty
Package: trimspaces 2009/09/17 v1.1 Trim spaces around a token list
))
\tcb@titlebox=\box108
\tcb@upperbox=\box109
\tcb@lowerbox=\box110
\tcb@phantombox=\box111
\c@tcbbreakpart=\count353
\c@tcblayer=\count354
\c@tcolorbox@number=\count355
\l__tcobox_tmpa_box=\box112
\l__tcobox_tmpa_dim=\dimen326
\tcb@temp=\box113
\tcb@temp=\box114
\tcb@temp=\box115
\tcb@temp=\box116

(/usr/share/texlive/texmf-dist/tex/latex/tcolorbox/tcbraster.code.tex
Library (tcolorbox): 'tcbraster.code.tex' version '6.2.0'
\c@tcbrastercolumn=\count356
\c@tcbrasterrow=\count357
\c@tcbrasternum=\count358
\c@tcbraster=\count359
) (/usr/share/texlive/texmf-dist/tex/latex/tcolorbox/tcbskins.code.tex
Library (tcolorbox): 'tcbskins.code.tex' version '6.2.0'
(/usr/share/texlive/texmf-dist/tex/latex/tikzfill/tikzfill.image.sty
Package: tikzfill.image 2023/08/08 v1.0.1 Image filling library for TikZ

(/usr/share/texlive/texmf-dist/tex/latex/tikzfill/tikzfill-common.sty
Package: tikzfill-common 2023/08/08 v1.0.1 Auxiliary code for tikzfill
)
(/usr/share/texlive/texmf-dist/tex/latex/tikzfill/tikzlibraryfill.image.code.te
x
File: tikzlibraryfill.image.code.tex 2023/08/08 v1.0.1 Image filling library
\l__tikzfill_img_box=\box117
)) (/usr/share/texlive/texmf-dist/tex/latex/tcolorbox/tcbskinsjigsaw.code.tex
Library (tcolorbox): 'tcbskinsjigsaw.code.tex' version '6.2.0'
)) (/usr/share/texlive/texmf-dist/tex/latex/tcolorbox/tcbbreakable.code.tex
Library (tcolorbox): 'tcbbreakable.code.tex' version '6.2.0'
(/usr/share/texlive/texmf-dist/tex/latex/pdfcol/pdfcol.sty
Package: pdfcol 2022-09-21 v1.7 Handle new color stacks for pdfTeX (HO)
)
Package pdfcol Info: New color stack `tcb@breakable' = 1 on input line 23.
\tcb@testbox=\box118
\tcb@totalupperbox=\box119
\tcb@totallowerbox=\box120
)
(/usr/share/texlive/texmf-dist/tex/latex/tcolorbox/tcbhooks.code.tex
Library (tcolorbox): 'tcbhooks.code.tex' version '6.2.0'
) (/usr/share/texlive/texmf-dist/tex/latex/tcolorbox/tcbtheorems.code.tex
Library (tcolorbox): 'tcbtheorems.code.tex' version '6.2.0'
) (/usr/share/texlive/texmf-dist/tex/latex/tcolorbox/tcbfitting.code.tex
Library (tcolorbox): 'tcbfitting.code.tex' version '6.2.0'
\tcbfitdim=\dimen327
\tcb@lowerfitdim=\dimen328
\tcb@upperfitdim=\dimen329
\tcb@cur@hbadness=\count360
)) (/usr/share/texlive/texmf-dist/tex/latex/amscls/amsthm.sty
Package: amsthm 2020/05/29 v2.20.6
\thm@style=\toks50
\thm@bodyfont=\toks51
\thm@headfont=\toks52
\thm@notefont=\toks53
\thm@headpunct=\toks54
\thm@preskip=\skip79
\thm@postskip=\skip80
\thm@headsep=\skip81
\dth@everypar=\toks55
)
(/usr/share/texlive/texmf-dist/tex/latex/doclicense/doclicense.sty
Package: doclicense 2023/10/01 v3.3.0 Support for putting documents under a lic
ense

(/usr/share/texlive/texmf-dist/tex/latex/xifthen/xifthen.sty
Package: xifthen 2015/11/05 v1.4.0 Extended ifthen features

(/usr/share/texlive/texmf-dist/tex/latex/ifmtarg/ifmtarg.sty
Package: ifmtarg 2018/04/16 v1.2b check for an empty argument
))
(/usr/share/texlive/texmf-dist/tex/generic/xstring/xstring.sty
(/usr/share/texlive/texmf-dist/tex/generic/xstring/xstring.tex
\xs_counta=\count361
\xs_countb=\count362
)
Package: xstring 2023/08/22 v1.86 String manipulations (CT)
)
(/usr/share/texlive/texmf-dist/tex/latex/tools/xspace.sty
Package: xspace 2014/10/28 v1.13 Space after command names (DPC,MH)
)
(/usr/share/texlive/texmf-dist/tex/latex/hyperxmp/hyperxmp.sty
Package: hyperxmp 2023/09/10 v5.12 Store hyperref metadata in XMP format
\hyxmp@aep@toks=\toks56

(/usr/share/texlive/texmf-dist/tex/generic/stringenc/stringenc.sty
Package: stringenc 2019/11/29 v1.12 Convert strings between diff. encodings (HO
)
)
\@hyxmp@count=\count363

(/usr/share/texlive/texmf-dist/tex/latex/oberdiek/ifdraft.sty
Package: ifdraft 2016/05/16 v1.4 Detect class options draft and final (HO)
)
(/usr/share/texlive/texmf-dist/tex/generic/iftex/ifluatex.sty
Package: ifluatex 2019/10/25 v1.5 ifluatex legacy package. Use iftex instead.
))
\doclicense@hsize=\skip82

(/usr/share/texlive/texmf-dist/tex/latex/doclicense/doclicense-french.ldf
File: doclicense-french.ldf 
))
(/usr/share/texlive/texmf-dist/tex/latex/wrapfig/wrapfig.sty
\wrapoverhang=\dimen330
\WF@size=\dimen331
\c@WF@wrappedlines=\count364
\WF@box=\box121
\WF@everypar=\toks57
Package: wrapfig 2003/01/31  v 3.6
)
(/usr/share/texlive/texmf-dist/tex/latex/fontawesome/fontawesome.sty
Package: fontawesome 2016/05/15 v4.6.3.1 font awesome icons

(/usr/share/texlive/texmf-dist/tex/generic/iftex/ifxetex.sty
Package: ifxetex 2019/10/25 v0.7 ifxetex legacy package. Use iftex instead.
)
(/usr/share/texlive/texmf-dist/tex/latex/fontawesome/fontawesomesymbols-generic
.tex)
(/usr/share/texlive/texmf-dist/tex/latex/fontawesome/fontawesomesymbols-pdftex.
tex)) (/usr/share/texlive/texmf-dist/tex/latex/multirow/multirow.sty
Package: multirow 2021/03/15 v2.8 Span multiple rows of a table
\multirow@colwidth=\skip83
\multirow@cntb=\count365
\multirow@dima=\skip84
\bigstrutjot=\dimen332
)
(/usr/share/texlive/texmf-dist/tex/latex/booktabs/booktabs.sty
Package: booktabs 2020/01/12 v1.61803398 Publication quality tables
\heavyrulewidth=\dimen333
\lightrulewidth=\dimen334
\cmidrulewidth=\dimen335
\belowrulesep=\dimen336
\belowbottomsep=\dimen337
\aboverulesep=\dimen338
\abovetopsep=\dimen339
\cmidrulesep=\dimen340
\cmidrulekern=\dimen341
\defaultaddspace=\dimen342
\@cmidla=\count366
\@cmidlb=\count367
\@aboverulesep=\dimen343
\@belowrulesep=\dimen344
\@thisruleclass=\count368
\@lastruleclass=\count369
\@thisrulewidth=\dimen345
)
(/usr/share/texlive/texmf-dist/tex/latex/background/background.sty
Package: background 2014/03/04 v2.1 background material

(/usr/share/texlive/texmf-dist/tex/latex/everypage/everypage.sty
Package: everypage 2020/10/17 R2.0b Hooks to run on every page


Package everypage Warning: Functionality similar to this package has recently
(everypage)                been implemented in LaTeX. This package is now in
(everypage)                legacy status.
(everypage)                Please, don't use it in new documents and packages.


Package everypage Warning: You appear to be running a version of LaTeX
(everypage)                providing the new functionality.
(everypage)                Doing the best to deliver the original `everypage`
(everypage)                interface on top of it. Strict equivalence is
(everypage)                not possible, breakage may occur.
(everypage)                If truly needed, Use `everypage-1x` to force the
(everypage)                loading of an older code base.

) (/usr/share/texlive/texmf-dist/tex/latex/tools/afterpage.sty
Package: afterpage 2023/07/04 v1.08 After-Page Package (DPC)
\AP@output=\toks58
\AP@partial=\box122
\AP@footins=\box123
))
(/usr/share/texlive/texmf-dist/tex/latex/titlesec/titlesec.sty
Package: titlesec 2023/10/27 v2.16 Sectioning titles
\ttl@box=\box124
\beforetitleunit=\skip85
\aftertitleunit=\skip86
\ttl@plus=\dimen346
\ttl@minus=\dimen347
\ttl@toksa=\toks59
\titlewidth=\dimen348
\titlewidthlast=\dimen349
\titlewidthfirst=\dimen350
)
(/usr/share/texlive/texmf-dist/tex/latex/float/float.sty
Package: float 2001/11/08 v1.3d Float enhancements (AL)
\c@float@type=\count370
\float@exts=\toks60
\float@box=\box125
\@float@everytoks=\toks61
\@floatcapt=\box126
)
(/usr/share/texlive/texmf-dist/tex/latex/subfig/subfig.sty
Package: subfig 2005/06/28 ver: 1.3 subfig package
\c@KVtest=\count371
\sf@farskip=\skip87
\sf@captopadj=\dimen351
\sf@capskip=\skip88
\sf@nearskip=\skip89
\c@subfigure=\count372
\c@subfigure@save=\count373
\c@lofdepth=\count374
\c@subtable=\count375
\c@subtable@save=\count376
\c@lotdepth=\count377
\sf@top=\skip90
\sf@bottom=\skip91
)
\c@Q=\count378
Package hyperref Info: Option `colorlinks' set `true' on input line 156.

(/usr/share/texlive/texmf-dist/tex/latex/boxedminipage/boxedminipage.sty
Package: boxedminipage 2020/04/19 v1.1 Boxed LaTeX2e minipages
\bmp@box=\box127
\bmp@width=\skip92
\bmp@height=\skip93
)
\hblanc=\skip94
\hblanccomment=\skip95
\hblancbis=\skip96
)
(/usr/share/texlive/texmf-dist/tex/latex/ccicons/ccicons.sty
Package: ccicons 2017/10/30 v1.6 LaTeX support for Creative Commons icons
)
(/usr/share/texlive/texmf-dist/tex/latex/csquotes/csquotes.sty
Package: csquotes 2022-09-14 v5.2n context-sensitive quotations (JAW)
\csq@reset=\count379
\csq@gtype=\count380
\csq@glevel=\count381
\csq@qlevel=\count382
\csq@maxlvl=\count383
\csq@tshold=\count384
\csq@ltx@everypar=\toks62

(/usr/share/texlive/texmf-dist/tex/latex/csquotes/csquotes.def
File: csquotes.def 2022-09-14 v5.2n csquotes generic definitions (JAW)
)
Package csquotes Info: Trying to load configuration file 'csquotes.cfg'...
Package csquotes Info: ... configuration file loaded successfully.

(/usr/share/texlive/texmf-dist/tex/latex/csquotes/csquotes.cfg
File: csquotes.cfg 
))
LaTeX Font Info:    Trying to load font information for T1+lmr on input line 10
.

(/usr/share/texmf/tex/latex/lm/t1lmr.fd
File: t1lmr.fd 2015/05/01 v1.6.1 Font defs for Latin Modern
) (./main.aux)
\openout1 = `main.aux'.

LaTeX Font Info:    Checking defaults for OML/cmm/m/it on input line 10.
LaTeX Font Info:    ... okay on input line 10.
LaTeX Font Info:    Checking defaults for OMS/cmsy/m/n on input line 10.
LaTeX Font Info:    ... okay on input line 10.
LaTeX Font Info:    Checking defaults for OT1/cmr/m/n on input line 10.
LaTeX Font Info:    ... okay on input line 10.
LaTeX Font Info:    Checking defaults for T1/cmr/m/n on input line 10.
LaTeX Font Info:    ... okay on input line 10.
LaTeX Font Info:    Checking defaults for TS1/cmr/m/n on input line 10.
LaTeX Font Info:    ... okay on input line 10.
LaTeX Font Info:    Checking defaults for OMX/cmex/m/n on input line 10.
LaTeX Font Info:    ... okay on input line 10.
LaTeX Font Info:    Checking defaults for U/cmr/m/n on input line 10.
LaTeX Font Info:    ... okay on input line 10.
LaTeX Font Info:    Checking defaults for PD1/pdf/m/n on input line 10.
LaTeX Font Info:    ... okay on input line 10.
LaTeX Font Info:    Checking defaults for PU/pdf/m/n on input line 10.
LaTeX Font Info:    ... okay on input line 10.
LaTeX Info: Redefining \degres on input line 10.
Package french.ldf Info: Setting StandardItemizeEnv=true for
(french.ldf)             compatibility with enumitem package,
(french.ldf)             reported on input line 10.
Package french.ldf Info: Setting StandardEnumerateEnv=true for
(french.ldf)             compatibility with enumitem package,
(french.ldf)             reported on input line 10.
LaTeX Info: Redefining \up on input line 10.

(/usr/share/texlive/texmf-dist/tex/context/base/mkii/supp-pdf.mkii
[Loading MPS to PDF converter (version 2006.09.02).]
\scratchcounter=\count385
\scratchdimen=\dimen352
\scratchbox=\box128
\nofMPsegments=\count386
\nofMParguments=\count387
\everyMPshowfont=\toks63
\MPscratchCnt=\count388
\MPscratchDim=\dimen353
\MPnumerator=\count389
\makeMPintoPDFobject=\count390
\everyMPtoPDFconversion=\toks64
) (/usr/share/texlive/texmf-dist/tex/latex/epstopdf-pkg/epstopdf-base.sty
Package: epstopdf-base 2020-01-24 v2.11 Base part for package epstopdf
Package epstopdf-base Info: Redefining graphics rule for `.eps' on input line 4
85.

(/usr/share/texlive/texmf-dist/tex/latex/latexconfig/epstopdf-sys.cfg
File: epstopdf-sys.cfg 2010/07/13 v1.3 Configuration of (r)epstopdf for TeX Liv
e
))
Package hyperref Info: Link coloring ON on input line 10.

(./main.out) (./main.out)
\@outlinefile=\write5
\openout5 = `main.out'.


*geometry* driver: auto-detecting
*geometry* detected driver: pdftex
*geometry* verbose mode - [ preamble ] result:
* driver: pdftex
* paper: a4paper
* layout: <same size as paper>
* layoutoffset:(h,v)=(0.0pt,0.0pt)
* modes: 
* h-part:(L,W,R)=(42.67912pt, 512.14963pt, 42.67912pt)
* v-part:(T,H,B)=(42.67912pt, 759.6886pt, 42.67912pt)
* \paperwidth=597.50787pt
* \paperheight=845.04684pt
* \textwidth=455.24408pt
* \textheight=739.77165pt
* \oddsidemargin=0.0pt
* \evensidemargin=-29.59087pt
* \topmargin=-56.9055pt
* \headheight=12.0pt
* \headsep=25.0pt
* \topskip=10.0pt
* \footskip=30.0pt
* \marginparwidth=5.69046pt
* \marginparsep=11.0pt
* \columnsep=10.0pt
* \skip\footins=9.0pt plus 4.0pt minus 2.0pt
* \hoffset=0.0pt
* \voffset=0.0pt
* \mag=1000
* \@twocolumnfalse
* \@twosidefalse
* \@mparswitchfalse
* \@reversemarginfalse
* (1in=72.27pt=25.4mm, 1cm=28.453pt)

Package caption Info: Begin \AtBeginDocument code.
Package caption Info: subfig package v1.3 is loaded.
Package caption Info: float package is loaded.
Package caption Info: wrapfig package is loaded.
Package caption Info: End \AtBeginDocument code.

Package chemgreek Info: Activating mapping `default' on line 10.


(/usr/share/texlive/texmf-dist/tex/latex/translations/translations-basic-dictio
nary-french.trsl
File: translations-basic-dictionary-french.trsl (french translation file `trans
lations-basic-dictionary')
)
Package translations Info: loading dictionary `translations-basic-dictionary' f
or `french'. on input line 10.
LaTeX Font Info:    Trying to load font information for T1+lmss on input line 1
3.
 (/usr/share/texmf/tex/latex/lm/t1lmss.fd
File: t1lmss.fd 2015/05/01 v1.6.1 Font defs for Latin Modern
)
<logo.png, id=155, 737.75626pt x 179.67125pt>
File: logo.png Graphic file (type png)
<use logo.png>
Package pdftex.def Info: logo.png  used on input line 18.
(pdftex.def)             Requested size: 467.33304pt x 113.81102pt.

Overfull \hbox (12.08896pt too wide) in paragraph at lines 18--18
 [] 
 []


LaTeX Font Warning: Font shape `T1/lmss/m/sc' in size <10> not available
(Font)              Font shape `T1/lmr/m/sc' tried instead on input line 20.


LaTeX Font Warning: Font shape `T1/lmss/m/sc' in size <17.28> not available
(Font)              Font shape `T1/lmr/m/sc' tried instead on input line 20.


LaTeX Font Warning: Font shape `T1/lmss/m/sc' in size <14.4> not available
(Font)              Font shape `T1/lmr/m/sc' tried instead on input line 22.


LaTeX Font Warning: Font shape `T1/lmss/m/sc' in size <12> not available
(Font)              Font shape `T1/lmr/m/sc' tried instead on input line 24.

LaTeX Font Info:    Trying to load font information for U+fontawesometwo on inp
ut line 43.
(/usr/share/texlive/texmf-dist/tex/latex/fontawesome/ufontawesometwo.fd
File: ufontawesometwo.fd 2016/05/22 Font definitions for U/fontawesometwo.
)
LaTeX Font Info:    Trying to load font information for U+fontawesomeone on inp
ut line 44.

(/usr/share/texlive/texmf-dist/tex/latex/fontawesome/ufontawesomeone.fd
File: ufontawesomeone.fd 2016/05/22 Font definitions for U/fontawesomeone.
)
LaTeX Font Info:    Trying to load font information for OT1+lmr on input line 4
6.

(/usr/share/texmf/tex/latex/lm/ot1lmr.fd
File: ot1lmr.fd 2015/05/01 v1.6.1 Font defs for Latin Modern
)
LaTeX Font Info:    Trying to load font information for OML+lmm on input line 4
6.

(/usr/share/texmf/tex/latex/lm/omllmm.fd
File: omllmm.fd 2015/05/01 v1.6.1 Font defs for Latin Modern
)
LaTeX Font Info:    Trying to load font information for OMS+lmsy on input line 
46.

(/usr/share/texmf/tex/latex/lm/omslmsy.fd
File: omslmsy.fd 2015/05/01 v1.6.1 Font defs for Latin Modern
)
LaTeX Font Info:    Trying to load font information for OMX+lmex on input line 
46.

(/usr/share/texmf/tex/latex/lm/omxlmex.fd
File: omxlmex.fd 2015/05/01 v1.6.1 Font defs for Latin Modern
)
LaTeX Font Info:    External font `lmex10' loaded for size
(Font)              <10> on input line 46.
LaTeX Font Info:    External font `lmex10' loaded for size
(Font)              <7> on input line 46.
LaTeX Font Info:    External font `lmex10' loaded for size
(Font)              <5> on input line 46.
LaTeX Font Info:    Trying to load font information for U+msa on input line 46.


(/usr/share/texlive/texmf-dist/tex/latex/amsfonts/umsa.fd
File: umsa.fd 2013/01/14 v3.01 AMS symbols A
)
LaTeX Font Info:    Trying to load font information for U+msb on input line 46.


(/usr/share/texlive/texmf-dist/tex/latex/amsfonts/umsb.fd
File: umsb.fd 2013/01/14 v3.01 AMS symbols B
)
LaTeX Font Info:    Trying to load font information for U+rsfs on input line 46
.

(/usr/share/texlive/texmf-dist/tex/latex/jknapltx/ursfs.fd
File: ursfs.fd 1998/03/24 rsfs font definition file (jk)
)
<doclicense-CC-by-nc-sa-eu-88x31.pdf, id=160, 90.3375pt x 31.61812pt>
File: doclicense-CC-by-nc-sa-eu-88x31.pdf Graphic file (type pdf)
<use doclicense-CC-by-nc-sa-eu-88x31.pdf>
Package pdftex.def Info: doclicense-CC-by-nc-sa-eu-88x31.pdf  used on input lin
e 62.
(pdftex.def)             Requested size: 74.375pt x 26.03122pt.
<garde.jpg, id=161, 1207.42pt x 1587.02pt>
File: garde.jpg Graphic file (type jpg)
<use garde.jpg>
Package pdftex.def Info: garde.jpg  used on input line 66.
(pdftex.def)             Requested size: 597.51816pt x 845.0396pt.
 [1

{/var/lib/texmf/fonts/map/pdftex/updmap/pdftex.map}{/usr/share/texmf/fonts/enc/
dvips/lm/lm-ec.enc}{/usr/share/texlive/texmf-dist/fonts/enc/dvips/fontawesome/f
ontawesometwo.enc}{/usr/share/texlive/texmf-dist/fonts/enc/dvips/fontawesome/fo
ntawesomeone.enc} <./garde.jpg> <./logo.png> </usr/share/texlive/texmf-dist/tex
/latex/doclicense/images/doclicense-CC-by-nc-sa-eu-88x31.pdf>] (./main.toc)
\tf@toc=\write6
\openout6 = `main.toc'.

<cc-by-nc-sa.png, id=214, 1284.8pt x 449.68pt>
File: cc-by-nc-sa.png Graphic file (type png)
<use cc-by-nc-sa.png>
Package pdftex.def Info: cc-by-nc-sa.png  used on input line 71.
(pdftex.def)             Requested size: 40.64pt x 14.22636pt.

pdfTeX warning (ext4): destination with the same identifier (name{page.1}) has 
been already used, duplicate ignored
<to be read again> 
                   \relax 
l.71 \newpage
              [1 <./cc-by-nc-sa.png>]
LaTeX Font Info:    Trying to load font information for TS1+lmr on input line 8
2.
 (/usr/share/texmf/tex/latex/lm/ts1lmr.fd
File: ts1lmr.fd 2015/05/01 v1.6.1 Font defs for Latin Modern
)
LaTeX Font Info:    Trying to load font information for T1+lmtt on input line 9
4.
(/usr/share/texmf/tex/latex/lm/t1lmtt.fd
File: t1lmtt.fd 2015/05/01 v1.6.1 Font defs for Latin Modern
)
(/home/jeff/Documents/IUTOrsay/1-Cours/3p06-Cours_Batterie/02-TD/Ex19.tex
Overfull \hbox (100.04718pt too wide) detected at line 22
[]
 []


Overfull \hbox (81.83353pt too wide) in paragraph at lines 22--23
[]$[]$$[]$[] 
 []


Overfull \hbox (47.89436pt too wide) detected at line 38
[]
 []


Overfull \hbox (29.68071pt too wide) in paragraph at lines 38--39
[]$[]$$[]$[] 
 []


Overfull \hbox (53.64044pt too wide) detected at line 54
[]
 []


Overfull \hbox (35.42679pt too wide) in paragraph at lines 54--55
[]$[]$$[]$[] 
 []


Overfull \hbox (57.10657pt too wide) detected at line 70
[]
 []


Overfull \hbox (38.89291pt too wide) in paragraph at lines 70--71
[]$[]$$[]$[] 
 []


Overfull \hbox (16.25214pt too wide) detected at line 86
[]
 []

)
Overfull \hbox (0.2607pt too wide) in paragraph at lines 86--97
[]$[]$$[]$[]  
 []

(/home/jeff/Documents/IUTOrsay/1-Cours/3p06-Cours_Batterie/02-TD/Ex30.tex
File: cc-by-nc-sa.png Graphic file (type png)
<use cc-by-nc-sa.png>
Package pdftex.def Info: cc-by-nc-sa.png  used on input line 1.
(pdftex.def)             Requested size: 40.64pt x 14.22636pt.

[2{/usr/share/texmf/fonts/enc/dvips/lm/lm-ts1.enc}{/usr/share/texmf/fonts/enc/d
vips/lm/lm-mathsy.enc}{/usr/share/texmf/fonts/enc/dvips/lm/lm-mathit.enc}{/usr/
share/texmf/fonts/enc/dvips/lm/lm-rm.enc}]
pdfTeX warning (ext4): destination with the same identifier (name{Q.1.1}) has b
een already used, duplicate ignored
<to be read again> 
                   \relax 
l.14 \Q $
         \ominus$ : \ce{C_6}/\ce{LiC6}, $\oplus$ \ce{CoO2} / \ce{LiCoO2}, é...

Overfull \hbox (2.7972pt too wide) detected at line 28
[]
 []


pdfTeX warning (ext4): destination with the same identifier (name{Q.1.2}) has b
een already used, duplicate ignored
<to be read again> 
                   \relax 
l.32 \Q $
         \ominus$ \ce{Li^+}/\ce{Li} , $\oplus$ \ce{Li_{15}Si_4}/\ce{Si}
pdfTeX warning (ext4): destination with the same identifier (name{Q.1.3}) has b
een already used, duplicate ignored
<to be read again> 
                   \relax 
l.48 \Q $
         \ominus$ \ce{Li^+}/\ce{Li} , $\oplus$ \ce{Li_{15}Sn_5}/\ce{Sn}
pdfTeX warning (ext4): destination with the same identifier (name{Q.1.4}) has b
een already used, duplicate ignored
<to be read again> 
                   \relax 
l.64 \Q $
         \ominus$ \ce{Li^+}/\ce{Li} , $\oplus$ \ce{CoS}/\ce{Co}
Overfull \hbox (50.63344pt too wide) detected at line 94
[]
 []

)
File: cc-by-nc-sa.png Graphic file (type png)
<use cc-by-nc-sa.png>
Package pdftex.def Info: cc-by-nc-sa.png  used on input line 110.
(pdftex.def)             Requested size: 40.64pt x 14.22636pt.
 [3
pdfTeX warning (ext4): destination with the same identifier (name{Q.1.5}) has b
een already used, duplicate ignored
<argument> ...shipout:D \box_use:N \l_shipout_box 
                                                  \__shipout_drop_firstpage_...
l.110 }
       ]
(/home/jeff/Documents/IUTOrsay/1-Cours/3p06-Cours_Batterie/02-TD/Ex20.tex
pdfTeX warning (ext4): destination with the same identifier (name{Q.1.1}) has b
een already used, duplicate ignored
<to be read again> 
                   \relax 
l.9 \Q F
        aire un schéma de cette pile.
pdfTeX warning (ext4): destination with the same identifier (name{Q.1.2}) has b
een already used, duplicate ignored
<to be read again> 
                   \relax 
l.15 \Q D
         éterminer la polarité de la pile, les équations des réactions s...

Overfull \hbox (28.29001pt too wide) detected at line 37
[]
 []


pdfTeX warning (ext4): destination with the same identifier (name{Q.1.3}) has b
een already used, duplicate ignored
<to be read again> 
                   \relax 
l.39 \Q E
         n réalisant une hypothèse à justifier, en déduire la f.e.m. de ...
File: cc-by-nc-sa.png Graphic file (type png)
<use cc-by-nc-sa.png>
Package pdftex.def Info: cc-by-nc-sa.png  used on input line 55.
(pdftex.def)             Requested size: 40.64pt x 14.22636pt.
[4{/usr/share/texmf/fonts/enc/dvips/lm/lm-mathex.enc}]
pdfTeX warning (ext4): destination with the same identifier (name{Q.1.4}) has b
een already used, duplicate ignored
<to be read again> 
                   \relax 
l.57 \Q C
         ommenter l'appellation \og pile de concentration \fg{} pour cette p...

pdfTeX warning (ext4): destination with the same identifier (name{Q.1.5}) has b
een already used, duplicate ignored
<to be read again> 
                   \relax 
l.61 \Q D
         éterminer les concentrations finales dans chaque bécher lorsque l...
) (/home/jeff/Documents/IUTOrsay/1-Cours/3p06-Cours_Batterie/02-TD/Ex21.tex
pdfTeX warning (ext4): destination with the same identifier (name{Q.1.1}) has b
een already used, duplicate ignored
<to be read again> 
                   \relax 
l.9 \Q F
        aire un schéma de cette pile.
pdfTeX warning (ext4): destination with the same identifier (name{Q.1.2}) has b
een already used, duplicate ignored
<to be read again> 
                   \relax 
l.14 \Q D
         éterminer la polarité de la pile, les équations des réactions s...
File: cc-by-nc-sa.png Graphic file (type png)
<use cc-by-nc-sa.png>
Package pdftex.def Info: cc-by-nc-sa.png  used on input line 14.
(pdftex.def)             Requested size: 40.64pt x 14.22636pt.
[5]
Overfull \hbox (49.91257pt too wide) detected at line 38
[]
 []


pdfTeX warning (ext4): destination with the same identifier (name{Q.1.3}) has b
een already used, duplicate ignored
<to be read again> 
                   \relax 
l.41 \Q C
         alculer la f.e.m. de cette pile à \SI{298}{\kelvin}.
pdfTeX warning (ext4): destination with the same identifier (name{Q.1.4}) has b
een already used, duplicate ignored
<to be read again> 
                   \relax 
l.51 \Q C
         ommenter l'appellation \og pile galvanique \fg{} pour cette pile.)
File: cc-by-nc-sa.png Graphic file (type png)
<use cc-by-nc-sa.png>
Package pdftex.def Info: cc-by-nc-sa.png  used on input line 130.
(pdftex.def)             Requested size: 40.64pt x 14.22636pt.

[6]
Overfull \hbox (38.17365pt too wide) in paragraph at lines 135--136
\T1/lmr/m/n/10 Ils doivent �tre en ca-pa-cit� d'in-ter-pr�-ter les don-n�es fou
r-nies par les construc-teurs sur cer-taines piles/accumulateurs
 []

(/home/jeff/Documents/IUTOrsay/1-Cours/3p06-Cours_Batterie/02-TD/Ex11.tex
LaTeX Font Info:    External font `lmex10' loaded for size
(Font)              <12> on input line 1.
LaTeX Font Info:    External font `lmex10' loaded for size
(Font)              <8> on input line 1.
LaTeX Font Info:    External font `lmex10' loaded for size
(Font)              <6> on input line 1.


Package hyperref Warning: Token not allowed in a PDF string (Unicode):
(hyperref)                removing `\mhchem@cee' on input line 1.


pdfTeX warning (ext4): destination with the same identifier (name{Q.1.1}) has b
een already used, duplicate ignored
<to be read again> 
                   \relax 
l.9 \Q \label{Q:11-01} D
                        éfinir un ampère-heure [\si{\ampere\hour}] et éta...

pdfTeX warning (ext4): destination with the same identifier (name{Q.1.2}) has b
een already used, duplicate ignored
<to be read again> 
                   \relax 
l.15 \Q \label{Q:11-02} O
                         n va considérer une réaction rédox modèle de la...

pdfTeX warning (ext4): destination with the same identifier (name{Q.1.3}) has b
een already used, duplicate ignored
<to be read again> 
                   \relax 
l.53 \Q D
         ans le cas des matériaux lithiés suivants, donner la demi-équati...

Overfull \hbox (26.16908pt too wide) in paragraph at lines 56--66
 [] 
 []

File: cc-by-nc-sa.png Graphic file (type png)
<use cc-by-nc-sa.png>
Package pdftex.def Info: cc-by-nc-sa.png  used on input line 66.
(pdftex.def)             Requested size: 40.64pt x 14.22636pt.
[7]
Overfull \hbox (37.89159pt too wide) in paragraph at lines 92--92
 [] 
 []

) (/home/jeff/Documents/IUTOrsay/1-Cours/3p06-Cours_Batterie/02-TD/Ex23.tex

Package caption Warning: The option `hypcap=true' will be ignored for this
(caption)                particular \caption on input line 21.
See the caption package documentation for explanation.


pdfTeX warning (ext4): destination with the same identifier (name{Q.1.1}) has b
een already used, duplicate ignored
<to be read again> 
                   \relax 
l.25 \Q D
         éfinir la densité massique d'énergie et la densité volumique d'...
File: cc-by-nc-sa.png Graphic file (type png)
<use cc-by-nc-sa.png>
Package pdftex.def Info: cc-by-nc-sa.png  used on input line 34.
(pdftex.def)             Requested size: 40.64pt x 14.22636pt.
[8]
pdfTeX warning (ext4): destination with the same identifier (name{Q.1.2}) has b
een already used, duplicate ignored
<to be read again> 
                   \relax 
l.36 \Q D
         éterminer la capacité spécifique massique et volumique moyenne d...

pdfTeX warning (ext4): destination with the same identifier (name{Q.1.3}) has b
een already used, duplicate ignored
<to be read again> 
                   \relax 
l.54 \Q C
         ommenter les valeurs de la Tab.\ref{tab:battery_time}. Quel est l'i...

pdfTeX warning (ext4): destination with the same identifier (name{Q.1.4}) has b
een already used, duplicate ignored
<to be read again> 
                   \relax 
l.66 \Q R
         appeler ce qu'est la qualité de l'énergie stockée et expliquer l...

pdfTeX warning (ext4): destination with the same identifier (name{Q.1.5}) has b
een already used, duplicate ignored
<to be read again> 
                   \relax 
l.78 \Q M
         ettre en relation ces données avec la place de l'élément Li au s...
) (/home/jeff/Documents/IUTOrsay/1-Cours/3p06-Cours_Batterie/02-TD/Ex24.tex
Overfull \hbox (9.43741pt too wide) in paragraph at lines 11--25
[][] 
 []

<Ex24/Fig04.png, id=283, 155.58125pt x 166.6225pt>
File: Ex24/Fig04.png Graphic file (type png)
<use Ex24/Fig04.png>
Package pdftex.def Info: Ex24/Fig04.png  used on input line 27.
(pdftex.def)             Requested size: 101.9746pt x 109.21098pt.

Package caption Warning: The option `hypcap=true' will be ignored for this
(caption)                particular \caption on input line 29.
See the caption package documentation for explanation.

File: cc-by-nc-sa.png Graphic file (type png)
<use cc-by-nc-sa.png>
Package pdftex.def Info: cc-by-nc-sa.png  used on input line 29.
(pdftex.def)             Requested size: 40.64pt x 14.22636pt.
[9]
<Ex24/Fig02.png, id=289, 807.015pt x 477.785pt>
File: Ex24/Fig02.png Graphic file (type png)
<use Ex24/Fig02.png>
Package pdftex.def Info: Ex24/Fig02.png  used on input line 45.
(pdftex.def)             Requested size: 218.51521pt x 129.3682pt.


Package caption Warning: The option `hypcap=true' will be ignored for this
(caption)                particular \caption on input line 47.
See the caption package documentation for explanation.


pdfTeX warning (ext4): destination with the same identifier (name{Q.1.1}) has b
een already used, duplicate ignored
<to be read again> 
                   \relax 
l.50 \Q R
         eprésenter schématiquement l'état de charge de la batterie lorsq...

pdfTeX warning (ext4): destination with the same identifier (name{Q.1.2}) has b
een already used, duplicate ignored
<to be read again> 
                   \relax 
l.64 \Q C
         omment évolue la quantité maximale de charge stockable dans la ba...
LaTeX Font Info:    Trying to load font information for U+fontawesomethree on i
nput line 88.
(/usr/share/texlive/texmf-dist/tex/latex/fontawesome/ufontawesomethree.fd
File: ufontawesomethree.fd 2016/05/22 Font definitions for U/fontawesomethree.
)
File: cc-by-nc-sa.png Graphic file (type png)
<use cc-by-nc-sa.png>
Package pdftex.def Info: cc-by-nc-sa.png  used on input line 88.
(pdftex.def)             Requested size: 40.64pt x 14.22636pt.

[10{/usr/share/texlive/texmf-dist/fonts/enc/dvips/fontawesome/fontawesomethree.
enc} <./Ex24/Fig04.png> <./Ex24/Fig02.png>]
pdfTeX warning (ext4): destination with the same identifier (name{Q.1.3}) has b
een already used, duplicate ignored
<to be read again> 
                   \relax 
l.91 \Q L
         ors de la charge et de la décharge, il a été observé que la ten...

pdfTeX warning (ext4): destination with the same identifier (name{Q.1.4}) has b
een already used, duplicate ignored
<to be read again> 
                   \relax 
l.96 \Q \`{A}
              partir de quel état de charge $SoC$, la tension de décharge ...

Overfull \hbox (27.86974pt too wide) in paragraph at lines 104--105
[] []\T1/lmr/bx/n/10 �vo-lu-tion de l'�tat de sant� de l'ac-cu-mu-la-teur en fo
nc-tion du nombre de cycles de charge/d�charge[]
 []


Overfull \hbox (15.11754pt too wide) in paragraph at lines 104--105
\T1/lmr/m/n/10 Dans les m�mes condi-tions que pr�-c�-dem-ment, l'ac-cu-mu-la-te
ur a �t� sou-mis � 10000 cycles de charge/d�charge. 
 []

<Ex24/Fig01.png, id=299, 826.08624pt x 472.76625pt>
File: Ex24/Fig01.png Graphic file (type png)
<use Ex24/Fig01.png>
Package pdftex.def Info: Ex24/Fig01.png  used on input line 107.
(pdftex.def)             Requested size: 218.51521pt x 125.0516pt.

Package caption Warning: The option `hypcap=true' will be ignored for this
(caption)                particular \caption on input line 109.
See the caption package documentation for explanation.


pdfTeX warning (ext4): destination with the same identifier (name{Q.1.5}) has b
een already used, duplicate ignored
<to be read again> 
                   \relax 
l.112 \Q S
          achant qu'un condensateur peut faire des centaines de milliers, vo...

pdfTeX warning (ext4): destination with the same identifier (name{Q.1.6}) has b
een already used, duplicate ignored
<to be read again> 
                   \relax 
l.118 \Q V
          érifier les spécifications $SoH$ du constructeur.
<Ex24/Corr01.png, id=300, 826.0461pt x 472.79034pt>
File: Ex24/Corr01.png Graphic file (type png)
<use Ex24/Corr01.png>
Package pdftex.def Info: Ex24/Corr01.png  used on input line 130.
(pdftex.def)             Requested size: 273.14922pt x 156.33871pt.
File: cc-by-nc-sa.png Graphic file (type png)
<use cc-by-nc-sa.png>
Package pdftex.def Info: cc-by-nc-sa.png  used on input line 130.
(pdftex.def)             Requested size: 40.64pt x 14.22636pt.
 [11 <./Ex24/Fig01.png>])
File: cc-by-nc-sa.png Graphic file (type png)
<use cc-by-nc-sa.png>
Package pdftex.def Info: cc-by-nc-sa.png  used on input line 143.
(pdftex.def)             Requested size: 40.64pt x 14.22636pt.
 [12 <./Ex24/Corr01.png>]
(/home/jeff/Documents/IUTOrsay/1-Cours/3p06-Cours_Batterie/02-TD/Ex05.tex
<Ex05/Fig01.jpg, id=321, 903.375pt x 474.27188pt>
File: Ex05/Fig01.jpg Graphic file (type jpg)
<use Ex05/Fig01.jpg>
Package pdftex.def Info: Ex05/Fig01.jpg  used on input line 8.
(pdftex.def)             Requested size: 162.5867pt x 85.35826pt.
<Ex05/Fig02.png, id=322, 200.75pt x 184.69pt>
File: Ex05/Fig02.png Graphic file (type png)
<use Ex05/Fig02.png>
Package pdftex.def Info: Ex05/Fig02.png  used on input line 10.
(pdftex.def)             Requested size: 92.78108pt x 85.35826pt.
<Ex05/Fig03.png, id=323, 427.5975pt x 469.755pt>
File: Ex05/Fig03.png Graphic file (type png)
<use Ex05/Fig03.png>
Package pdftex.def Info: Ex05/Fig03.png  used on input line 12.
(pdftex.def)             Requested size: 77.69498pt x 85.35826pt.
File: cc-by-nc-sa.png Graphic file (type png)
<use cc-by-nc-sa.png>
Package pdftex.def Info: cc-by-nc-sa.png  used on input line 43.
(pdftex.def)             Requested size: 40.64pt x 14.22636pt.

[13 <./Ex05/Fig01.jpg> <./Ex05/Fig02.png> <./Ex05/Fig03.png>]
<Ex05/Corr01.png, id=344, 401.5pt x 268.00125pt>
File: Ex05/Corr01.png Graphic file (type png)
<use Ex05/Corr01.png>
Package pdftex.def Info: Ex05/Corr01.png  used on input line 77.
(pdftex.def)             Requested size: 182.09485pt x 121.55226pt.
)
(/home/jeff/Documents/IUTOrsay/1-Cours/3p06-Cours_Batterie/02-TD/Ex04.tex
pdfTeX warning (ext4): destination with the same identifier (name{Q.2.1}) has b
een already used, duplicate ignored
<to be read again> 
                   \relax 
l.9 \Q \label
             {Q:04-01} Donner les demi-équations rédox associées à chacu...
File: cc-by-nc-sa.png Graphic file (type png)
<use cc-by-nc-sa.png>
Package pdftex.def Info: cc-by-nc-sa.png  used on input line 9.
(pdftex.def)             Requested size: 40.64pt x 14.22636pt.
[14 <./Ex05/Corr01.png>]
Overfull \hbox (36.9971pt too wide) detected at line 25
[]
 []


pdfTeX warning (ext4): destination with the same identifier (name{Q.2.2}) has b
een already used, duplicate ignored
<to be read again> 
                   \relax 
l.27 \Q R
         appeler la relation entre la force électromotrice $e$ et l'enthalp...

pdfTeX warning (ext4): destination with the same identifier (name{Q.2.3}) has b
een already used, duplicate ignored
<to be read again> 
                   \relax 
l.41 \Q C
         alculer la force électromotrice en condition standard.
pdfTeX warning (ext4): destination with the same identifier (name{Q.2.4}) has b
een already used, duplicate ignored
<to be read again> 
                   \relax 
l.49 \Q \label{Q:04-05} E
                         n vous appuyant sur un cycle thermodynamique, calcu...
<Ex04/Corr02.png, id=354, 969.6225pt x 305.14pt>
File: Ex04/Corr02.png Graphic file (type png)
<use Ex04/Corr02.png>
Package pdftex.def Info: Ex04/Corr02.png  used on input line 65.
(pdftex.def)             Requested size: 364.19664pt x 114.61345pt.
File: cc-by-nc-sa.png Graphic file (type png)
<use cc-by-nc-sa.png>
Package pdftex.def Info: cc-by-nc-sa.png  used on input line 73.
(pdftex.def)             Requested size: 40.64pt x 14.22636pt.
[15 <./Ex04/Corr02.png>]
<Ex04/Corr01.png, id=361, 684.30656pt x 383.18156pt>
File: Ex04/Corr01.png Graphic file (type png)
<use Ex04/Corr01.png>
Package pdftex.def Info: Ex04/Corr01.png  used on input line 136.
(pdftex.def)             Requested size: 227.62204pt x 127.45596pt.
File: cc-by-nc-sa.png Graphic file (type png)
<use cc-by-nc-sa.png>
Package pdftex.def Info: cc-by-nc-sa.png  used on input line 136.
(pdftex.def)             Requested size: 40.64pt x 14.22636pt.
 [16])
(/home/jeff/Documents/IUTOrsay/1-Cours/3p06-Cours_Batterie/02-TD/Ex07.tex
pdfTeX warning (ext4): destination with the same identifier (name{Q.2.1}) has b
een already used, duplicate ignored
<to be read again> 
                   \relax 
l.11 \Q \'{E}
             crire les réactions intervenant à chaque électrode, en préc...

pdfTeX warning (ext4): destination with the same identifier (name{Q.2.2}) has b
een already used, duplicate ignored
<to be read again> 
                   \relax 
l.32 \Q E
         n approximant que les potentiels rédox en milieu organique sont si...
File: cc-by-nc-sa.png Graphic file (type png)
<use cc-by-nc-sa.png>
Package pdftex.def Info: cc-by-nc-sa.png  used on input line 33.
(pdftex.def)             Requested size: 40.64pt x 14.22636pt.
[17 <./Ex04/Corr01.png>]
Overfull \hbox (26.81654pt too wide) detected at line 61
[]
 []


pdfTeX warning (ext4): destination with the same identifier (name{Q.2.3}) has b
een already used, duplicate ignored
<to be read again> 
                   \relax 
l.63 \Q D
         éterminer la quantité de matière de \ce{Li} disponible, ainsi qu...

pdfTeX warning (ext4): destination with the same identifier (name{Q.2.4}) has b
een already used, duplicate ignored
<to be read again> 
                   \relax 
l.83 \Q E
         xprimer la capacité spécifique massique $C_m$. Positionner la cap...

pdfTeX warning (ext4): destination with the same identifier (name{Q.2.5}) has b
een already used, duplicate ignored
<to be read again> 
                   \relax 
l.93 \Q C
         alculer l’autonomie, en année, de la pile. Quand est-elle usée ?
File: cc-by-nc-sa.png Graphic file (type png)
<use cc-by-nc-sa.png>
Package pdftex.def Info: cc-by-nc-sa.png  used on input line 100.
(pdftex.def)             Requested size: 40.64pt x 14.22636pt.

[18]) (/home/jeff/Documents/IUTOrsay/1-Cours/3p06-Cours_Batterie/02-TD/Ex09.tex
<Ex09/Fig02.png, id=383, 1222.5675pt x 143.53625pt>
File: Ex09/Fig02.png Graphic file (type png)
<use Ex09/Fig02.png>
Package pdftex.def Info: Ex09/Fig02.png  used on input line 13.
(pdftex.def)             Requested size: 364.19664pt x 42.75676pt.

Package caption Warning: The option `hypcap=true' will be ignored for this
(caption)                particular \caption on input line 14.
See the caption package documentation for explanation.


pdfTeX warning (ext4): destination with the same identifier (name{Q.2.1}) has b
een already used, duplicate ignored
<to be read again> 
                   \relax 
l.25 \Q O
         ù se situe-t-il dans la classification périodique des éléments ...

pdfTeX warning (ext4): destination with the same identifier (name{Q.2.2}) has b
een already used, duplicate ignored
<to be read again> 
                   \relax 
l.30 \Q L
         'ion lithium le plus stable est \ce{Li^+} ; justifier.
Overfull \hbox (14.29176pt too wide) in paragraph at lines 30--32
[][]\T1/lmr/bx/n/10 Q. 2. []\T1/lmr/m/n/10 L'ion li-thium le plus stable est $[
][][]$ ; jus-ti-fier. []La confi-gu-ra-tion �lec-tro-nique du $[][][]$ est : $[
]\OT1/lmr/m/n/10 [[][]] =  [][[][]]2\OML/lmm/m/it/10 s[]$\T1/lmr/m/n/10 .
 []

File: cc-by-nc-sa.png Graphic file (type png)
<use cc-by-nc-sa.png>
Package pdftex.def Info: cc-by-nc-sa.png  used on input line 36.
(pdftex.def)             Requested size: 40.64pt x 14.22636pt.
[19 <./Ex09/Fig02.png>]
pdfTeX warning (ext4): destination with the same identifier (name{Q.2.3}) has b
een already used, duplicate ignored
<to be read again> 
                   \relax 
l.37 \Q É
          crire la demi-équation rédox de réduction des ions lithium, pui...

Overfull \hbox (11.04335pt too wide) detected at line 49
[]
 []


pdfTeX warning (ext4): destination with the same identifier (name{Q.2.4}) has b
een already used, duplicate ignored
<to be read again> 
                   \relax 
l.53 \Q E
         n déduire la demi-équation rédox qui a lieu à l'électrode nég...

pdfTeX warning (ext4): destination with the same identifier (name{Q.2.5}) has b
een already used, duplicate ignored
<to be read again> 
                   \relax 
l.67 \Q D
         e la même manière que pour l'électrode négative, écrire la dem...

Overfull \hbox (23.82133pt too wide) detected at line 78
[]
 []


pdfTeX warning (ext4): destination with the same identifier (name{Q.2.6}) has b
een already used, duplicate ignored
<to be read again> 
                   \relax 
l.80 \Q \label{Q:09-06} F
                         inalement, écrire l'équation rédox traduisant le...

pdfTeX warning (ext4): destination with the same identifier (name{Q.2.7}) has b
een already used, duplicate ignored
<to be read again> 
                   \relax 
l.97 \Q D
         éterminer la charge électrique maximale $Q_{max}$ , en Coulomb pa...
File: cc-by-nc-sa.png Graphic file (type png)
<use cc-by-nc-sa.png>
Package pdftex.def Info: cc-by-nc-sa.png  used on input line 116.
(pdftex.def)             Requested size: 40.64pt x 14.22636pt.
[20]
pdfTeX warning (ext4): destination with the same identifier (name{Q.2.8}) has b
een already used, duplicate ignored
<to be read again> 
                   \relax 
l.118 \Q E
          n vous aidant des données, déterminer la masse d'ions lithium da...

pdfTeX warning (ext4): destination with the same identifier (name{Q.2.9}) has b
een already used, duplicate ignored
<to be read again> 
                   \relax 
l.127 \Q Q
          uel problème écologique cela peut-il soulever ?
pdfTeX warning (ext4): destination with the same identifier (name{Q.2.10}) has 
been already used, duplicate ignored
<to be read again> 
                   \relax 
l.137 \Q D
          éterminer, en \si{\watt\hour}, l'énergie de la batterie d'un té...
File: cc-by-nc-sa.png Graphic file (type png)
<use cc-by-nc-sa.png>
Package pdftex.def Info: cc-by-nc-sa.png  used on input line 182.
(pdftex.def)             Requested size: 40.64pt x 14.22636pt.
[21]
<Ex09/Fig01.png, id=407, 803.0pt x 602.25pt>
File: Ex09/Fig01.png Graphic file (type png)
<use Ex09/Fig01.png>
Package pdftex.def Info: Ex09/Fig01.png  used on input line 185.
(pdftex.def)             Requested size: 284.52756pt x 213.4005pt.


Package caption Warning: The option `hypcap=true' will be ignored for this
(caption)                particular \caption on input line 186.
See the caption package documentation for explanation.

File: cc-by-nc-sa.png Graphic file (type png)
<use cc-by-nc-sa.png>
Package pdftex.def Info: cc-by-nc-sa.png  used on input line 247.
(pdftex.def)             Requested size: 40.64pt x 14.22636pt.
[22 <./Ex09/Fig01.png>])
(/home/jeff/Documents/IUTOrsay/1-Cours/3p06-Cours_Batterie/02-TD/Ex22.tex
<Ex22/7-BatteryLithium.png, id=416, 806.96683pt x 497.79576pt>
File: Ex22/7-BatteryLithium.png Graphic file (type png)
<use Ex22/7-BatteryLithium.png>
Package pdftex.def Info: Ex22/7-BatteryLithium.png  used on input line 13.
(pdftex.def)             Requested size: 170.71652pt x 105.30736pt.


Package caption Warning: The option `hypcap=true' will be ignored for this
(caption)                particular \caption on input line 16.
See the caption package documentation for explanation.


pdfTeX warning (ext4): destination with the same identifier (name{Q.2.1}) has b
een already used, duplicate ignored
<to be read again> 
                   \relax 
l.20 \Q E
         n vous appuyant sur la représentation du graphite Fig. \ref{fig:22...
<Ex22/11-graphene.png, id=418, 487.8225pt x 412.54124pt>
File: Ex22/11-graphene.png Graphic file (type png)
<use Ex22/11-graphene.png>
Package pdftex.def Info: Ex22/11-graphene.png  used on input line 24.
(pdftex.def)             Requested size: 134.5796pt x 113.81102pt.

Package caption Warning: The option `hypcap=true' will be ignored for this
(caption)                particular \caption on input line 28.
See the caption package documentation for explanation.


pdfTeX warning (ext4): destination with the same identifier (name{Q.2.2}) has b
een already used, duplicate ignored
<to be read again> 
                   \relax 
l.32 \Q \`{A}
              l'état totalement chargé, la structure du composé est \ce{L...

pdfTeX warning (ext4): destination with the same identifier (name{Q.2.3}) has b
een already used, duplicate ignored
<to be read again> 
                   \relax 
l.41 \Q M
         ontrer que l'élément cobalt change de degré d'oxydation au cours...

pdfTeX warning (ext4): destination with the same identifier (name{Q.2.4}) has b
een already used, duplicate ignored
<to be read again> 
                   \relax 
l.51 \Q D
         onner la demi-équation électronique associée au couple considér...
File: cc-by-nc-sa.png Graphic file (type png)
<use cc-by-nc-sa.png>
Package pdftex.def Info: cc-by-nc-sa.png  used on input line 59.
(pdftex.def)             Requested size: 40.64pt x 14.22636pt.
[23 <./Ex22/7-BatteryLithium.png> <./Ex22/11-graphene.png>]
pdfTeX warning (ext4): destination with the same identifier (name{Q.2.5}) has b
een already used, duplicate ignored
<to be read again> 
                   \relax 
l.60 \Q R
         eproduire et orienter le schéma de la Fig. \ref{fig:22-01} dans le...
<Ex22/Corr01.png, id=429, 898.35625pt x 444.66125pt>
File: Ex22/Corr01.png Graphic file (type png)
<use Ex22/Corr01.png>
Package pdftex.def Info: Ex22/Corr01.png  used on input line 73.
(pdftex.def)             Requested size: 218.51521pt x 108.15929pt.
<Ex22/Corr02.png, id=430, 891.33pt x 448.67625pt>
File: Ex22/Corr02.png Graphic file (type png)
<use Ex22/Corr02.png>
Package pdftex.def Info: Ex22/Corr02.png  used on input line 73.
(pdftex.def)             Requested size: 218.51521pt x 109.99168pt.

pdfTeX warning (ext4): destination with the same identifier (name{Q.2.6}) has b
een already used, duplicate ignored
<to be read again> 
                   \relax 
l.75 \Q D
         éterminer l'expression de la capacité de la batterie (en \si{\amp...

pdfTeX warning (ext4): destination with the same identifier (name{Q.2.7}) has b
een already used, duplicate ignored
<to be read again> 
                   \relax 
l.97 \Q C
         alculer l'énergie massique maximale de la batterie considérée (\...

pdfTeX warning (ext4): destination with the same identifier (name{Q.2.8}) has b
een already used, duplicate ignored
<to be read again> 
                   \relax 
l.105 \Q C
          alculer l'énergie emmagasinée par la batterie lors de sa charge ...
File: cc-by-nc-sa.png Graphic file (type png)
<use cc-by-nc-sa.png>
Package pdftex.def Info: cc-by-nc-sa.png  used on input line 129.
(pdftex.def)             Requested size: 40.64pt x 14.22636pt.
[24 <./Ex22/Corr01.png> <./Ex22/Corr02.png>]
pdfTeX warning (ext4): destination with the same identifier (name{Q.2.9}) has b
een already used, duplicate ignored
<to be read again> 
                   \relax 
l.147 \Q C
          alculer l'état de santé de cette batterie après 100 cycles de c...

pdfTeX warning (ext4): destination with the same identifier (name{Q.2.10}) has 
been already used, duplicate ignored
<to be read again> 
                   \relax 
l.154 \Q E
          stimer la perte de surface spécifique pour la batterie étudiée ...
File: cc-by-nc-sa.png Graphic file (type png)
<use cc-by-nc-sa.png>
Package pdftex.def Info: cc-by-nc-sa.png  used on input line 176.
(pdftex.def)             Requested size: 40.64pt x 14.22636pt.
[25]

Package caption Warning: The option `hypcap=true' will be ignored for this
(caption)                particular \caption on input line 186.
See the caption package documentation for explanation.

<Ex22/10-SoC.png, id=444, 618.31pt x 429.605pt>
File: Ex22/10-SoC.png Graphic file (type png)
<use Ex22/10-SoC.png>
Package pdftex.def Info: Ex22/10-SoC.png  used on input line 198.
(pdftex.def)             Requested size: 170.71652pt x 118.61043pt.

Package caption Warning: The option `hypcap=true' will be ignored for this
(caption)                particular \caption on input line 201.
See the caption package documentation for explanation.

) (/home/jeff/Documents/IUTOrsay/1-Cours/3p06-Cours_Batterie/02-TD/Ex32.tex
pdfTeX warning (ext4): destination with the same identifier (name{Q.2.1}) has b
een already used, duplicate ignored
<to be read again> 
                   \relax 
l.9 \Q D
        éterminer la différentielle totale exacte de $\mu^\star (T, P)$.
pdfTeX warning (ext4): destination with the same identifier (name{Q.2.2}) has b
een already used, duplicate ignored
<to be read again> 
                   \relax 
l.24 \Q T
         racer l'allure du potentiel chimique $\mu^\star (T, P^\circ) = \mu^...
File: cc-by-nc-sa.png Graphic file (type png)
<use cc-by-nc-sa.png>
Package pdftex.def Info: cc-by-nc-sa.png  used on input line 61.
(pdftex.def)             Requested size: 40.64pt x 14.22636pt.
[26 <./Ex22/10-SoC.png>]
</home/jeff/Documents/IUTOrsay/1-Cours/4p13-Alliages/Cours-TD/Exos/CP/Trans-CP-
Ex05/figures/Fig01.png, id=455, 632.3625pt x 482.80376pt>
File: /home/jeff/Documents/IUTOrsay/1-Cours/4p13-Alliages/Cours-TD/Exos/CP/Tran
s-CP-Ex05/figures/Fig01.png Graphic file (type png)
<use /home/jeff/Documents/IUTOrsay/1-Cours/4p13-Alliages/Cours-TD/Exos/CP/Trans
-CP-Ex05/figures/Fig01.png>
Package pdftex.def Info: /home/jeff/Documents/IUTOrsay/1-Cours/4p13-Alliages/Co
urs-TD/Exos/CP/Trans-CP-Ex05/figures/Fig01.png  used on input line 61.
(pdftex.def)             Requested size: 218.51521pt x 166.83269pt.


Package caption Warning: The option `hypcap=true' will be ignored for this
(caption)                particular \caption on input line 61.
See the caption package documentation for explanation.


pdfTeX warning (ext4): destination with the same identifier (name{Q.2.3}) has b
een already used, duplicate ignored
<to be read again> 
                   \relax 
l.63 \Q E
         n travaillant à une température fixée à \SI{298}{\kelvin}, donn...
Runaway argument?
{ On cherche à comprendre le comportement en pression du potentiel c\ETC.
! Paragraph ended before \solution was complete.
<to be read again> 
                   \par 
l.93 
     
I suspect you've forgotten a `}', causing me to apply this
control sequence to too much text. How can we recover?
My plan is to forget the whole thing and hope for the best.


Package siunitx Warning: Unit macro \bar has been deprecated in this release.
(siunitx)                
(siunitx)                The BIPM have removed this unit from the SI Brochure.
(siunitx)                You should define it yourself using \DeclareSIUnit in
(siunitx)                your source. The current definition is
(siunitx)                
(siunitx)                \DeclareSIUnit\bar{bar}

File: cc-by-nc-sa.png Graphic file (type png)
<use cc-by-nc-sa.png>
Package pdftex.def Info: cc-by-nc-sa.png  used on input line 108.
(pdftex.def)             Requested size: 40.64pt x 14.22636pt.
[27 </home/jeff/Documents/IUTOrsay/1-Cours/4p13-Alliages/Cours-TD/Exos/CP/Trans
-CP-Ex05/figures/Fig01.png>])
(/home/jeff/Documents/IUTOrsay/1-Cours/3p06-Cours_Batterie/02-TD/Ex31.tex
pdfTeX warning (ext4): destination with the same identifier (name{Q.2.1}) has b
een already used, duplicate ignored
<to be read again> 
                   \relax 
l.10 \Q C
         alculer les volumes molaires $V^\star_{m,i}$ (supposé indépendant...

pdfTeX warning (ext4): destination with the same identifier (name{Q.2.2}) has b
een already used, duplicate ignored
<to be read again> 
                   \relax 
l.18 \Q E
         xprimer le potentiel chimique d'un corps pur condensé $\mu^\star (...

pdfTeX warning (ext4): destination with the same identifier (name{Q.2.3}) has b
een already used, duplicate ignored
<to be read again> 
                   \relax 
l.30 \Q \'{E}
             crire l'équation de réaction associée à la transition de ph...

pdfTeX warning (ext4): destination with the same identifier (name{Q.2.4}) has b
een already used, duplicate ignored
<to be read again> 
                   \relax 
l.39 \Q S
         ous quelle pression faut-il opérer à \SI{298}{\kelvin} pour prép...
File: cc-by-nc-sa.png Graphic file (type png)
<use cc-by-nc-sa.png>
Package pdftex.def Info: cc-by-nc-sa.png  used on input line 54.
(pdftex.def)             Requested size: 40.64pt x 14.22636pt.
[28]) (/home/jeff/Documents/IUTOrsay/1-Cours/3p06-Cours_Batterie/02-TD/Ex33.tex

pdfTeX warning (ext4): destination with the same identifier (name{Q.2.1}) has b
een already used, duplicate ignored
<to be read again> 
                   \relax 
l.17 \Q\label{Q:01} \'{E}
                         crire l'équation de réaction associée à la fusi...

pdfTeX warning (ext4): destination with the same identifier (name{Q.2.2}) has b
een already used, duplicate ignored
<to be read again> 
                   \relax 
l.26 \Q\label{Q:02} E
                     xprimer la condition d'équilibre chimique sur l'enthal...

pdfTeX warning (ext4): destination with the same identifier (name{Q.2.3}) has b
een already used, duplicate ignored
<to be read again> 
                   \relax 
l.40 \Q\label{Q:03} E
                     n vous appuyant sur la Q.\ref{Q:02}, démontrer la rela...

pdfTeX warning (ext4): destination with the same identifier (name{equation.2.1}
) has been already used, duplicate ignored
<to be read again> 
                   \relax 
l.43 \end{align}
                
File: cc-by-nc-sa.png Graphic file (type png)
<use cc-by-nc-sa.png>
Package pdftex.def Info: cc-by-nc-sa.png  used on input line 58.
(pdftex.def)             Requested size: 40.64pt x 14.22636pt.
 [29]
pdfTeX warning (ext4): destination with the same identifier (name{Q.2.4}) has b
een already used, duplicate ignored
<to be read again> 
                   \relax 
l.60 \Q\label{Q:04} O
                     n va supposer que la quantité de sel \ce{NaCl} est inf...

pdfTeX warning (ext4): destination with the same identifier (name{Q.2.5}) has b
een already used, duplicate ignored
<to be read again> 
                   \relax 
l.79 \Q\label{Q:05} J
                     ustifier que l'abaissement cryoscopique est une propri�...
<Ex33/Fig01.pdf, id=485, 867.24pt x 578.16pt>
File: Ex33/Fig01.pdf Graphic file (type pdf)
<use Ex33/Fig01.pdf>
Package pdftex.def Info: Ex33/Fig01.pdf  used on input line 108.
(pdftex.def)             Requested size: 264.04239pt x 176.02536pt.

Package caption Warning: The option `hypcap=true' will be ignored for this
(caption)                particular \caption on input line 110.
See the caption package documentation for explanation.

File: cc-by-nc-sa.png Graphic file (type png)
<use cc-by-nc-sa.png>
Package pdftex.def Info: cc-by-nc-sa.png  used on input line 114.
(pdftex.def)             Requested size: 40.64pt x 14.22636pt.
[30]
pdfTeX warning (ext4): destination with the same identifier (name{Q.2.6}) has b
een already used, duplicate ignored
<to be read again> 
                   \relax 
l.116 \Q D
          ans la Fig. \ref{fig:33-01}, que remarque-t-on de l'Eq. \ref{eq:Xc...

pdfTeX warning (ext4): destination with the same identifier (name{Q.2.7}) has b
een already used, duplicate ignored
<to be read again> 
                   \relax 
l.121 \Q D
          onner une application en chimie organique faisant appel de l'abais...
) (/home/jeff/Documents/IUTOrsay/1-Cours/3p06-Cours_Batterie/02-TD/Ex01.tex
File: cc-by-nc-sa.png Graphic file (type png)
<use cc-by-nc-sa.png>
Package pdftex.def Info: cc-by-nc-sa.png  used on input line 14.
(pdftex.def)             Requested size: 40.64pt x 14.22636pt.

[31 <./Ex33/Fig01.pdf>]
pdfTeX warning (ext4): destination with the same identifier (name{Q.2.1}) has b
een already used, duplicate ignored
<to be read again> 
                   \relax 
l.34 \Q \label{Q:01-01a} R
                          appeler l'expression du potentiel d'électrode $E_...

pdfTeX warning (ext4): destination with the same identifier (name{Q.2.2}) has b
een already used, duplicate ignored
<to be read again> 
                   \relax 
l.47 \Q \label{Q:01-02a} Q
                          uelles sont les réactions que l'on peut considér...

pdfTeX warning (ext4): destination with the same identifier (name{Q.2.3}) has b
een already used, duplicate ignored
<to be read again> 
                   \relax 
l.61 \Q \label{Q:01-03a} E
                          xprimer les enthalpies de demi-pile à chacune des...

pdfTeX warning (ext4): destination with the same identifier (name{Q.2.4}) has b
een already used, duplicate ignored
<to be read again> 
                   \relax 
l.75 \Q \label{Q:01-04a} \'{E}
                              tablir une relation entre les 3 relations de l...

pdfTeX warning (ext4): destination with the same identifier (name{Q.2.5}) has b
een already used, duplicate ignored
<to be read again> 
                   \relax 
l.84 \Q M
         ontrer que la f.e.m s'exprime bien comme la différence des potenti...
File: cc-by-nc-sa.png Graphic file (type png)
<use cc-by-nc-sa.png>
Package pdftex.def Info: cc-by-nc-sa.png  used on input line 97.
(pdftex.def)             Requested size: 40.64pt x 14.22636pt.
[32]
pdfTeX warning (ext4): destination with the same identifier (name{Q.2.6}) has b
een already used, duplicate ignored
<to be read again> 
                   \relax 
l.99 \Q E
         xprimer l'enthalpie de formation standard de la phase nouvellement ...

pdfTeX warning (ext4): destination with the same identifier (name{Q.2.7}) has b
een already used, duplicate ignored
<to be read again> 
                   \relax 
l.110 \Q E
          n déduire la relation existant entre $\Delta_r G$, $\Delta_f G^\c...

pdfTeX warning (ext4): destination with the same identifier (name{equation.2.1}
) has been already used, duplicate ignored
<to be read again> 
                   \relax 
l.126 \end{align}}
                  
pdfTeX warning (ext4): destination with the same identifier (name{Q.2.8}) has b
een already used, duplicate ignored
<to be read again> 
                   \relax 
l.135 \Q E
          n déduire une valeur de l'enthalpie de formation de \ce{LiI} à \...

pdfTeX warning (ext4): destination with the same identifier (name{Q.2.9}) has b
een already used, duplicate ignored
<to be read again> 
                   \relax 
l.142 \Q Q
          uelles sont les réactions chimiques se produisant à cette pile e...
File: cc-by-nc-sa.png Graphic file (type png)
<use cc-by-nc-sa.png>
Package pdftex.def Info: cc-by-nc-sa.png  used on input line 179.
(pdftex.def)             Requested size: 40.64pt x 14.22636pt.
[33]
pdfTeX warning (ext4): destination with the same identifier (name{equation.2.2}
) has been already used, duplicate ignored
<to be read again> 
                   \relax 
l.179 ...ls phases formées \ce{LiI} et \ce{PbI2}}
                                                  )
(/home/jeff/Documents/IUTOrsay/1-Cours/3p06-Cours_Batterie/02-TD/Ex26.tex
pdfTeX warning (ext4): destination with the same identifier (name{Q.2.1}) has b
een already used, duplicate ignored
<to be read again> 
                   \relax 
l.12 \Q \'{E}
             crire l'équation fictive de réaction du système.
pdfTeX warning (ext4): destination with the same identifier (name{Q.2.2}) has b
een already used, duplicate ignored
<to be read again> 
                   \relax 
l.26 \Q E
         n déduire l'expression de l'enthalpie libre de réaction en condit...

pdfTeX warning (ext4): destination with the same identifier (name{Q.2.3}) has b
een already used, duplicate ignored
<to be read again> 
                   \relax 
l.37 \Q P
         ourquoi l'enthalpie molaire du cuivre et du zinc est nulle à \SI{0...

pdfTeX warning (ext4): destination with the same identifier (name{Q.2.4}) has b
een already used, duplicate ignored
<to be read again> 
                   \relax 
l.40 \Q C
         alculer le potentiel chimique de chacun des constituants de la pile...
File: cc-by-nc-sa.png Graphic file (type png)
<use cc-by-nc-sa.png>
Package pdftex.def Info: cc-by-nc-sa.png  used on input line 51.
(pdftex.def)             Requested size: 40.64pt x 14.22636pt.
[34]
pdfTeX warning (ext4): destination with the same identifier (name{Q.2.5}) has b
een already used, duplicate ignored
<to be read again> 
                   \relax 
l.53 \Q D
         ans les conditions standard, déterminer la relation existant entre...

pdfTeX warning (ext4): destination with the same identifier (name{Q.2.6}) has b
een already used, duplicate ignored
<to be read again> 
                   \relax 
l.60 \Q C
         e résultat est-il en accord avec les potentiels de réactions, sac...

pdfTeX warning (ext4): destination with the same identifier (name{Q.2.7}) has b
een already used, duplicate ignored
<to be read again> 
                   \relax 
l.79 \Q C
         onstruire un cycle thermodynamique, appelé cycle de Born-Haber, pe...
<Ex26/Corr01.png, id=580, 1246.6575pt x 607.26875pt>
File: Ex26/Corr01.png Graphic file (type png)
<use Ex26/Corr01.png>
Package pdftex.def Info: Ex26/Corr01.png  used on input line 91.
(pdftex.def)             Requested size: 227.62204pt x 110.8789pt.

pdfTeX warning (ext4): destination with the same identifier (name{Q.2.8}) has b
een already used, duplicate ignored
<to be read again> 
                   \relax 
l.93 \Q D
         éduire de l'expression précédente trois termes qui font sens chi...
File: cc-by-nc-sa.png Graphic file (type png)
<use cc-by-nc-sa.png>
Package pdftex.def Info: cc-by-nc-sa.png  used on input line 101.
(pdftex.def)             Requested size: 40.64pt x 14.22636pt.
[35 <./Ex26/Corr01.png>]
pdfTeX warning (ext4): destination with the same identifier (name{Q.2.9}) has b
een already used, duplicate ignored
<to be read again> 
                   \relax 
l.113 \Q J
          ustifier l'origine du terme dominant à partir de ces considérati...
<Ex26/Corr02.png, id=586, 336.25626pt x 279.0425pt>
File: Ex26/Corr02.png Graphic file (type png)
<use Ex26/Corr02.png>
Package pdftex.def Info: Ex26/Corr02.png  used on input line 140.
(pdftex.def)             Requested size: 109.2576pt x 90.66644pt.
<Ex26/Corr03.png, id=587, 238.8925pt x 312.16624pt>
File: Ex26/Corr03.png Graphic file (type png)
<use Ex26/Corr03.png>
Package pdftex.def Info: Ex26/Corr03.png  used on input line 140.
(pdftex.def)             Requested size: 109.2576pt x 142.7694pt.
File: cc-by-nc-sa.png Graphic file (type png)
<use cc-by-nc-sa.png>
Package pdftex.def Info: cc-by-nc-sa.png  used on input line 175.
(pdftex.def)             Requested size: 40.64pt x 14.22636pt.
[36 <./Ex26/Corr02.png> <./Ex26/Corr03.png>])
(/home/jeff/Documents/IUTOrsay/1-Cours/3p06-Cours_Batterie/02-TD/Ex25.tex
pdfTeX warning (ext4): destination with the same identifier (name{Q.2.1}) has b
een already used, duplicate ignored
<to be read again> 
                   \relax 
l.13 \Q D
         onner la formule brute du matériau lorsqu'une fraction $x$ d'atome...

pdfTeX warning (ext4): destination with the same identifier (name{Q.2.2}) has b
een already used, duplicate ignored
<to be read again> 
                   \relax 
l.16 \Q \label{Q:25-02} E
                         xprimer l'enthalpie libre $G(x)$ en fonction du pot...

pdfTeX warning (ext4): destination with the same identifier (name{Q.2.3}) has b
een already used, duplicate ignored
<to be read again> 
                   \relax 
l.30 \Q E
         xprimer le potentiel chimique de chacun des constituants. En dédui...
<Ex25/Fig01.png, id=597, 792.0792pt x 143.23914pt>
File: Ex25/Fig01.png Graphic file (type png)
<use Ex25/Fig01.png>
Package pdftex.def Info: Ex25/Fig01.png  used on input line 44.
(pdftex.def)             Requested size: 400.617pt x 72.44774pt.

pdfTeX warning (ext4): destination with the same identifier (name{Q.2.4}) has b
een already used, duplicate ignored
<to be read again> 
                   \relax 
l.54 \Q D
         onner l'expression de cette enthalpie libre molaire de mélange.
pdfTeX warning (ext4): destination with the same identifier (name{Q.2.5}) has b
een already used, duplicate ignored
<to be read again> 
                   \relax 
l.61 \Q I
         dentifier ce qui est d'origine enthalpique et entropique dans cette...
File: cc-by-nc-sa.png Graphic file (type png)
<use cc-by-nc-sa.png>
Package pdftex.def Info: cc-by-nc-sa.png  used on input line 61.
(pdftex.def)             Requested size: 40.64pt x 14.22636pt.
[37 <./Ex25/Fig01.png>]
pdfTeX warning (ext4): destination with the same identifier (name{Q.2.6}) has b
een already used, duplicate ignored
<to be read again> 
                   \relax 
l.79 \Q C
         ommenter le signe de $\Delta G_m$.
pdfTeX warning (ext4): destination with the same identifier (name{Q.2.7}) has b
een already used, duplicate ignored
<to be read again> 
                   \relax 
l.83 \Q O
         n rappelle que le potentiel de l'électrode dérive de l'enthalpie ...
<Ex25/Corr01.png, id=606, 447.6725pt x 324.21124pt>
File: Ex25/Corr01.png Graphic file (type png)
<use Ex25/Corr01.png>
Package pdftex.def Info: Ex25/Corr01.png  used on input line 107.
(pdftex.def)             Requested size: 218.51521pt x 158.25641pt.
)
File: cc-by-nc-sa.png Graphic file (type png)
<use cc-by-nc-sa.png>
Package pdftex.def Info: cc-by-nc-sa.png  used on input line 245.
(pdftex.def)             Requested size: 40.64pt x 14.22636pt.
 [38 <./Ex25/Corr01.png>]
(/home/jeff/Documents/IUTOrsay/1-Cours/3p06-Cours_Batterie/02-TD/Ex13.tex
<Ex13/Fig01.png, id=612, 903.375pt x 686.565pt>
File: Ex13/Fig01.png Graphic file (type png)
<use Ex13/Fig01.png>
Package pdftex.def Info: Ex13/Fig01.png  used on input line 21.
(pdftex.def)             Requested size: 218.51521pt x 166.06752pt.
<Ex13/Fig02.png, id=614, 622.38924pt x 464.6961pt>
File: Ex13/Fig02.png Graphic file (type png)
<use Ex13/Fig02.png>
Package pdftex.def Info: Ex13/Fig02.png  used on input line 46.
(pdftex.def)             Requested size: 218.51521pt x 163.1495pt.
File: cc-by-nc-sa.png Graphic file (type png)
<use cc-by-nc-sa.png>
Package pdftex.def Info: cc-by-nc-sa.png  used on input line 46.
(pdftex.def)             Requested size: 40.64pt x 14.22636pt.

[39 <./Ex13/Fig01.png>]
<Ex13/Fig03.png, id=624, 622.38924pt x 464.6961pt>
File: Ex13/Fig03.png Graphic file (type png)
<use Ex13/Fig03.png>
Package pdftex.def Info: Ex13/Fig03.png  used on input line 69.
(pdftex.def)             Requested size: 218.51521pt x 163.1495pt.
File: cc-by-nc-sa.png Graphic file (type png)
<use cc-by-nc-sa.png>
Package pdftex.def Info: cc-by-nc-sa.png  used on input line 82.
(pdftex.def)             Requested size: 40.64pt x 14.22636pt.
 [40 <./Ex13/Fig02.png> <./Ex13/Fig03.png>])
(/home/jeff/Documents/IUTOrsay/1-Cours/3p06-Cours_Batterie/02-TD/Ex14.tex
pdfTeX warning (ext4): destination with the same identifier (name{Q.3.1}) has b
een already used, duplicate ignored
<to be read again> 
                   \relax 
l.8 \Q R
        eprésenter la maille et en déduire le ratio entre la multiplicité...

pdfTeX warning (ext4): destination with the same identifier (name{Q.3.2}) has b
een already used, duplicate ignored
<to be read again> 
                   \relax 
l.13 \Q D
         onner la configuration électronique de \ce{Mn} et \ce{Fe}.
pdfTeX warning (ext4): destination with the same identifier (name{Q.3.3}) has b
een already used, duplicate ignored
<to be read again> 
                   \relax 
l.21 \Q J
         ustifier que ces deux oxydes présentes des \og états de valence m...

pdfTeX warning (ext4): destination with the same identifier (name{Q.3.4}) has b
een already used, duplicate ignored
<to be read again> 
                   \relax 
l.35 \Q R
         appeler les hypothèses du modèle du champ cristallin et la struct...

pdfTeX warning (ext4): destination with the same identifier (name{Q.3.5}) has b
een already used, duplicate ignored
<to be read again> 
                   \relax 
l.47 \Q A
         près avoir défini les termes champs fort/faible et haut/bas spin,...
<Ex14/Corr01.png, id=638, 802.49812pt x 575.14874pt>
File: Ex14/Corr01.png Graphic file (type png)
<use Ex14/Corr01.png>
Package pdftex.def Info: Ex14/Corr01.png  used on input line 79.
(pdftex.def)             Requested size: 218.51521pt x 156.60864pt.
File: cc-by-nc-sa.png Graphic file (type png)
<use cc-by-nc-sa.png>
Package pdftex.def Info: cc-by-nc-sa.png  used on input line 79.
(pdftex.def)             Requested size: 40.64pt x 14.22636pt.
[41]
pdfTeX warning (ext4): destination with the same identifier (name{Q.3.6}) has b
een already used, duplicate ignored
<to be read again> 
                   \relax 
l.81 \Q E
         xpliquer la différence de rayon ionique entre les sites O et T.
pdfTeX warning (ext4): destination with the same identifier (name{Q.3.7}) has b
een already used, duplicate ignored
<to be read again> 
                   \relax 
l.84 \Q E
         n déduire si l'occupation prédit par la théorie du champ cristal...
)
File: cc-by-nc-sa.png Graphic file (type png)
<use cc-by-nc-sa.png>
Package pdftex.def Info: cc-by-nc-sa.png  used on input line 264.
(pdftex.def)             Requested size: 40.64pt x 14.22636pt.
 [42 <./Ex14/Corr01.png>]
(/home/jeff/Documents/IUTOrsay/1-Cours/3p06-Cours_Batterie/02-TD/Ex16.tex

Package hyperref Warning: Token not allowed in a PDF string (Unicode):
(hyperref)                removing `\mhchem@cee' on input line 1.

<Ex16/Fig01c.png, id=651, 627.34375pt x 624.3325pt>
File: Ex16/Fig01c.png Graphic file (type png)
<use Ex16/Fig01c.png>
Package pdftex.def Info: Ex16/Fig01c.png  used on input line 9.
(pdftex.def)             Requested size: 85.76944pt x 85.35826pt.

Package caption Warning: The option `hypcap=true' will be ignored for this
(caption)                particular \caption on input line 11.
See the caption package documentation for explanation.


pdfTeX warning (ext4): destination with the same identifier (name{Q.3.1}) has b
een already used, duplicate ignored
<to be read again> 
                   \relax 
l.30 \Q \label{Q:Ex16-1} R
                          eprésenter la maille élémentaire CFC ainsi que ...
<Ex16/Corr01.png, id=653, 1093.08376pt x 726.715pt>
File: Ex16/Corr01.png Graphic file (type png)
<use Ex16/Corr01.png>
Package pdftex.def Info: Ex16/Corr01.png  used on input line 36.
(pdftex.def)             Requested size: 218.51521pt x 145.27388pt.

pdfTeX warning (ext4): destination with the same identifier (name{Q.3.2}) has b
een already used, duplicate ignored
<to be read again> 
                   \relax 
l.38 \Q \label{Q:Ex16-2} I
                          dentifier un axe de plans réticulaires de la mail...
<Ex16/Corr02.png, id=654, 582.175pt x 557.08125pt>
File: Ex16/Corr02.png Graphic file (type png)
<use Ex16/Corr02.png>
Package pdftex.def Info: Ex16/Corr02.png  used on input line 43.
(pdftex.def)             Requested size: 159.3382pt x 152.46252pt.
File: cc-by-nc-sa.png Graphic file (type png)
<use cc-by-nc-sa.png>
Package pdftex.def Info: cc-by-nc-sa.png  used on input line 43.
(pdftex.def)             Requested size: 40.64pt x 14.22636pt.
[43 <./Ex16/Fig01c.png> <./Ex16/Corr01.png>]
pdfTeX warning (ext4): destination with the same identifier (name{Q.3.3}) has b
een already used, duplicate ignored
<to be read again> 
                   \relax 
l.45 \Q A
         fin d'aboutir à une structure lamellaire à partir de la structure...
<Ex16/Fig02.png, id=667, 1541.76pt x 1203.49625pt>
File: Ex16/Fig02.png Graphic file (type png)
<use Ex16/Fig02.png>
Package pdftex.def Info: Ex16/Fig02.png  used on input line 52.
(pdftex.def)             Requested size: 218.51521pt x 170.56343pt.
<Ex16/Corr03.png, id=668, 1544.77126pt x 1161.33875pt>
File: Ex16/Corr03.png Graphic file (type png)
<use Ex16/Corr03.png>
Package pdftex.def Info: Ex16/Corr03.png  used on input line 61.
(pdftex.def)             Requested size: 159.3382pt x 119.77339pt.
<Ex16/Fig01a.png, id=671, 200.75pt x 464.937pt>
File: Ex16/Fig01a.png Graphic file (type png)
<use Ex16/Fig01a.png>
Package pdftex.def Info: Ex16/Fig01a.png  used on input line 80.
(pdftex.def)             Requested size: 56.9055pt x 131.79189pt.
<Ex16/Fig01b.png, id=672, 244.112pt x 201.553pt>
File: Ex16/Fig01b.png Graphic file (type png)
<use Ex16/Fig01b.png>
Package pdftex.def Info: Ex16/Fig01b.png  used on input line 81.
(pdftex.def)             Requested size: 103.38304pt x 85.35826pt.

Package caption Warning: The option `hypcap=true' will be ignored for this
(caption)                particular \caption on input line 85.
See the caption package documentation for explanation.


Underfull \hbox (badness 1281) in paragraph at lines 85--85
\T1/lmr/m/n/10 pro-je-t�e le long de (100). [][]12b[][] Maille
 []

File: cc-by-nc-sa.png Graphic file (type png)
<use cc-by-nc-sa.png>
Package pdftex.def Info: cc-by-nc-sa.png  used on input line 87.
(pdftex.def)             Requested size: 40.64pt x 14.22636pt.
[44 <./Ex16/Corr02.png> <./Ex16/Fig02.png> <./Ex16/Corr03.png>]
pdfTeX warning (ext4): destination with the same identifier (name{Q.3.4}) has b
een already used, duplicate ignored
<to be read again> 
                   \relax 
l.89 \Q N
         ommer cette structure dans la nomenclature de Delmas. Justifier si ...
<Ex16/Fig04.png, id=687, 439.6425pt x 641.39626pt>
File: Ex16/Fig04.png Graphic file (type png)
<use Ex16/Fig04.png>
Package pdftex.def Info: Ex16/Fig04.png  used on input line 123.
(pdftex.def)             Requested size: 85.35826pt x 124.52858pt.

Package caption Warning: The option `hypcap=true' will be ignored for this
(caption)                particular \caption on input line 127.
See the caption package documentation for explanation.


pdfTeX warning (ext4): destination with the same identifier (name{Q.3.5}) has b
een already used, duplicate ignored
<to be read again> 
                   \relax 
l.133 \Q I
          ndiquer comment les octaèdres sont coordonnés entre eux.
pdfTeX warning (ext4): destination with the same identifier (name{Q.3.6}) has b
een already used, duplicate ignored
<to be read again> 
                   \relax 
l.147 \Q Q
          uelle est la charge électrique des feuillets composés de polyèd...

pdfTeX warning (ext4): destination with the same identifier (name{Q.3.7}) has b
een already used, duplicate ignored
<to be read again> 
                   \relax 
l.150 \Q C
          ette première batterie possédait une capacité spécifique de \S...
File: cc-by-nc-sa.png Graphic file (type png)
<use cc-by-nc-sa.png>
Package pdftex.def Info: cc-by-nc-sa.png  used on input line 153.
(pdftex.def)             Requested size: 40.64pt x 14.22636pt.
[45 <./Ex16/Fig01a.png> <./Ex16/Fig01b.png> <./Ex16/Fig04.png>])
(/home/jeff/Documents/IUTOrsay/1-Cours/3p06-Cours_Batterie/02-TD/Ex12.tex

Package hyperref Warning: Token not allowed in a PDF string (Unicode):
(hyperref)                removing `\mhchem@cee' on input line 1.

<Ex12/Fig01.png, id=700, 536.75531pt x 279.29344pt>
File: Ex12/Fig01.png Graphic file (type png)
<use Ex12/Fig01.png>
Package pdftex.def Info: Ex12/Fig01.png  used on input line 11.
(pdftex.def)             Requested size: 284.52756pt x 148.05038pt.

Package caption Warning: The option `hypcap=true' will be ignored for this
(caption)                particular \caption on input line 12.
See the caption package documentation for explanation.


pdfTeX warning (ext4): destination with the same identifier (name{Q.3.1}) has b
een already used, duplicate ignored
<to be read again> 
                   \relax 
l.16 \Q R
         appeler la différence entre spinelle normal et spinelle inverse.
File: cc-by-nc-sa.png Graphic file (type png)
<use cc-by-nc-sa.png>
Package pdftex.def Info: cc-by-nc-sa.png  used on input line 21.
(pdftex.def)             Requested size: 40.64pt x 14.22636pt.

[46 <./Ex12/Fig01.png>]
pdfTeX warning (ext4): destination with the same identifier (name{Q.3.2}) has b
een already used, duplicate ignored
<to be read again> 
                   \relax 
l.23 \Q \`{A}
              partir d'un calcul du degré d'oxydation, montrer que \ce{LiMn...

pdfTeX warning (ext4): destination with the same identifier (name{Q.3.3}) has b
een already used, duplicate ignored
<to be read again> 
                   \relax 
l.37 \Q I
         ndiquer la position des sites octaédriques et tétraédriques dans...

pdfTeX warning (ext4): destination with the same identifier (name{Q.3.4}) has b
een already used, duplicate ignored
<to be read again> 
                   \relax 
l.47 \Q E
         n utilisant le \og critère stérique \fg{}, justifier pourquoi l'i...

pdfTeX warning (ext4): destination with the same identifier (name{Q.3.5}) has b
een already used, duplicate ignored
<to be read again> 
                   \relax 
l.56 \Q D
         onner la configuration électronique des ions manganèse (III) et (...

pdfTeX warning (ext4): destination with the same identifier (name{Q.3.6}) has b
een already used, duplicate ignored
<to be read again> 
                   \relax 
l.66 \Q E
         n utilisant le \og critère énergétique \fg{}, justifier pourquoi...
File: cc-by-nc-sa.png Graphic file (type png)
<use cc-by-nc-sa.png>
Package pdftex.def Info: cc-by-nc-sa.png  used on input line 83.
(pdftex.def)             Requested size: 40.64pt x 14.22636pt.
[47]
pdfTeX warning (ext4): destination with the same identifier (name{Q.3.7}) has b
een already used, duplicate ignored
<to be read again> 
                   \relax 
l.87 \Q E
         n déduire si la structure est un spinelle normal ou inverse s'il n...
<Ex12/Fig02.png, id=711, 741.77126pt x 613.29124pt>
File: Ex12/Fig02.png Graphic file (type png)
<use Ex12/Fig02.png>
Package pdftex.def Info: Ex12/Fig02.png  used on input line 99.
(pdftex.def)             Requested size: 218.51521pt x 180.66667pt.

Package caption Warning: The option `hypcap=true' will be ignored for this
(caption)                particular \caption on input line 101.
See the caption package documentation for explanation.


Overfull \hbox (2.5751pt too wide) in paragraph at lines 104--105
[]\T1/lmr/m/n/10 Conjointement, le ti-trage cou-lo-m�-trique a mon-tr� que pour
 une frac-tion mo-laire en des-sous de $\OT1/lmr/m/n/10 1$\T1/lmr/m/n/10 , $[][
][] [][][][][][]$
 []


pdfTeX warning (ext4): destination with the same identifier (name{Q.3.8}) has b
een already used, duplicate ignored
<to be read again> 
                   \relax 
l.106 \Q Q
          u'observe-t-on pour $x$ plus petit que $1$ ? Quelle hypothèse peu...
<Ex12/Corr01.png, id=712, 818.05624pt x 610.28pt>
File: Ex12/Corr01.png Graphic file (type png)
<use Ex12/Corr01.png>
Package pdftex.def Info: Ex12/Corr01.png  used on input line 122.
(pdftex.def)             Requested size: 136.5746pt x 101.8838pt.
File: cc-by-nc-sa.png Graphic file (type png)
<use cc-by-nc-sa.png>
Package pdftex.def Info: cc-by-nc-sa.png  used on input line 122.
(pdftex.def)             Requested size: 40.64pt x 14.22636pt.
[48 <./Ex12/Fig02.png>])
(/home/jeff/Documents/IUTOrsay/1-Cours/3p06-Cours_Batterie/02-TD/Ex15.tex

Package hyperref Warning: Token not allowed in a PDF string (Unicode):
(hyperref)                removing `\mhchem@cee' on input line 1.

<Ex15/Fig02.png, id=722, 1241.63875pt x 775.89874pt>
File: Ex15/Fig02.png Graphic file (type png)
<use Ex15/Fig02.png>
Package pdftex.def Info: Ex15/Fig02.png  used on input line 8.
(pdftex.def)             Requested size: 227.62204pt x 142.2367pt.

Package caption Warning: The option `hypcap=true' will be ignored for this
(caption)                particular \caption on input line 9.
See the caption package documentation for explanation.


pdfTeX warning (ext4): destination with the same identifier (name{Q.3.1}) has b
een already used, duplicate ignored
<to be read again> 
                   \relax 
l.16 \Q R
         appeler les paramètres de maille du système orthorhombique.
pdfTeX warning (ext4): destination with the same identifier (name{Q.3.2}) has b
een already used, duplicate ignored
<to be read again> 
                   \relax 
l.23 \Q I
         dentifier les connectivités existant éventuellement entre les oct...
File: cc-by-nc-sa.png Graphic file (type png)
<use cc-by-nc-sa.png>
Package pdftex.def Info: cc-by-nc-sa.png  used on input line 36.
(pdftex.def)             Requested size: 40.64pt x 14.22636pt.
[49 <./Ex12/Corr01.png> <./Ex15/Fig02.png>]
pdfTeX warning (ext4): destination with the same identifier (name{Q.3.3}) has b
een already used, duplicate ignored
<to be read again> 
                   \relax 
l.39 \Q I
         dentifier la dimension du matériau en dénombrant les axes de diff...

pdfTeX warning (ext4): destination with the same identifier (name{Q.3.4}) has b
een already used, duplicate ignored
<to be read again> 
                   \relax 
l.46 \Q D
         onner la configuration électronique du phosphore. Expliquer en quo...
<Ex15/Fig01.png, id=732, 960.58875pt x 606.265pt>
File: Ex15/Fig01.png Graphic file (type png)
<use Ex15/Fig01.png>
Package pdftex.def Info: Ex15/Fig01.png  used on input line 70.
(pdftex.def)             Requested size: 227.62204pt x 143.6564pt.

Package caption Warning: The option `hypcap=true' will be ignored for this
(caption)                particular \caption on input line 71.
See the caption package documentation for explanation.


pdfTeX warning (ext4): destination with the same identifier (name{Q.3.5}) has b
een already used, duplicate ignored
<to be read again> 
                   \relax 
l.78 \Q I
         dentifier le rôle d'utiliser une solution de bromures.
pdfTeX warning (ext4): destination with the same identifier (name{Q.3.6}) has b
een already used, duplicate ignored
<to be read again> 
                   \relax 
l.83 \Q J
         ustifier en quoi la TGA permet de rendre compte de la stabilité de...
File: cc-by-nc-sa.png Graphic file (type png)
<use cc-by-nc-sa.png>
Package pdftex.def Info: cc-by-nc-sa.png  used on input line 86.
(pdftex.def)             Requested size: 40.64pt x 14.22636pt.
[50 <./Ex15/Fig01.png>]
<Ex15/Fig03.png, id=739, 955.57pt x 691.58376pt>
File: Ex15/Fig03.png Graphic file (type png)
<use Ex15/Fig03.png>
Package pdftex.def Info: Ex15/Fig03.png  used on input line 90.
(pdftex.def)             Requested size: 218.51521pt x 158.14282pt.


Package caption Warning: The option `hypcap=true' will be ignored for this
(caption)                particular \caption on input line 92.
See the caption package documentation for explanation.


pdfTeX warning (ext4): destination with the same identifier (name{Q.3.7}) has b
een already used, duplicate ignored
<to be read again> 
                   \relax 
l.95 \Q E
         n supposant que le courant soit suffisamment faible pour se placer ...

Package siunitx Warning: Unit macro \angstrom has been deprecated in this
(siunitx)                release.
(siunitx)                
(siunitx)                The BIPM have removed this unit from the SI Brochure.
(siunitx)                You should define it yourself using \DeclareSIUnit in
(siunitx)                your source. The current definition is
(siunitx)                
(siunitx)                \DeclareSIUnit\angstrom{\text {Å}}


Package caption Warning: The option `hypcap=true' will be ignored for this
(caption)                particular \caption on input line 118.
See the caption package documentation for explanation.

<Ex15/Fig04.png, id=740, 955.57pt x 748.7975pt>
File: Ex15/Fig04.png Graphic file (type png)
<use Ex15/Fig04.png>
Package pdftex.def Info: Ex15/Fig04.png  used on input line 125.
(pdftex.def)             Requested size: 152.95998pt x 119.85574pt.

Package caption Warning: The option `hypcap=true' will be ignored for this
(caption)                particular \caption on input line 127.
See the caption package documentation for explanation.


pdfTeX warning (ext4): destination with the same identifier (name{Q.3.8}) has b
een already used, duplicate ignored
<to be read again> 
                   \relax 
l.133 \Q L
          a disparition du plateau dans le $3^e$ régime ne peut s'expliquer...
<Ex15/Corr01.png, id=742, 817.0525pt x 360.34625pt>
File: Ex15/Corr01.png Graphic file (type png)
<use Ex15/Corr01.png>
Package pdftex.def Info: Ex15/Corr01.png  used on input line 140.
(pdftex.def)             Requested size: 218.51521pt x 96.37105pt.
File: cc-by-nc-sa.png Graphic file (type png)
<use cc-by-nc-sa.png>
Package pdftex.def Info: cc-by-nc-sa.png  used on input line 140.
(pdftex.def)             Requested size: 40.64pt x 14.22636pt.
[51 <./Ex15/Fig03.png> <./Ex15/Fig04.png>]
pdfTeX warning (ext4): destination with the same identifier (name{Q.3.9}) has b
een already used, duplicate ignored
<to be read again> 
                   \relax 
l.157 \Q C
          alculer le volume de la maille dans les deux cas limites : délith...

pdfTeX warning (ext4): destination with the same identifier (name{Q.3.10}) has 
been already used, duplicate ignored
<to be read again> 
                   \relax 
l.170 \Q E
          n vous appuyant sur la structure cristallographique à la Fig. \re...

Package caption Warning: The option `hypcap=true' will be ignored for this
(caption)                particular \caption on input line 194.
See the caption package documentation for explanation.


pdfTeX warning (ext4): destination with the same identifier (name{Q.3.11}) has 
been already used, duplicate ignored
<to be read again> 
                   \relax 
l.200 \Q P
          ourquoi étudie-t-on les potentiels rédox entre des métaux de de...

pdfTeX warning (ext4): destination with the same identifier (name{Q.3.12}) has 
been already used, duplicate ignored
<to be read again> 
                   \relax 
l.218 \Q C
          omparer l'écart de potentiel standard entre les oxydes dans l'oli...
File: cc-by-nc-sa.png Graphic file (type png)
<use cc-by-nc-sa.png>
Package pdftex.def Info: cc-by-nc-sa.png  used on input line 245.
(pdftex.def)             Requested size: 40.64pt x 14.22636pt.
[52 <./Ex15/Corr01.png>])
File: cc-by-nc-sa.png Graphic file (type png)
<use cc-by-nc-sa.png>
Package pdftex.def Info: cc-by-nc-sa.png  used on input line 288.
(pdftex.def)             Requested size: 40.64pt x 14.22636pt.
 [53]
(/home/jeff/Documents/IUTOrsay/1-Cours/3p06-Cours_Batterie/02-TD/Ex18.tex
<Ex18/Fig01.png, id=766, 684.5575pt x 698.61pt>
File: Ex18/Fig01.png Graphic file (type png)
<use Ex18/Fig01.png>
Package pdftex.def Info: Ex18/Fig01.png  used on input line 12.
(pdftex.def)             Requested size: 139.3951pt x 142.26378pt.


Package caption Warning: The option `hypcap=true' will be ignored for this
(caption)                particular \caption on input line 14.
See the caption package documentation for explanation.


Underfull \hbox (badness 6063) in paragraph at lines 14--14
[]\T1/lmr/m/sc/10 Figure 19 \T1/lmr/m/n/10 ^^U |[]Courbes de
 []


Underfull \hbox (badness 2073) in paragraph at lines 14--14
\T1/lmr/m/n/10 un cou-rant �lec-trique va-lant
 []


pdfTeX warning (ext4): destination with the same identifier (name{Q.3.1}) has b
een already used, duplicate ignored
<to be read again> 
                   \relax 
l.21 \Q Q
         uel est le sens du terme $C/24$ ? Trouver le courant appliqué par ...

pdfTeX warning (ext4): destination with the same identifier (name{Q.3.2}) has b
een already used, duplicate ignored
<to be read again> 
                   \relax 
l.30 \Q P
         ourquoi la courbe de décharge est nécessairement en dessous de la...
<Ex18/Fig02.pdf, id=767, 279.35954pt x 263.05385pt>
File: Ex18/Fig02.pdf Graphic file (type pdf)
<use Ex18/Fig02.pdf>
Package pdftex.def Info: Ex18/Fig02.pdf  used on input line 43.
(pdftex.def)             Requested size: 151.08208pt x 142.26378pt.

Package caption Warning: The option `hypcap=true' will be ignored for this
(caption)                particular \caption on input line 45.
See the caption package documentation for explanation.

File: cc-by-nc-sa.png Graphic file (type png)
<use cc-by-nc-sa.png>
Package pdftex.def Info: cc-by-nc-sa.png  used on input line 48.
(pdftex.def)             Requested size: 40.64pt x 14.22636pt.
[54 <./Ex18/Fig01.png>]
pdfTeX warning (ext4): destination with the same identifier (name{Q.3.3}) has b
een already used, duplicate ignored
<to be read again> 
                   \relax 
l.50 \Q R
         appeler le sens des termes DOS et $\epsilon_F^\ominus$ de la fig. \...

pdfTeX warning (ext4): destination with the same identifier (name{Q.3.4}) has b
een already used, duplicate ignored
<to be read again> 
                   \relax 
l.56 \Q S
         achant que le cobalt se coordonne sous forme d'octaèdre (coordinen...

pdfTeX warning (ext4): destination with the same identifier (name{Q.3.5}) has b
een already used, duplicate ignored
<to be read again> 
                   \relax 
l.59 \Q D
         onner l'évolution des degrés d'oxydation de l'oxygène et du coba...

pdfTeX warning (ext4): destination with the same identifier (name{Q.3.6}) has b
een already used, duplicate ignored
<to be read again> 
                   \relax 
l.78 \Q E
         n déduire la configuration électronique du cobalt et de l'oxygèn...

pdfTeX warning (ext4): destination with the same identifier (name{Q.3.7}) has b
een already used, duplicate ignored
<to be read again> 
                   \relax 
l.86 \Q R
         appeler la définition du niveau de Fermi
pdfTeX warning (ext4): destination with the same identifier (name{Q.3.8}) has b
een already used, duplicate ignored
<to be read again> 
                   \relax 
l.95 \Q P
         roposer deux remplissages du diagramme d'énergie à l'état charg�...
<Ex18/Corr01a.png, id=778, 660.21657pt x 621.82312pt>
File: Ex18/Corr01a.png Graphic file (type png)
<use Ex18/Corr01a.png>
Package pdftex.def Info: Ex18/Corr01a.png  used on input line 110.
(pdftex.def)             Requested size: 218.51521pt x 205.80951pt.
<Ex18/Corr01b.png, id=779, 811.03pt x 761.84625pt>
File: Ex18/Corr01b.png Graphic file (type png)
<use Ex18/Corr01b.png>
Package pdftex.def Info: Ex18/Corr01b.png  used on input line 110.
(pdftex.def)             Requested size: 218.51521pt x 205.25949pt.
File: cc-by-nc-sa.png Graphic file (type png)
<use cc-by-nc-sa.png>
Package pdftex.def Info: cc-by-nc-sa.png  used on input line 110.
(pdftex.def)             Requested size: 40.64pt x 14.22636pt.
[55 <./Ex18/Fig02.pdf>]
pdfTeX warning (ext4): destination with the same identifier (name{Q.3.9}) has b
een already used, duplicate ignored
<to be read again> 
                   \relax 
l.114 \Q E
          n vous appuyant sur la structure lamellaire, que peut traduire mic...

pdfTeX warning (ext4): destination with the same identifier (name{Q.3.10}) has 
been already used, duplicate ignored
<to be read again> 
                   \relax 
l.117 \Q E
          n déduire ce qui arrive aux oxygènes.
pdfTeX warning (ext4): destination with the same identifier (name{Q.3.11}) has 
been already used, duplicate ignored
<to be read again> 
                   \relax 
l.120 \Q E
          n vous appuyant sur le diagramme de bande, montrer que l'hypothès...

pdfTeX warning (ext4): destination with the same identifier (name{Q.3.12}) has 
been already used, duplicate ignored
<to be read again> 
                   \relax 
l.130 \Q E
          n vous appuyant sur une interaction selon l'axe $z$ entre une orbi...
<Ex18/Corr02a.png, id=813, 680.5425pt x 577.15625pt>
File: Ex18/Corr02a.png Graphic file (type png)
<use Ex18/Corr02a.png>
Package pdftex.def Info: Ex18/Corr02a.png  used on input line 154.
(pdftex.def)             Requested size: 218.51521pt x 185.31905pt.
<Ex18/Corr02b.png, id=814, 681.54625pt x 577.15625pt>
File: Ex18/Corr02b.png Graphic file (type png)
<use Ex18/Corr02b.png>
Package pdftex.def Info: Ex18/Corr02b.png  used on input line 154.
(pdftex.def)             Requested size: 218.51521pt x 185.04604pt.
File: cc-by-nc-sa.png Graphic file (type png)
<use cc-by-nc-sa.png>
Package pdftex.def Info: cc-by-nc-sa.png  used on input line 154.
(pdftex.def)             Requested size: 40.64pt x 14.22636pt.
[56 <./Ex18/Corr01a.png (PNG copy)> <./Ex18/Corr01b.png>]
<Ex18/Corr02c.png, id=823, 600.2425pt x 519.9425pt>
File: Ex18/Corr02c.png Graphic file (type png)
<use Ex18/Corr02c.png>
Package pdftex.def Info: Ex18/Corr02c.png  used on input line 154.
(pdftex.def)             Requested size: 218.51521pt x 189.28159pt.
<Ex18/Corr02d.png, id=824, 734.745pt x 522.95375pt>
File: Ex18/Corr02d.png Graphic file (type png)
<use Ex18/Corr02d.png>
Package pdftex.def Info: Ex18/Corr02d.png  used on input line 154.
(pdftex.def)             Requested size: 218.51521pt x 155.52281pt.
)
(/home/jeff/Documents/IUTOrsay/1-Cours/3p06-Cours_Batterie/02-TD/Ex17.tex
<Ex17/Fig01.png, id=825, 1945.2675pt x 1392.20125pt>
File: Ex17/Fig01.png Graphic file (type png)
<use Ex17/Fig01.png>
Package pdftex.def Info: Ex17/Fig01.png  used on input line 11.
(pdftex.def)             Requested size: 198.75304pt x 142.26378pt.


Package caption Warning: The option `hypcap=true' will be ignored for this
(caption)                particular \caption on input line 13.
See the caption package documentation for explanation.


pdfTeX warning (ext4): destination with the same identifier (name{Q.3.1}) has b
een already used, duplicate ignored
<to be read again> 
                   \relax 
l.20 \Q A
         u vu des performances du graphite, identifier le rôle de ce type d...
File: cc-by-nc-sa.png Graphic file (type png)
<use cc-by-nc-sa.png>
Package pdftex.def Info: cc-by-nc-sa.png  used on input line 24.
(pdftex.def)             Requested size: 40.64pt x 14.22636pt.
[57 <./Ex18/Corr02a.png> <./Ex18/Corr02b.png> <./Ex18/Corr02c.png> <./Ex18/Corr
02d.png> <./Ex17/Fig01.png>]
pdfTeX warning (ext4): destination with the same identifier (name{Q.3.2}) has b
een already used, duplicate ignored
<to be read again> 
                   \relax 
l.25 \Q \'{E}
             crire les demi-équations rédox rendant compte de la lithiatio...

pdfTeX warning (ext4): destination with the same identifier (name{Q.3.3}) has b
een already used, duplicate ignored
<to be read again> 
                   \relax 
l.35 \Q \label{Q:17-03} E
                         stimer le potentiel moyen de circuit-ouvert de chac...

pdfTeX warning (ext4): destination with the same identifier (name{Q.3.4}) has b
een already used, duplicate ignored
<to be read again> 
                   \relax 
l.46 \Q \label{Q:17-04} E
                         n quoi la mesure de la tension à circuit-ouverte (...

Overfull \hbox (30.31216pt too wide) in paragraph at lines 64--64
\T1/lmr/m/n/10 On trouve alors la re-la-tion sim-pli-fi�e sui-vante per-met-tan
t de fa-ci-le-ment in-ter-pr�-ter les courbes de charge/d�charge
 []

<Ex17/Fig02a.png, id=836, 258.29298pt x 263.0628pt>
File: Ex17/Fig02a.png Graphic file (type png)
<use Ex17/Fig02a.png>
Package pdftex.def Info: Ex17/Fig02a.png  used on input line 73.
(pdftex.def)             Requested size: 139.68895pt x 142.26378pt.
<Ex17/Fig02b.png, id=837, 272.31335pt x 263.0628pt>
File: Ex17/Fig02b.png Graphic file (type png)
<use Ex17/Fig02b.png>
Package pdftex.def Info: Ex17/Fig02b.png  used on input line 73.
(pdftex.def)             Requested size: 147.2714pt x 142.26378pt.
<Ex17/Fig02c.png, id=838, 272.31335pt x 263.0628pt>
File: Ex17/Fig02c.png Graphic file (type png)
<use Ex17/Fig02c.png>
Package pdftex.def Info: Ex17/Fig02c.png  used on input line 74.
(pdftex.def)             Requested size: 147.2714pt x 142.26378pt.
<Ex17/Fig02d.png, id=839, 267.83263pt x 263.0628pt>
File: Ex17/Fig02d.png Graphic file (type png)
<use Ex17/Fig02d.png>
Package pdftex.def Info: Ex17/Fig02d.png  used on input line 74.
(pdftex.def)             Requested size: 144.84814pt x 142.26378pt.
File: cc-by-nc-sa.png Graphic file (type png)
<use cc-by-nc-sa.png>
Package pdftex.def Info: cc-by-nc-sa.png  used on input line 79.
(pdftex.def)             Requested size: 40.64pt x 14.22636pt.
[58]
pdfTeX warning (ext4): destination with the same identifier (name{Q.3.5}) has b
een already used, duplicate ignored
<to be read again> 
                   \relax 
l.82 \Q L
         es bandes étroites d'énergie sont associées aux orbitales du mé...

pdfTeX warning (ext4): destination with the same identifier (name{Q.3.6}) has b
een already used, duplicate ignored
<to be read again> 
                   \relax 
l.85 \Q J
         ustifier en quoi l'existence d'une bande d'énergie étroite est un...

pdfTeX warning (ext4): destination with the same identifier (name{Q.3.7}) has b
een already used, duplicate ignored
<to be read again> 
                   \relax 
l.88 \Q D
         ans la Fig. \ref{fig:17-02a}, les orbitales $2s$ du lithium solvat�...
<Ex17/Corr01a.png, id=855, 610.53094pt x 621.82312pt>
File: Ex17/Corr01a.png Graphic file (type png)
<use Ex17/Corr01a.png>
Package pdftex.def Info: Ex17/Corr01a.png  used on input line 97.
(pdftex.def)             Requested size: 139.67389pt x 142.26378pt.
File: cc-by-nc-sa.png Graphic file (type png)
<use cc-by-nc-sa.png>
Package pdftex.def Info: cc-by-nc-sa.png  used on input line 97.
(pdftex.def)             Requested size: 40.64pt x 14.22636pt.
[59 <./Ex17/Fig02a.png> <./Ex17/Fig02b.png> <./Ex17/Fig02c.png> <./Ex17/Fig02d.
png>]
pdfTeX warning (ext4): destination with the same identifier (name{Q.3.8}) has b
een already used, duplicate ignored
<to be read again> 
                   \relax 
l.99 \Q P
         our chacun des oxydes métalliques, calculer le nombre d'électrons...

pdfTeX warning (ext4): destination with the same identifier (name{Q.3.9}) has b
een already used, duplicate ignored
<to be read again> 
                   \relax 
l.111 \Q D
          ans une approximation de liaison ionique, proposer un remplissage ...
<Ex17/Corr02b.pdf, id=869, 272.30533pt x 263.05379pt>
File: Ex17/Corr02b.pdf Graphic file (type pdf)
<use Ex17/Corr02b.pdf>
Package pdftex.def Info: Ex17/Corr02b.pdf  used on input line 116.
(pdftex.def)             Requested size: 147.26704pt x 142.26378pt.
<Ex17/Corr02c.pdf, id=870, 272.30533pt x 263.05379pt>
File: Ex17/Corr02c.pdf Graphic file (type pdf)
<use Ex17/Corr02c.pdf>
Package pdftex.def Info: Ex17/Corr02c.pdf  used on input line 116.
(pdftex.def)             Requested size: 147.26704pt x 142.26378pt.
<Ex17/Corr02d.pdf, id=871, 267.78845pt x 263.05379pt>
File: Ex17/Corr02d.pdf Graphic file (type pdf)
<use Ex17/Corr02d.pdf>
Package pdftex.def Info: Ex17/Corr02d.pdf  used on input line 116.
(pdftex.def)             Requested size: 144.82425pt x 142.26378pt.

Overfull \hbox (20.1143pt too wide) in paragraph at lines 116--116
 [] 
 []


pdfTeX warning (ext4): destination with the same identifier (name{Q.3.10}) has 
been already used, duplicate ignored
<to be read again> 
                   \relax 
l.120 \Q P
          ourquoi la tension dans les composés soufrés évolue-t-elle en g...

pdfTeX warning (ext4): destination with the same identifier (name{Q.3.11}) has 
been already used, duplicate ignored
<to be read again> 
                   \relax 
l.124 \Q D
          ans le composé \ce{LiCoO2}, on observe deux régimes remarquables...

pdfTeX warning (ext4): destination with the same identifier (name{Q.3.12}) has 
been already used, duplicate ignored
<to be read again> 
                   \relax 
l.128 \Q C
          ommenter l'évolution de la position des orbitales $p$ lors du pas...
File: cc-by-nc-sa.png Graphic file (type png)
<use cc-by-nc-sa.png>
Package pdftex.def Info: cc-by-nc-sa.png  used on input line 128.
(pdftex.def)             Requested size: 40.64pt x 14.22636pt.
[60 <./Ex17/Corr01a.png (PNG copy)> <./Ex17/Corr02b.pdf> <./Ex17/Corr02c.pdf

pdfTeX warning: /usr/bin/pdflatex (file ./Ex17/Corr02c.pdf): PDF inclusion: mul
tiple pdfs with page group included in a single page
> <./Ex17/Corr02d.pdf

pdfTeX warning: /usr/bin/pdflatex (file ./Ex17/Corr02d.pdf): PDF inclusion: mul
tiple pdfs with page group included in a single page
>]
pdfTeX warning (ext4): destination with the same identifier (name{Q.3.13}) has 
been already used, duplicate ignored
<to be read again> 
                   \relax 
l.135 \Q C
          ommenter l'influence de l'anion sur la position des orbitales des ...

pdfTeX warning (ext4): destination with the same identifier (name{Q.3.14}) has 
been already used, duplicate ignored
<to be read again> 
                   \relax 
l.142 \Q E
          n déduire pourquoi la tension à circuit-ouverte est quasiment co...
)
File: cc-by-nc-sa.png Graphic file (type png)
<use cc-by-nc-sa.png>
Package pdftex.def Info: cc-by-nc-sa.png  used on input line 332.
(pdftex.def)             Requested size: 40.64pt x 14.22636pt.
 (/usr/share/texlive/texmf-dist/tex/generic/stringenc/se-pdfdoc.def
File: se-pdfdoc.def 2019/11/29 v1.12 stringenc: PDFDocEncoding
)
(/usr/share/texlive/texmf-dist/tex/generic/stringenc/se-utf8.def
File: se-utf8.def 2019/11/29 v1.12 stringenc: UTF-8
) [61]
(./main.aux)
 ***********
LaTeX2e <2023-11-01> patch level 1
L3 programming layer <2024-01-22>
 ***********


LaTeX Warning: Label(s) may have changed. Rerun to get cross-references right.


Package rerunfilecheck Warning: File `main.out' has changed.
(rerunfilecheck)                Rerun to get outlines right
(rerunfilecheck)                or use package `bookmark'.

Package rerunfilecheck Info: Checksums for `main.out':
(rerunfilecheck)             Before: A0F5FF9E29204A86F195056C21B7C61A;12015
(rerunfilecheck)             After:  D0D516957B40E4172589F568F541255D;11955.
 ) 
Here is how much of TeX's memory you used:
 44367 strings out of 476039
 936997 string characters out of 5791729
 1965975 words of memory out of 5000000
 65344 multiletter control sequences out of 15000+600000
 660428 words of font info for 106 fonts, out of 8000000 for 9000
 81 hyphenation exceptions out of 8191
 132i,20n,135p,880b,1299s stack positions out of 10000i,1000n,20000p,200000b,200000s

pdfTeX warning (dest): name{subsubsection.2.3.3} has been referenced but does n
ot exist, replaced by a fixed one


pdfTeX warning (dest): name{subsubsection.2.3.2} has been referenced but does n
ot exist, replaced by a fixed one


pdfTeX warning (dest): name{subsubsection.2.2.3} has been referenced but does n
ot exist, replaced by a fixed one


pdfTeX warning (dest): name{subsubsection.2.2.2} has been referenced but does n
ot exist, replaced by a fixed one


pdfTeX warning (dest): name{subsubsection.2.2.1} has been referenced but does n
ot exist, replaced by a fixed one


pdfTeX warning (dest): name{subsubsection.2.1.5} has been referenced but does n
ot exist, replaced by a fixed one


pdfTeX warning (dest): name{subsubsection.2.1.4} has been referenced but does n
ot exist, replaced by a fixed one


pdfTeX warning (dest): name{subsubsection.2.1.3} has been referenced but does n
ot exist, replaced by a fixed one


pdfTeX warning (dest): name{subsubsection.2.1.2} has been referenced but does n
ot exist, replaced by a fixed one


pdfTeX warning (dest): name{subsubsection.2.1.1} has been referenced but does n
ot exist, replaced by a fixed one


pdfTeX warning (dest): name{subsubsection.1.6.3} has been referenced but does n
ot exist, replaced by a fixed one


pdfTeX warning (dest): name{subsubsection.1.6.2} has been referenced but does n
ot exist, replaced by a fixed one


pdfTeX warning (dest): name{subsubsection.1.6.1} has been referenced but does n
ot exist, replaced by a fixed one

</usr/share/texlive/texmf-dist/fonts/type1/public/fontawesome/FontAwesome.pfb><
/usr/share/texmf/fonts/type1/public/lm/lmbx10.pfb></usr/share/texmf/fonts/type1
/public/lm/lmbx12.pfb></usr/share/texmf/fonts/type1/public/lm/lmbx7.pfb></usr/s
hare/texmf/fonts/type1/public/lm/lmcsc10.pfb></usr/share/texmf/fonts/type1/publ
ic/lm/lmex10.pfb></usr/share/texmf/fonts/type1/public/lm/lmmi10.pfb></usr/share
/texmf/fonts/type1/public/lm/lmmi5.pfb></usr/share/texmf/fonts/type1/public/lm/
lmmi7.pfb></usr/share/texmf/fonts/type1/public/lm/lmr10.pfb></usr/share/texmf/f
onts/type1/public/lm/lmr12.pfb></usr/share/texmf/fonts/type1/public/lm/lmr5.pfb
></usr/share/texmf/fonts/type1/public/lm/lmr7.pfb></usr/share/texmf/fonts/type1
/public/lm/lmr8.pfb></usr/share/texmf/fonts/type1/public/lm/lmr9.pfb></usr/shar
e/texmf/fonts/type1/public/lm/lmri10.pfb></usr/share/texmf/fonts/type1/public/l
m/lmri7.pfb></usr/share/texmf/fonts/type1/public/lm/lmss12.pfb></usr/share/texm
f/fonts/type1/public/lm/lmss8.pfb></usr/share/texmf/fonts/type1/public/lm/lmssb
x10.pfb></usr/share/texmf/fonts/type1/public/lm/lmsy10.pfb></usr/share/texmf/fo
nts/type1/public/lm/lmsy5.pfb></usr/share/texmf/fonts/type1/public/lm/lmsy7.pfb
></usr/share/texmf/fonts/type1/public/lm/lmtt10.pfb></usr/share/texlive/texmf-d
ist/fonts/type1/public/amsfonts/symbols/msam10.pfb></usr/share/texlive/texmf-di
st/fonts/type1/public/amsfonts/symbols/msam7.pfb>
Output written on main.pdf (62 pages, 19640002 bytes).
PDF statistics:
 1118 PDF objects out of 1200 (max. 8388607)
 775 compressed objects within 8 object streams
 214 named destinations out of 1000 (max. 500000)
 638 words of extra memory for PDF output out of 10000 (max. 10000000)

