  1.00000      0.00000      0.00000
  1.01000      0.12141      0.00000
  1.02000      0.11912      0.00000
  1.03000      0.11690      0.00000
  1.04000      0.11474      0.00000
  1.05000      0.11265      0.00000
  1.06000      0.11061      0.00000
  1.07000      0.10863      0.00000
  1.08000      0.10670      0.00000
  1.09000      0.10482      0.00000
  1.10000      0.10300      0.00000
  1.11000      0.10122      0.00000
  1.12000      0.09949      0.00000
  1.13000      0.09780      0.00000
  1.14000      0.09616      0.00000
  1.15000      0.09456      0.00000
  1.16000      0.09300      0.00000
  1.17000      0.09149      0.00000
  1.18000      0.09000      0.00000
  1.19000      0.08856      0.00000
  1.20000      0.08715      0.00000
  1.21000      0.08578      0.00000
  1.22000      0.08443      0.00000
  1.23000      0.08313      0.00000
  1.24000      0.08185      0.00000
  1.25000      0.08060      0.00000
  1.26000      0.07938      0.00000
  1.27000      0.07819      0.00000
  1.28000      0.07703      0.00000
  1.29000      0.07589      0.00000
  1.30000      0.07478      0.00000
  1.31000      0.07369      0.00000
  1.32000      0.07263      0.00000
  1.33000      0.07159      0.00000
  1.34000      0.07058      0.00000
  1.35000      0.06959      0.00000
  1.36000      0.06862      0.00000
  1.37000      0.06766      0.00000
  1.38000      0.06673      0.00000
  1.39000      0.06582      0.00000
  1.40000      0.06493      0.00000
  1.41000      0.06406      0.00000
  1.42000      0.06321      0.00000
  1.43000      0.06237      0.00000
  1.44000      0.06155      0.00000
  1.45000      0.06075      0.00000
  1.46000      0.05996      0.00000
  1.47000      0.05919      0.00000
  1.48000      0.05843      0.00000
  1.49000      0.05769      0.00000
  1.50000      0.05696      0.00000
  1.51000      0.05625      0.00000
  1.52000      0.05555      0.00000
  1.53000      0.05487      0.00000
  1.54000      0.05420      0.00000
  1.55000      0.05354      0.00000
  1.56000      0.05289      0.00000
  1.57000      0.05226      0.00000
  1.58000      0.05163      0.00000
  1.59000      0.05102      0.00000
  1.60000      0.05042      0.00000
  1.61000      0.04983      0.00000
  1.62000      0.04925      0.00000
  1.63000      0.04869      0.00000
  1.64000      0.04813      0.00000
  1.65000      0.04758      0.00000
  1.66000      0.04704      0.00000
  1.67000      0.04651      0.00000
  1.68000      0.04599      0.00000
  1.69000      0.04548      0.00000
  1.70000      0.04498      0.00000
  1.71000      0.04449      0.00000
  1.72000      0.04400      0.00000
  1.73000      0.04353      0.00000
  1.74000      0.04306      0.00000
  1.75000      0.04260      0.00000
  1.76000      0.04215      0.00000
  1.77000      0.04170      0.00000
  1.78000      0.04126      0.00000
  1.79000      0.04083      0.00000
  1.80000      0.04041      0.00000
  1.81000      0.03999      0.00000
  1.82000      0.03958      0.00000
  1.83000      0.03918      0.00000
  1.84000      0.03878      0.00000
  1.85000      0.03839      0.00000
  1.86000      0.03801      0.00000
  1.87000      0.03763      0.00000
  1.88000      0.03726      0.00000
  1.89000      0.03689      0.00000
  1.90000      0.03653      0.00000
  1.91000      0.03617      0.00000
  1.92000      0.03582      0.00000
  1.93000      0.03548      0.00000
  1.94000      0.03514      0.00000
  1.95000      0.03480      0.00000
  1.96000      0.03447      0.00000
  1.97000      0.03415      0.00000
  1.98000      0.03383      0.00000
  1.99000      0.03352      0.00000
  2.00000      0.03320      0.00000
  2.01000      0.03290      0.00000
  2.02000      0.03260      0.00000
  2.03000      0.03230      0.00000
  2.04000      0.03201      0.00000
  2.05000      0.03172      0.00000
  2.06000      0.03143      0.00000
  2.07000      0.03115      0.00000
  2.08000      0.03088      0.00000
  2.09000      0.03060      0.00000
  2.10000      0.03034      0.00000
  2.11000      0.03007      0.00000
  2.12000      0.02981      0.00000
  2.13000      0.02955      0.00000
  2.14000      0.02930      0.00000
  2.15000      0.02905      0.00000
  2.16000      0.02880      0.00000
  2.17000      0.02855      0.00000
  2.18000      0.02831      0.00000
  2.19000      0.02808      0.00000
  2.20000      0.02784      0.00000
  2.21000      0.02761      0.00000
  2.22000      0.02738      0.00000
  2.23000      0.02716      0.00000
  2.24000      0.02693      0.00000
  2.25000      0.02671      0.00000
  2.26000      0.02650      0.00000
  2.27000      0.02628      0.00000
  2.28000      0.02607      0.00000
  2.29000      0.02586      0.00000
  2.30000      0.02566      0.00000
  2.31000      0.02546      0.00000
  2.32000      0.02526      0.00000
  2.33000      0.02506      0.00000
  2.34000      0.02486      0.00000
  2.35000      0.02467      0.00000
  2.36000      0.02448      0.00000
  2.37000      0.02429      0.00000
  2.38000      0.02410      0.00000
  2.39000      0.02392      0.00000
  2.40000      0.02374      0.00000
  2.41000      0.02356      0.00000
  2.42000      0.02338      0.00000
  2.43000      0.02321      0.00000
  2.44000      0.02303      0.00000
  2.45000      0.02286      0.00000
  2.46000      0.02269      0.00000
  2.47000      0.02253      0.00000
  2.48000      0.02236      0.00000
  2.49000      0.02220      0.00000
  2.50000      0.02204      0.00000
  2.51000      0.02188      0.00000
  2.52000      0.02172      0.00000
  2.53000      0.02157      0.00000
  2.54000      0.02141      0.00000
  2.55000      0.02126      0.00000
  2.56000      0.02111      0.00000
  2.57000      0.02096      0.00000
  2.58000      0.02081      0.00000
  2.59000      0.02067      0.00000
  2.60000      0.02053      0.00000
  2.61000      0.02038      0.00000
  2.62000      0.02024      0.00000
  2.63000      0.02010      0.00000
  2.64000      0.01997      0.00000
  2.65000      0.01983      0.00000
  2.66000      0.01970      0.00000
  2.67000      0.01956      0.00000
  2.68000      0.01943      0.00000
  2.69000      0.01930      0.00000
  2.70000      0.01917      0.00000
  2.71000      0.01905      0.00000
  2.72000      0.01892      0.00000
  2.73000      0.01880      0.00000
  2.74000      0.01867      0.00000
  2.75000      0.01855      0.00000
  2.76000      0.01843      0.00000
  2.77000      0.01831      0.00000
  2.78000      0.01819      0.00000
  2.79000      0.01808      0.00000
  2.80000      0.01796      0.00000
  2.81000      0.01785      0.00000
  2.82000      0.01773      0.00000
  2.83000      0.01762      0.00000
  2.84000      0.01751      0.00000
  2.85000      0.01740      0.00000
  2.86000      0.01729      0.00000
  2.87000      0.01719      0.00000
  2.88000      0.01708      0.00000
  2.89000      0.01697      0.00000
  2.90000      0.01687      0.00000
  2.91000      0.01677      0.00000
  2.92000      0.01666      0.00000
  2.93000      0.01656      0.00000
  2.94000      0.01646      0.00000
  2.95000      0.01636      0.00000
  2.96000      0.01626      0.00000
  2.97000      0.01617      0.00000
  2.98000      0.01607      0.00000
  2.99000      0.01598      0.00000
  3.00000      0.01588      0.00000
  3.01000      0.01579      0.00000
  3.02000      0.01570      0.00000
  3.03000      0.01560      0.00000
  3.04000      0.01551      0.00000
  3.05000      0.01542      0.00000
  3.06000      0.01533      0.00000
  3.07000      0.01525      0.00000
  3.08000      0.01516      0.00000
  3.09000      0.01507      0.00000
  3.10000      0.01499      0.00000
  3.11000      0.01490      0.00000
  3.12000      0.01482      0.00000
  3.13000      0.01473      0.00000
  3.14000      0.01465      0.00000
  3.15000      0.01457      0.00000
  3.16000      0.01449      0.00000
  3.17000      0.01441      0.00000
  3.18000      0.01433      0.00000
  3.19000      0.01425      0.00000
  3.20000      0.01417      0.00000
  3.21000      0.01409      0.00000
  3.22000      0.01402      0.00000
  3.23000      0.01394      0.00000
  3.24000      0.01386      0.00000
  3.25000      0.01379      0.00000
  3.26000      0.01372      0.00000
  3.27000      0.01364      0.00000
  3.28000      0.01357      0.00000
  3.29000      0.01350      0.00000
  3.30000      0.01343      0.00000
  3.31000      0.01335      0.00000
  3.32000      0.01328      0.00000
  3.33000      0.01321      0.00000
  3.34000      0.01315      0.00000
  3.35000      0.01308      0.00000
  3.36000      0.01301      0.00000
  3.37000      0.01294      0.00000
  3.38000      0.01288      0.00000
  3.39000      0.01281      0.00000
  3.40000      0.01274      0.00000
  3.41000      0.01268      0.00000
  3.42000      0.01261      0.00000
  3.43000      0.01255      0.00000
  3.44000      0.01249      0.00000
  3.45000      0.01242      0.00000
  3.46000      0.01236      0.00000
  3.47000      0.01230      0.00000
  3.48000      0.01224      0.00000
  3.49000      0.01218      0.00000
  3.50000      0.01212      0.00000
  3.51000      0.01206      0.00000
  3.52000      0.01200      0.00000
  3.53000      0.01194      0.00000
  3.54000      0.01188      0.00000
  3.55000      0.01182      0.00000
  3.56000      0.01177      0.00000
  3.57000      0.01171      0.00000
  3.58000      0.01165      0.00000
  3.59000      0.01160      0.00000
  3.60000      0.01154      0.00000
  3.61000      0.01149      0.00000
  3.62000      0.01143      0.00000
  3.63000      0.01138      0.00000
  3.64000      0.01132      0.00000
  3.65000      0.01127      0.00000
  3.66000      0.01122      0.00000
  3.67000      0.01117      0.00000
  3.68000      0.01111      0.00000
  3.69000      0.01106      0.00000
  3.70000      0.01101      0.00000
  3.71000      0.01096      0.00000
  3.72000      0.01091      0.00000
  3.73000      0.01086      0.00000
  3.74000      0.01081      0.00000
  3.75000      0.01076      0.00000
  3.76000      0.01071      0.00000
  3.77000      0.01066      0.00000
  3.78000      0.01062      0.00000
  3.79000      0.01057      0.00000
  3.80000      0.01052      0.00000
  3.81000      0.01047      0.00000
  3.82000      0.01043      0.00000
  3.83000      0.01038      0.00000
  3.84000      0.01033      0.00000
  3.85000      0.01029      0.00000
  3.86000      0.01024      0.00000
  3.87000      0.01020      0.00000
  3.88000      0.01015      0.00000
  3.89000      0.01011      0.00000
  3.90000      0.01007      0.00000
  3.91000      0.01002      0.00000
  3.92000      0.00998      0.00000
  3.93000      0.00994      0.00000
  3.94000      0.00989      0.00000
  3.95000      0.00985      0.00000
  3.96000      0.00981      0.00000
  3.97000      0.00977      0.00000
  3.98000      0.00972      0.00000
  3.99000      0.00968      0.00000
  4.00000      0.00964      0.00000
  4.01000      0.00960      0.00000
  4.02000      0.00956      0.00000
  4.03000      0.00952      0.00000
  4.04000      0.00948      0.00000
  4.05000      0.00944      0.00000
  4.06000      0.00940      0.00000
  4.07000      0.00937      0.00000
  4.08000      0.00933      0.00000
  4.09000      0.00929      0.00000
  4.10000      0.00925      0.00000
  4.11000      0.00921      0.00000
  4.12000      0.00918      0.00000
  4.13000      0.00914      0.00000
  4.14000      0.00910      0.00000
  4.15000      0.00906      0.00000
  4.16000      0.00903      0.00000
  4.17000      0.00899      0.00000
  4.18000      0.00896      0.00000
  4.19000      0.00892      0.00000
  4.20000      0.00888      0.00000
  4.21000      0.00885      0.00000
  4.22000      0.00881      0.00000
  4.23000      0.00878      0.00000
  4.24000      0.00875      0.00000
  4.25000      0.00871      0.00000
  4.26000      0.00868      0.00000
  4.27000      0.00864      0.00000
  4.28000      0.00861      0.00000
  4.29000      0.00858      0.00000
  4.30000      0.00854      0.00000
  4.31000      0.00851      0.00000
  4.32000      0.00848      0.00000
  4.33000      0.00845      0.00000
  4.34000      0.00841      0.00000
  4.35000      0.00838      0.00000
  4.36000      0.00835      0.00000
  4.37000      0.00832      0.00000
  4.38000      0.00829      0.00000
  4.39000      0.00826      0.00000
  4.40000      0.00822      0.00000
  4.41000      0.00819      0.00000
  4.42000      0.00816      0.00000
  4.43000      0.00813      0.00000
  4.44000      0.00810      0.00000
  4.45000      0.00807      0.00000
  4.46000      0.00804      0.00000
  4.47000      0.00801      0.00000
  4.48000      0.00798      0.00000
  4.49000      0.00795      0.00000
  4.50000      0.00793      0.00000
  4.51000      0.00790      0.00000
  4.52000      0.00787      0.00000
  4.53000      0.00784      0.00000
  4.54000      0.00781      0.00000
  4.55000      0.00778      0.00000
  4.56000      0.00776      0.00000
  4.57000      0.00773      0.00000
  4.58000      0.00770      0.00000
  4.59000      0.00767      0.00000
  4.60000      0.00765      0.00000
  4.61000      0.00762      0.00000
  4.62000      0.00759      0.00000
  4.63000      0.00757      0.00000
  4.64000      0.00754      0.00000
  4.65000      0.00751      0.00000
  4.66000      0.00749      0.00000
  4.67000      0.00746      0.00000
  4.68000      0.00743      0.00000
  4.69000      0.00741      0.00000
  4.70000      0.00738      0.00000
  4.71000      0.00736      0.00000
  4.72000      0.00733      0.00000
  4.73000      0.00731      0.00000
  4.74000      0.00728      0.00000
  4.75000      0.00726      0.00000
  4.76000      0.00723      0.00000
  4.77000      0.00721      0.00000
  4.78000      0.00718      0.00000
  4.79000      0.00716      0.00000
  4.80000      0.00714      0.00000
  4.81000      0.00711      0.00000
  4.82000      0.00709      0.00000
  4.83000      0.00706      0.00000
  4.84000      0.00704      0.00000
  4.85000      0.00702      0.00000
  4.86000      0.00699      0.00000
  4.87000      0.00697      0.00000
  4.88000      0.00695      0.00000
  4.89000      0.00693      0.00000
  4.90000      0.00690      0.00000
  4.91000      0.00688      0.00000
  4.92000      0.00686      0.00000
  4.93000      0.00684      0.00000
  4.94000      0.00681      0.00000
  4.95000      0.00679      0.00000
  4.96000      0.00677      0.00000
  4.97000      0.00675      0.00000
  4.98000      0.00673      0.00000
  4.99000      0.00671      0.00000
  5.00000      0.00668      0.00000
  5.01000      0.00666      0.00000
  5.02000      0.00664      0.00000
  5.03000      0.00662      0.00000
  5.04000      0.00660      0.00000
  5.05000      0.00658      0.00000
  5.06000      0.00656      0.00000
  5.07000      0.00654      0.00000
  5.08000      0.00652      0.00000
  5.09000      0.00650      0.00000
  5.10000      0.00648      0.00000
  5.11000      0.00646      0.00000
  5.12000      0.00644      0.00000
  5.13000      0.00642      0.00000
  5.14000      0.00640      0.00000
  5.15000      0.00638      0.00000
  5.16000      0.00636      0.00000
  5.17000      0.00634      0.00000
  5.18000      0.00632      0.00000
  5.19000      0.00630      0.00000
  5.20000      0.00628      0.00000
  5.21000      0.00626      0.00000
  5.22000      0.00624      0.00000
  5.23000      0.00623      0.00000
  5.24000      0.00621      0.00000
  5.25000      0.00619      0.00000
  5.26000      0.00617      0.00000
  5.27000      0.00615      0.00000
  5.28000      0.00613      0.00000
  5.29000      0.00612      0.00000
  5.30000      0.00610      0.00000
  5.31000      0.00608      0.00000
  5.32000      0.00606      0.00000
  5.33000      0.00604      0.00000
  5.34000      0.00603      0.00000
  5.35000      0.00601      0.00000
  5.36000      0.00599      0.00000
  5.37000      0.00597      0.00000
  5.38000      0.00596      0.00000
  5.39000      0.00594      0.00000
  5.40000      0.00592      0.00000
  5.41000      0.00591      0.00000
  5.42000      0.00589      0.00000
  5.43000      0.00587      0.00000
  5.44000      0.00586      0.00000
  5.45000      0.00584      0.00000
  5.46000      0.00582      0.00000
  5.47000      0.00581      0.00000
  5.48000      0.00579      0.00000
  5.49000      0.00577      0.00000
  5.50000      0.00576      0.00000
  5.51000      0.00574      0.00000
  5.52000      0.00573      0.00000
  5.53000      0.00571      0.00000
  5.54000      0.00569      0.00000
  5.55000      0.00568      0.00000
  5.56000      0.00566      0.00000
  5.57000      0.00565      0.00000
  5.58000      0.00563      0.00000
  5.59000      0.00562      0.00000
  5.60000      0.00560      0.00000
  5.61000      0.00559      0.00000
  5.62000      0.00557      0.00000
  5.63000      0.00555      0.00000
  5.64000      0.00554      0.00000
  5.65000      0.00552      0.00000
  5.66000      0.00551      0.00000
  5.67000      0.00550      0.00000
  5.68000      0.00548      0.00000
  5.69000      0.00547      0.00000
  5.70000      0.00545      0.00000
  5.71000      0.00544      0.00000
  5.72000      0.00542      0.00000
  5.73000      0.00541      0.00000
  5.74000      0.00539      0.00000
  5.75000      0.00538      0.00000
  5.76000      0.00537      0.00000
  5.77000      0.00535      0.00000
  5.78000      0.00534      0.00000
  5.79000      0.00532      0.00000
  5.80000      0.00531      0.00000
  5.81000      0.00530      0.00000
  5.82000      0.00528      0.00000
  5.83000      0.00527      0.00000
  5.84000      0.00526      0.00000
  5.85000      0.00524      0.00000
  5.86000      0.00523      0.00000
  5.87000      0.00521      0.00000
  5.88000      0.00520      0.00000
  5.89000      0.00519      0.00000
  5.90000      0.00518      0.00000
  5.91000      0.00516      0.00000
  5.92000      0.00515      0.00000
  5.93000      0.00514      0.00000
  5.94000      0.00512      0.00000
  5.95000      0.00511      0.00000
  5.96000      0.00510      0.00000
  5.97000      0.00508      0.00000
  5.98000      0.00507      0.00000
  5.99000      0.00506      0.00000
  6.00000      0.00505      0.00000
  6.01000      0.00503      0.00000
  6.02000      0.00502      0.00000
  6.03000      0.00501      0.00000
  6.04000      0.00500      0.00000
  6.05000      0.00499      0.00000
  6.06000      0.00497      0.00000
  6.07000      0.00496      0.00000
  6.08000      0.00495      0.00000
  6.09000      0.00494      0.00000
  6.10000      0.00493      0.00000
  6.11000      0.00491      0.00000
  6.12000      0.00490      0.00000
  6.13000      0.00489      0.00000
  6.14000      0.00488      0.00000
  6.15000      0.00487      0.00000
  6.16000      0.00485      0.00000
  6.17000      0.00484      0.00000
  6.18000      0.00483      0.00000
  6.19000      0.00482      0.00000
  6.20000      0.00481      0.00000
  6.21000      0.00480      0.00000
  6.22000      0.00479      0.00000
  6.23000      0.00478      0.00000
  6.24000      0.00476      0.00000
  6.25000      0.00475      0.00000
  6.26000      0.00474      0.00000
  6.27000      0.00473      0.00000
  6.28000      0.00472      0.00000
  6.29000      0.00471      0.00000
  6.30000      0.00470      0.00000
  6.31000      0.00469      0.00000
  6.32000      0.00468      0.00000
  6.33000      0.00467      0.00000
  6.34000      0.00466      0.00000
  6.35000      0.00464      0.00000
  6.36000      0.00463      0.00000
  6.37000      0.00462      0.00000
  6.38000      0.00461      0.00000
  6.39000      0.00460      0.00000
  6.40000      0.00459      0.00000
  6.41000      0.00458      0.00000
  6.42000      0.00457      0.00000
  6.43000      0.00456      0.00000
  6.44000      0.00455      0.00000
  6.45000      0.00454      0.00000
  6.46000      0.00453      0.00000
  6.47000      0.00452      0.00000
  6.48000      0.00451      0.00000
  6.49000      0.00450      0.00000
  6.50000      0.00449      0.00000
  6.51000      0.00448      0.00000
  6.52000      0.00447      0.00000
  6.53000      0.00446      0.00000
  6.54000      0.00445      0.00000
  6.55000      0.00444      0.00000
  6.56000      0.00443      0.00000
  6.57000      0.00442      0.00000
  6.58000      0.00441      0.00000
  6.59000      0.00440      0.00000
  6.60000      0.00439      0.00000
  6.61000      0.00439      0.00000
  6.62000      0.00438      0.00000
  6.63000      0.00437      0.00000
  6.64000      0.00436      0.00000
  6.65000      0.00435      0.00000
  6.66000      0.00434      0.00000
  6.67000      0.00433      0.00000
  6.68000      0.00432      0.00000
  6.69000      0.00431      0.00000
  6.70000      0.00430      0.00000
  6.71000      0.00429      0.00000
  6.72000      0.00428      0.00000
  6.73000      0.00428      0.00000
  6.74000      0.00427      0.00000
  6.75000      0.00426      0.00000
  6.76000      0.00425      0.00000
  6.77000      0.00424      0.00000
  6.78000      0.00423      0.00000
  6.79000      0.00422      0.00000
  6.80000      0.00421      0.00000
  6.81000      0.00421      0.00000
  6.82000      0.00420      0.00000
  6.83000      0.00419      0.00000
  6.84000      0.00418      0.00000
  6.85000      0.00417      0.00000
  6.86000      0.00416      0.00000
  6.87000      0.00415      0.00000
  6.88000      0.00415      0.00000
  6.89000      0.00414      0.00000
  6.90000      0.00413      0.00000
  6.91000      0.00412      0.00000
  6.92000      0.00411      0.00000
  6.93000      0.00411      0.00000
  6.94000      0.00410      0.00000
  6.95000      0.00409      0.00000
  6.96000      0.00408      0.00000
  6.97000      0.00407      0.00000
  6.98000      0.00407      0.00000
  6.99000      0.00406      0.00000
  7.00000      0.00405      0.00000
  7.01000      0.00404      0.00000
  7.02000      0.00403      0.00000
  7.03000      0.00403      0.00000
  7.04000      0.00402      0.00000
  7.05000      0.00401      0.00000
  7.06000      0.00400      0.00000
  7.07000      0.00399      0.00000
  7.08000      0.00399      0.00000
  7.09000      0.00398      0.00000
  7.10000      0.00397      0.00000
  7.11000      0.00396      0.00000
  7.12000      0.00396      0.00000
  7.13000      0.00395      0.00000
  7.14000      0.00394      0.00000
  7.15000      0.00393      0.00000
  7.16000      0.00393      0.00000
  7.17000      0.00392      0.00000
  7.18000      0.00391      0.00000
  7.19000      0.00390      0.00000
  7.20000      0.00390      0.00000
  7.21000      0.00389      0.00000
  7.22000      0.00388      0.00000
  7.23000      0.00388      0.00000
  7.24000      0.00387      0.00000
  7.25000      0.00386      0.00000
  7.26000      0.00385      0.00000
  7.27000      0.00385      0.00000
  7.28000      0.00384      0.00000
  7.29000      0.00383      0.00000
  7.30000      0.00383      0.00000
  7.31000      0.00382      0.00000
  7.32000      0.00381      0.00000
  7.33000      0.00381      0.00000
  7.34000      0.00380      0.00000
  7.35000      0.00379      0.00000
  7.36000      0.00379      0.00000
  7.37000      0.00378      0.00000
  7.38000      0.00377      0.00000
  7.39000      0.00376      0.00000
  7.40000      0.00376      0.00000
  7.41000      0.00375      0.00000
  7.42000      0.00374      0.00000
  7.43000      0.00374      0.00000
  7.44000      0.00373      0.00000
  7.45000      0.00372      0.00000
  7.46000      0.00372      0.00000
  7.47000      0.00371      0.00000
  7.48000      0.00371      0.00000
  7.49000      0.00370      0.00000
  7.50000      0.00369      0.00000
  7.51000      0.00369      0.00000
  7.52000      0.00368      0.00000
  7.53000      0.00367      0.00000
  7.54000      0.00367      0.00000
  7.55000      0.00366      0.00000
  7.56000      0.00365      0.00000
  7.57000      0.00365      0.00000
  7.58000      0.00364      0.00000
  7.59000      0.00364      0.00000
  7.60000      0.00363      0.00000
  7.61000      0.00362      0.00000
  7.62000      0.00362      0.00000
  7.63000      0.00361      0.00000
  7.64000      0.00361      0.00000
  7.65000      0.00360      0.00000
  7.66000      0.00359      0.00000
  7.67000      0.00359      0.00000
  7.68000      0.00358      0.00000
  7.69000      0.00358      0.00000
  7.70000      0.00357      0.00000
  7.71000      0.00356      0.00000
  7.72000      0.00356      0.00000
  7.73000      0.00355      0.00000
  7.74000      0.00355      0.00000
  7.75000      0.00354      0.00000
  7.76000      0.00353      0.00000
  7.77000      0.00353      0.00000
  7.78000      0.00352      0.00000
  7.79000      0.00352      0.00000
  7.80000      0.00351      0.00000
  7.81000      0.00351      0.00000
  7.82000      0.00350      0.00000
  7.83000      0.00349      0.00000
  7.84000      0.00349      0.00000
  7.85000      0.00348      0.00000
  7.86000      0.00348      0.00000
  7.87000      0.00347      0.00000
  7.88000      0.00347      0.00000
  7.89000      0.00346      0.00000
  7.90000      0.00346      0.00000
  7.91000      0.00345      0.00000
  7.92000      0.00344      0.00000
  7.93000      0.00344      0.00000
  7.94000      0.00343      0.00000
  7.95000      0.00343      0.00000
  7.96000      0.00342      0.00000
  7.97000      0.00342      0.00000
  7.98000      0.00341      0.00000
  7.99000      0.00341      0.00000
  8.00000      0.00340      0.00000
  8.01000      0.00340      0.00000
  8.02000      0.00339      0.00000
  8.03000      0.00339      0.00000
  8.04000      0.00338      0.00000
  8.05000      0.00338      0.00000
  8.06000      0.00337      0.00000
  8.07000      0.00337      0.00000
  8.08000      0.00336      0.00000
  8.09000      0.00336      0.00000
  8.10000      0.00335      0.00000
  8.11000      0.00335      0.00000
  8.12000      0.00334      0.00000
  8.13000      0.00334      0.00000
  8.14000      0.00333      0.00000
  8.15000      0.00333      0.00000
  8.16000      0.00332      0.00000
  8.17000      0.00332      0.00000
  8.18000      0.00331      0.00000
  8.19000      0.00331      0.00000
  8.20000      0.00330      0.00000
  8.21000      0.00330      0.00000
  8.22000      0.00329      0.00000
  8.23000      0.00329      0.00000
  8.24000      0.00328      0.00000
  8.25000      0.00328      0.00000
  8.26000      0.00327      0.00000
  8.27000      0.00327      0.00000
  8.28000      0.00326      0.00000
  8.29000      0.00326      0.00000
  8.30000      0.00325      0.00000
  8.31000      0.00325      0.00000
  8.32000      0.00324      0.00000
  8.33000      0.00324      0.00000
  8.34000      0.00323      0.00000
  8.35000      0.00323      0.00000
  8.36000      0.00323      0.00000
  8.37000      0.00322      0.00000
  8.38000      0.00322      0.00000
  8.39000      0.00321      0.00000
  8.40000      0.00321      0.00000
  8.41000      0.00320      0.00000
  8.42000      0.00320      0.00000
  8.43000      0.00319      0.00000
  8.44000      0.00319      0.00000
  8.45000      0.00319      0.00000
  8.46000      0.00318      0.00000
  8.47000      0.00318      0.00000
  8.48000      0.00317      0.00000
  8.49000      0.00317      0.00000
  8.50000      0.00316      0.00000
  8.51000      0.00316      0.00000
  8.52000      0.00315      0.00000
  8.53000      0.00315      0.00000
  8.54000      0.00315      0.00000
  8.55000      0.00314      0.00000
  8.56000      0.00314      0.00000
  8.57000      0.00313      0.00000
  8.58000      0.00313      0.00000
  8.59000      0.00313      0.00000
  8.60000      0.00312      0.00000
  8.61000      0.00312      0.00000
  8.62000      0.00311      0.00000
  8.63000      0.00311      0.00000
  8.64000      0.00310      0.00000
  8.65000      0.00310      0.00000
  8.66000      0.00310      0.00000
  8.67000      0.00309      0.00000
  8.68000      0.00309      0.00000
  8.69000      0.00308      0.00000
  8.70000      0.00308      0.00000
  8.71000      0.00308      0.00000
  8.72000      0.00307      0.00000
  8.73000      0.00307      0.00000
  8.74000      0.00306      0.00000
  8.75000      0.00306      0.00000
  8.76000      0.00306      0.00000
  8.77000      0.00305      0.00000
  8.78000      0.00305      0.00000
  8.79000      0.00304      0.00000
  8.80000      0.00304      0.00000
  8.81000      0.00304      0.00000
  8.82000      0.00303      0.00000
  8.83000      0.00303      0.00000
  8.84000      0.00303      0.00000
  8.85000      0.00302      0.00000
  8.86000      0.00302      0.00000
  8.87000      0.00301      0.00000
  8.88000      0.00301      0.00000
  8.89000      0.00301      0.00000
  8.90000      0.00300      0.00000
  8.91000      0.00300      0.00000
  8.92000      0.00300      0.00000
  8.93000      0.00299      0.00000
  8.94000      0.00299      0.00000
  8.95000      0.00298      0.00000
  8.96000      0.00298      0.00000
  8.97000      0.00298      0.00000
  8.98000      0.00297      0.00000
  8.99000      0.00297      0.00000
  9.00000      0.00297      0.00000
  9.01000      0.00296      0.00000
  9.02000      0.00296      0.00000
  9.03000      0.00296      0.00000
  9.04000      0.00295      0.00000
  9.05000      0.00295      0.00000
  9.06000      0.00295      0.00000
  9.07000      0.00294      0.00000
  9.08000      0.00294      0.00000
  9.09000      0.00294      0.00000
  9.10000      0.00293      0.00000
  9.11000      0.00293      0.00000
  9.12000      0.00292      0.00000
  9.13000      0.00292      0.00000
  9.14000      0.00292      0.00000
  9.15000      0.00291      0.00000
  9.16000      0.00291      0.00000
  9.17000      0.00291      0.00000
  9.18000      0.00290      0.00000
  9.19000      0.00290      0.00000
  9.20000      0.00290      0.00000
  9.21000      0.00289      0.00000
  9.22000      0.00289      0.00000
  9.23000      0.00289      0.00000
  9.24000      0.00288      0.00000
  9.25000      0.00288      0.00000
  9.26000      0.00288      0.00000
  9.27000      0.00288      0.00000
  9.28000      0.00287      0.00000
  9.29000      0.00287      0.00000
  9.30000      0.00287      0.00000
  9.31000      0.00286      0.00000
  9.32000      0.00286      0.00000
  9.33000      0.00286      0.00000
  9.34000      0.00285      0.00000
  9.35000      0.00285      0.00000
  9.36000      0.00285      0.00000
  9.37000      0.00284      0.00000
  9.38000      0.00284      0.00000
  9.39000      0.00284      0.00000
  9.40000      0.00283      0.00000
  9.41000      0.00283      0.00000
  9.42000      0.00283      0.00000
  9.43000      0.00283      0.00000
  9.44000      0.00282      0.00000
  9.45000      0.00282      0.00000
  9.46000      0.00282      0.00000
  9.47000      0.00281      0.00000
  9.48000      0.00281      0.00000
  9.49000      0.00281      0.00000
  9.50000      0.00280      0.00000
  9.51000      0.00280      0.00000
  9.52000      0.00280      0.00000
  9.53000      0.00280      0.00000
  9.54000      0.00279      0.00000
  9.55000      0.00279      0.00000
  9.56000      0.00279      0.00000
  9.57000      0.00278      0.00000
  9.58000      0.00278      0.00000
  9.59000      0.00278      0.00000
  9.60000      0.00278      0.00000
  9.61000      0.00277      0.00000
  9.62000      0.00277      0.00000
  9.63000      0.00277      0.00000
  9.64000      0.00276      0.00000
  9.65000      0.00276      0.00000
  9.66000      0.00276      0.00000
  9.67000      0.00276      0.00000
  9.68000      0.00275      0.00000
  9.69000      0.00275      0.00000
  9.70000      0.00275      0.00000
  9.71000      0.00274      0.00000
  9.72000      0.00274      0.00000
  9.73000      0.00274      0.00000
  9.74000      0.00274      0.00000
  9.75000      0.00273      0.00000
  9.76000      0.00273      0.00000
  9.77000      0.00273      0.00000
  9.78000      0.00273      0.00000
  9.79000      0.00272      0.00000
  9.80000      0.00272      0.00000
  9.81000      0.00272      0.00000
  9.82000      0.00272      0.00000
  9.83000      0.00271      0.00000
  9.84000      0.00271      0.00000
  9.85000      0.00271      0.00000
  9.86000      0.00271      0.00000
  9.87000      0.00270      0.00000
  9.88000      0.00270      0.00000
  9.89000      0.00270      0.00000
  9.90000      0.00270      0.00000
  9.91000      0.00269      0.00000
  9.92000      0.00269      0.00000
  9.93000      0.00269      0.00000
  9.94000      0.00269      0.00000
  9.95000      0.00268      0.00000
  9.96000      0.00268      0.00000
  9.97000      0.00268      0.00000
  9.98000      0.00268      0.00000
  9.99000      0.00267      0.00000
 10.00000      0.00267      0.00000
 10.01000      0.00267      0.00000
 10.02000      0.00267      0.00000
 10.03000      0.00266      0.00000
 10.04000      0.00266      0.00000
 10.05000      0.00266      0.00000
 10.06000      0.00266      0.00000
 10.07000      0.00265      0.00000
 10.08000      0.00265      0.00000
 10.09000      0.00265      0.00000
 10.10000      0.00265      0.00000
 10.11000      0.00264      0.00000
 10.12000      0.00264      0.00000
 10.13000      0.00264      0.00000
 10.14000      0.00264      0.00000
 10.15000      0.00264      0.00000
 10.16000      0.00263      0.00000
 10.17000      0.00263      0.00000
 10.18000      0.00263      0.00000
 10.19000      0.00263      0.00000
 10.20000      0.00262      0.00000
 10.21000      0.00262      0.00000
 10.22000      0.00262      0.00000
 10.23000      0.00262      0.00000
 10.24000      0.00261      0.00000
 10.25000      0.00261      0.00000
 10.26000      0.00261      0.00000
 10.27000      0.00261      0.00000
 10.28000      0.00261      0.00000
 10.29000      0.00260      0.00000
 10.30000      0.00260      0.00000
 10.31000      0.00260      0.00000
 10.32000      0.00260      0.00000
 10.33000      0.00260      0.00000
 10.34000      0.00259      0.00000
 10.35000      0.00259      0.00000
 10.36000      0.00259      0.00000
 10.37000      0.00259      0.00000
 10.38000      0.00259      0.00000
 10.39000      0.00258      0.00000
 10.40000      0.00258      0.00000
 10.41000      0.00258      0.00000
 10.42000      0.00258      0.00000
 10.43000      0.00257      0.00000
 10.44000      0.00257      0.00000
 10.45000      0.00257      0.00000
 10.46000      0.00257      0.00000
 10.47000      0.00257      0.00000
 10.48000      0.00256      0.00000
 10.49000      0.00256      0.00000
 10.50000      0.00256      0.00000
 10.51000      0.00256      0.00000
 10.52000      0.00256      0.00000
 10.53000      0.00255      0.00000
 10.54000      0.00255      0.00000
 10.55000      0.00255      0.00000
 10.56000      0.00255      0.00000
 10.57000      0.00255      0.00000
 10.58000      0.00255      0.00000
 10.59000      0.00254      0.00000
 10.60000      0.00254      0.00000
 10.61000      0.00254      0.00000
 10.62000      0.00254      0.00000
 10.63000      0.00254      0.00000
 10.64000      0.00253      0.00000
 10.65000      0.00253      0.00000
 10.66000      0.00253      0.00000
 10.67000      0.00253      0.00000
 10.68000      0.00253      0.00000
 10.69000      0.00252      0.00000
 10.70000      0.00252      0.00000
 10.71000      0.00252      0.00000
 10.72000      0.00252      0.00000
 10.73000      0.00252      0.00000
 10.74000      0.00252      0.00000
 10.75000      0.00251      0.00000
 10.76000      0.00251      0.00000
 10.77000      0.00251      0.00000
 10.78000      0.00251      0.00000
 10.79000      0.00251      0.00000
 10.80000      0.00251      0.00000
 10.81000      0.00250      0.00000
 10.82000      0.00250      0.00000
 10.83000      0.00250      0.00000
 10.84000      0.00250      0.00000
 10.85000      0.00250      0.00000
 10.86000      0.00250      0.00000
 10.87000      0.00249      0.00000
 10.88000      0.00249      0.00000
 10.89000      0.00249      0.00000
 10.90000      0.00249      0.00000
 10.91000      0.00249      0.00000
 10.92000      0.00249      0.00000
 10.93000      0.00248      0.00000
 10.94000      0.00248      0.00000
 10.95000      0.00248      0.00000
 10.96000      0.00248      0.00000
 10.97000      0.00248      0.00000
 10.98000      0.00248      0.00000
 10.99000      0.00247      0.00000
 11.00000      0.00247      0.00000
 11.01000      0.00247      0.00000
 11.02000      0.00247      0.00000
 11.03000      0.00247      0.00000
 11.04000      0.00247      0.00000
 11.05000      0.00246      0.00000
 11.06000      0.00246      0.00000
 11.07000      0.00246      0.00000
 11.08000      0.00246      0.00000
 11.09000      0.00246      0.00000
 11.10000      0.00246      0.00000
 11.11000      0.00246      0.00000
 11.12000      0.00245      0.00000
 11.13000      0.00245      0.00000
 11.14000      0.00245      0.00000
 11.15000      0.00245      0.00000
 11.16000      0.00245      0.00000
 11.17000      0.00245      0.00000
 11.18000      0.00245      0.00000
 11.19000      0.00244      0.00000
 11.20000      0.00244      0.00000
 11.21000      0.00244      0.00000
 11.22000      0.00244      0.00000
 11.23000      0.00244      0.00000
 11.24000      0.00244      0.00000
 11.25000      0.00244      0.00000
 11.26000      0.00243      0.00000
 11.27000      0.00243      0.00000
 11.28000      0.00243      0.00000
 11.29000      0.00243      0.00000
 11.30000      0.00243      0.00000
 11.31000      0.00243      0.00000
 11.32000      0.00243      0.00000
 11.33000      0.00242      0.00000
 11.34000      0.00242      0.00000
 11.35000      0.00242      0.00000
 11.36000      0.00242      0.00000
 11.37000      0.00242      0.00000
 11.38000      0.00242      0.00000
 11.39000      0.00242      0.00000
 11.40000      0.00242      0.00000
 11.41000      0.00241      0.00000
 11.42000      0.00241      0.00000
 11.43000      0.00241      0.00000
 11.44000      0.00241      0.00000
 11.45000      0.00241      0.00000
 11.46000      0.00241      0.00000
 11.47000      0.00241      0.00000
 11.48000      0.00241      0.00000
 11.49000      0.00240      0.00000
 11.50000      0.00240      0.00000
 11.51000      0.00240      0.00000
 11.52000      0.00240      0.00000
 11.53000      0.00240      0.00000
 11.54000      0.00240      0.00000
 11.55000      0.00240      0.00000
 11.56000      0.00240      0.00000
 11.57000      0.00239      0.00000
 11.58000      0.00239      0.00000
 11.59000      0.00239      0.00000
 11.60000      0.00239      0.00000
 11.61000      0.00239      0.00000
 11.62000      0.00239      0.00000
 11.63000      0.00239      0.00000
 11.64000      0.00239      0.00000
 11.65000      0.00239      0.00000
 11.66000      0.00238      0.00000
 11.67000      0.00238      0.00000
 11.68000      0.00238      0.00000
 11.69000      0.00238      0.00000
 11.70000      0.00238      0.00000
 11.71000      0.00238      0.00000
 11.72000      0.00238      0.00000
 11.73000      0.00238      0.00000
 11.74000      0.00238      0.00000
 11.75000      0.00237      0.00000
 11.76000      0.00237      0.00000
 11.77000      0.00237      0.00000
 11.78000      0.00237      0.00000
 11.79000      0.00237      0.00000
 11.80000      0.00237      0.00000
 11.81000      0.00237      0.00000
 11.82000      0.00237      0.00000
 11.83000      0.00237      0.00000
 11.84000      0.00237      0.00000
 11.85000      0.00236      0.00000
 11.86000      0.00236      0.00000
 11.87000      0.00236      0.00000
 11.88000      0.00236      0.00000
 11.89000      0.00236      0.00000
 11.90000      0.00236      0.00000
 11.91000      0.00236      0.00000
 11.92000      0.00236      0.00000
 11.93000      0.00236      0.00000
 11.94000      0.00236      0.00000
 11.95000      0.00235      0.00000
 11.96000      0.00235      0.00000
 11.97000      0.00235      0.00000
 11.98000      0.00235      0.00000
 11.99000      0.00235      0.00000
 12.00000      0.00235      0.00000
 12.01000      0.00235      0.00000
 12.02000      0.00235      0.00000
 12.03000      0.00235      0.00000
 12.04000      0.00235      0.00000
 12.05000      0.00235      0.00000
 12.06000      0.00235      0.00000
 12.07000      0.00234      0.00000
 12.08000      0.00234      0.00000
 12.09000      0.00234      0.00000
 12.10000      0.00234      0.00000
 12.11000      0.00234      0.00000
 12.12000      0.00234      0.00000
 12.13000      0.00234      0.00000
 12.14000      0.00234      0.00000
 12.15000      0.00234      0.00000
 12.16000      0.00234      0.00000
 12.17000      0.00234      0.00000
 12.18000      0.00234      0.00000
 12.19000      0.00233      0.00000
 12.20000      0.00233      0.00000
 12.21000      0.00233      0.00000
 12.22000      0.00233      0.00000
 12.23000      0.00233      0.00000
 12.24000      0.00233      0.00000
 12.25000      0.00233      0.00000
 12.26000      0.00233      0.00000
 12.27000      0.00233      0.00000
 12.28000      0.00233      0.00000
 12.29000      0.00233      0.00000
 12.30000      0.00233      0.00000
 12.31000      0.00233      0.00000
 12.32000      0.00233      0.00000
 12.33000      0.00233      0.00000
 12.34000      0.00232      0.00000
 12.35000      0.00232      0.00000
 12.36000      0.00232      0.00000
 12.37000      0.00232      0.00000
 12.38000      0.00232      0.00000
 12.39000      0.00232      0.00000
 12.40000      0.00232      0.00000
 12.41000      0.00232      0.00000
 12.42000      0.00232      0.00000
 12.43000      0.00232      0.00000
 12.44000      0.00232      0.00000
 12.45000      0.00232      0.00000
 12.46000      0.00232      0.00000
 12.47000      0.00232      0.00000
 12.48000      0.00232      0.00000
 12.49000      0.00232      0.00000
 12.50000      0.00231      0.00000
 12.51000      0.00231      0.00000
 12.52000      0.00231      0.00000
 12.53000      0.00231      0.00000
 12.54000      0.00231      0.00000
 12.55000      0.00231      0.00000
 12.56000      0.00231      0.00000
 12.57000      0.00231      0.00000
 12.58000      0.00231      0.00000
 12.59000      0.00231      0.00000
 12.60000      0.00231      0.00000
 12.61000      0.00231      0.00000
 12.62000      0.00231      0.00000
 12.63000      0.00231      0.00000
 12.64000      0.00231      0.00000
 12.65000      0.00231      0.00000
 12.66000      0.00231      0.00000
 12.67000      0.00231      0.00000
 12.68000      0.00231      0.00000
 12.69000      0.00231      0.00000
 12.70000      0.00230      0.00000
 12.71000      0.00230      0.00000
 12.72000      0.00230      0.00000
 12.73000      0.00230      0.00000
 12.74000      0.00230      0.00000
 12.75000      0.00230      0.00000
 12.76000      0.00230      0.00000
 12.77000      0.00230      0.00000
 12.78000      0.00230      0.00000
 12.79000      0.00230      0.00000
 12.80000      0.00230      0.00000
 12.81000      0.00230      0.00000
 12.82000      0.00230      0.00000
 12.83000      0.00230      0.00000
 12.84000      0.00230      0.00000
 12.85000      0.00230      0.00000
 12.86000      0.00230      0.00000
 12.87000      0.00230      0.00000
 12.88000      0.00230      0.00000
 12.89000      0.00230      0.00000
 12.90000      0.00230      0.00000
 12.91000      0.00230      0.00000
 12.92000      0.00230      0.00000
 12.93000      0.00230      0.00000
 12.94000      0.00230      0.00000
 12.95000      0.00230      0.00000
 12.96000      0.00230      0.00000
 12.97000      0.00230      0.00000
 12.98000      0.00230      0.00000
 12.99000      0.00229      0.00000
 13.00000      0.00229      0.00000
 13.01000      0.00229      0.00000
 13.02000      0.00229      0.00000
 13.03000      0.00229      0.00000
 13.04000      0.00229      0.00000
 13.05000      0.00229      0.00000
 13.06000      0.00229      0.00000
 13.07000      0.00229      0.00000
 13.08000      0.00229      0.00000
 13.09000      0.00229      0.00000
 13.10000      0.00229      0.00000
 13.11000      0.00229      0.00000
 13.12000      0.00229      0.00000
 13.13000      0.00229      0.00000
 13.14000      0.00229      0.00000
 13.15000      0.00229      0.00000
 13.16000      0.00229      0.00000
 13.17000      0.00229      0.00000
 13.18000      0.00229      0.00000
 13.19000      0.00229      0.00000
 13.20000      0.00229      0.00000
 13.21000      0.00229      0.00000
 13.22000      0.00229      0.00000
 13.23000      0.00229      0.00000
 13.24000      0.00229      0.00000
 13.25000      0.00229      0.00000
 13.26000      0.00229      0.00000
 13.27000      0.00229      0.00000
 13.28000      0.00229      0.00000
 13.29000      0.00229      0.00000
 13.30000      0.00229      0.00000
 13.31000      0.00229      0.00000
 13.32000      0.00229      0.00000
 13.33000      0.00229      0.00000
 13.34000      0.00229      0.00000
 13.35000      0.00229      0.00000
 13.36000      0.00229      0.00000
 13.37000      0.00229      0.00000
 13.38000      0.00229      0.00000
 13.39000      0.00229      0.00000
 13.40000      0.00229      0.00000
 13.41000      0.00229      0.00000
 13.42000      0.00229      0.00000
 13.43000      0.00229      0.00000
 13.44000      0.00229      0.00000
 13.45000      0.00229      0.00000
 13.46000      0.00229      0.00000
 13.47000      0.00229      0.00000
 13.48000      0.00229      0.00000
 13.49000      0.00229      0.00000
 13.50000      0.00229      0.00000
 13.51000      0.00229      0.00000
 13.52000      0.00229      0.00000
 13.53000      0.00229      0.00000
 13.54000      0.00229      0.00000
 13.55000      0.00229      0.00000
 13.56000      0.00229      0.00000
 13.57000      0.00229      0.00000
 13.58000      0.00229      0.00000
 13.59000      0.00229      0.00000
 13.60000      0.00229      0.00000
 13.61000      0.00229      0.00000
 13.62000      0.00229      0.00000
 13.63000      0.00229      0.00000
 13.64000      0.00229      0.00000
 13.65000      0.00229      0.00000
 13.66000      0.00229      0.00000
 13.67000      0.00229      0.00000
 13.68000      0.00229      0.00000
 13.69000      0.00229      0.00000
 13.70000      0.00229      0.00000
 13.71000      0.00229      0.00000
 13.72000      0.00229      0.00000
 13.73000      0.00229      0.00000
 13.74000      0.00230      0.00000
 13.75000      0.00230      0.00000
 13.76000      0.00230      0.00000
 13.77000      0.00230      0.00000
 13.78000      0.00230      0.00000
 13.79000      0.00230      0.00000
 13.80000      0.00230      0.00000
 13.81000      0.00230      0.00000
 13.82000      0.00230      0.00000
 13.83000      0.00230      0.00000
 13.84000      0.00230      0.00000
 13.85000      0.00230      0.00000
 13.86000      0.00230      0.00000
 13.87000      0.00230      0.00000
 13.88000      0.00230      0.00000
 13.89000      0.00230      0.00000
 13.90000      0.00230      0.00000
 13.91000      0.00230      0.00000
 13.92000      0.00230      0.00000
 13.93000      0.00230      0.00000
 13.94000      0.00230      0.00000
 13.95000      0.00230      0.00000
 13.96000      0.00230      0.00000
 13.97000      0.00230      0.00000
 13.98000      0.00230      0.00000
 13.99000      0.00230      0.00000
 14.00000      0.00230      0.00000
 14.01000      0.00230      0.00000
 14.02000      0.00231      0.00000
 14.03000      0.00231      0.00000
 14.04000      0.00231      0.00000
 14.05000      0.00231      0.00000
 14.06000      0.00231      0.00000
 14.07000      0.00231      0.00000
 14.08000      0.00231      0.00000
 14.09000      0.00231      0.00000
 14.10000      0.00231      0.00000
 14.11000      0.00231      0.00000
 14.12000      0.00231      0.00000
 14.13000      0.00231      0.00000
 14.14000      0.00231      0.00000
 14.15000      0.00231      0.00000
 14.16000      0.00231      0.00000
 14.17000      0.00231      0.00000
 14.18000      0.00231      0.00000
 14.19000      0.00231      0.00000
 14.20000      0.00232      0.00000
 14.21000      0.00232      0.00000
 14.22000      0.00232      0.00000
 14.23000      0.00232      0.00000
 14.24000      0.00232      0.00000
 14.25000      0.00232      0.00000
 14.26000      0.00232      0.00000
 14.27000      0.00232      0.00000
 14.28000      0.00232      0.00000
 14.29000      0.00232      0.00000
 14.30000      0.00232      0.00000
 14.31000      0.00232      0.00000
 14.32000      0.00232      0.00000
 14.33000      0.00232      0.00000
 14.34000      0.00232      0.00000
 14.35000      0.00233      0.00000
 14.36000      0.00233      0.00000
 14.37000      0.00233      0.00000
 14.38000      0.00233      0.00000
 14.39000      0.00233      0.00000
 14.40000      0.00233      0.00000
 14.41000      0.00233      0.00000
 14.42000      0.00233      0.00000
 14.43000      0.00233      0.00000
 14.44000      0.00233      0.00000
 14.45000      0.00233      0.00000
 14.46000      0.00233      0.00000
 14.47000      0.00233      0.00000
 14.48000      0.00234      0.00000
 14.49000      0.00234      0.00000
 14.50000      0.00234      0.00000
 14.51000      0.00234      0.00000
 14.52000      0.00234      0.00000
 14.53000      0.00234      0.00000
 14.54000      0.00234      0.00000
 14.55000      0.00234      0.00000
 14.56000      0.00234      0.00000
 14.57000      0.00234      0.00000
 14.58000      0.00234      0.00000
 14.59000      0.00234      0.00000
 14.60000      0.00235      0.00000
 14.61000      0.00235      0.00000
 14.62000      0.00235      0.00000
 14.63000      0.00235      0.00000
 14.64000      0.00235      0.00000
 14.65000      0.00235      0.00000
 14.66000      0.00235      0.00000
 14.67000      0.00235      0.00000
 14.68000      0.00235      0.00000
 14.69000      0.00235      0.00000
 14.70000      0.00236      0.00000
 14.71000      0.00236      0.00000
 14.72000      0.00236      0.00000
 14.73000      0.00236      0.00000
 14.74000      0.00236      0.00000
 14.75000      0.00236      0.00000
 14.76000      0.00236      0.00000
 14.77000      0.00236      0.00000
 14.78000      0.00236      0.00000
 14.79000      0.00237      0.00000
 14.80000      0.00237      0.00000
 14.81000      0.00237      0.00000
 14.82000      0.00237      0.00000
 14.83000      0.00237      0.00000
 14.84000      0.00237      0.00000
 14.85000      0.00237      0.00000
 14.86000      0.00237      0.00000
 14.87000      0.00237      0.00000
 14.88000      0.00238      0.00000
 14.89000      0.00238      0.00000
 14.90000      0.00238      0.00000
 14.91000      0.00238      0.00000
 14.92000      0.00238      0.00000
 14.93000      0.00238      0.00000
 14.94000      0.00238      0.00000
 14.95000      0.00238      0.00000
 14.96000      0.00239      0.00000
 14.97000      0.00239      0.00000
 14.98000      0.00239      0.00000
 14.99000      0.00239      0.00000
 15.00000      0.00239      0.00000
 15.01000      0.00239      0.00000
 15.02000      0.00239      0.00000
 15.03000      0.00240      0.00000
 15.04000      0.00240      0.00000
 15.05000      0.00240      0.00000
 15.06000      0.00240      0.00000
 15.07000      0.00240      0.00000
 15.08000      0.00240      0.00000
 15.09000      0.00240      0.00000
 15.10000      0.00241      0.00000
 15.11000      0.00241      0.00000
 15.12000      0.00241      0.00000
 15.13000      0.00241      0.00000
 15.14000      0.00241      0.00000
 15.15000      0.00241      0.00000
 15.16000      0.00241      0.00000
 15.17000      0.00242      0.00000
 15.18000      0.00242      0.00000
 15.19000      0.00242      0.00000
 15.20000      0.00242      0.00000
 15.21000      0.00242      0.00000
 15.22000      0.00242      0.00000
 15.23000      0.00242      0.00000
 15.24000      0.00243      0.00000
 15.25000      0.00243      0.00000
 15.26000      0.00243      0.00000
 15.27000      0.00243      0.00000
 15.28000      0.00243      0.00000
 15.29000      0.00243      0.00000
 15.30000      0.00244      0.00000
 15.31000      0.00244      0.00000
 15.32000      0.00244      0.00000
 15.33000      0.00244      0.00000
 15.34000      0.00244      0.00000
 15.35000      0.00244      0.00000
 15.36000      0.00245      0.00000
 15.37000      0.00245      0.00000
 15.38000      0.00245      0.00000
 15.39000      0.00245      0.00000
 15.40000      0.00245      0.00000
 15.41000      0.00246      0.00000
 15.42000      0.00246      0.00000
 15.43000      0.00246      0.00000
 15.44000      0.00246      0.00000
 15.45000      0.00246      0.00000
 15.46000      0.00246      0.00000
 15.47000      0.00247      0.00000
 15.48000      0.00247      0.00000
 15.49000      0.00247      0.00000
 15.50000      0.00247      0.00000
 15.51000      0.00247      0.00000
 15.52000      0.00248      0.00000
 15.53000      0.00248      0.00000
 15.54000      0.00248      0.00000
 15.55000      0.00248      0.00000
 15.56000      0.00248      0.00000
 15.57000      0.00249      0.00000
 15.58000      0.00249      0.00000
 15.59000      0.00249      0.00000
 15.60000      0.00249      0.00000
 15.61000      0.00249      0.00000
 15.62000      0.00250      0.00000
 15.63000      0.00250      0.00000
 15.64000      0.00250      0.00000
 15.65000      0.00250      0.00000
 15.66000      0.00250      0.00000
 15.67000      0.00251      0.00000
 15.68000      0.00251      0.00000
 15.69000      0.00251      0.00000
 15.70000      0.00251      0.00000
 15.71000      0.00252      0.00000
 15.72000      0.00252      0.00000
 15.73000      0.00252      0.00000
 15.74000      0.00252      0.00000
 15.75000      0.00252      0.00000
 15.76000      0.00253      0.00000
 15.77000      0.00253      0.00000
 15.78000      0.00253      0.00000
 15.79000      0.00253      0.00000
 15.80000      0.00254      0.00000
 15.81000      0.00254      0.00000
 15.82000      0.00254      0.00000
 15.83000      0.00254      0.00000
 15.84000      0.00255      0.00000
 15.85000      0.00255      0.00000
 15.86000      0.00255      0.00000
 15.87000      0.00255      0.00000
 15.88000      0.00256      0.00000
 15.89000      0.00256      0.00000
 15.90000      0.00256      0.00000
 15.91000      0.00256      0.00000
 15.92000      0.00257      0.00000
 15.93000      0.00257      0.00000
 15.94000      0.00257      0.00000
 15.95000      0.00257      0.00000
 15.96000      0.00258      0.00000
 15.97000      0.00258      0.00000
 15.98000      0.00258      0.00000
 15.99000      0.00258      0.00000
 16.00000      0.00259      0.00000
 16.01000      0.00259      0.00000
 16.02000      0.00259      0.00000
 16.03000      0.00259      0.00000
 16.04000      0.00260      0.00000
 16.05000      0.00260      0.00000
 16.06000      0.00260      0.00000
 16.07000      0.00261      0.00000
 16.08000      0.00261      0.00000
 16.09000      0.00261      0.00000
 16.10000      0.00261      0.00000
 16.11000      0.00262      0.00000
 16.12000      0.00262      0.00000
 16.13000      0.00262      0.00000
 16.14000      0.00263      0.00000
 16.15000      0.00263      0.00000
 16.16000      0.00263      0.00000
 16.17000      0.00263      0.00000
 16.18000      0.00264      0.00000
 16.19000      0.00264      0.00000
 16.20000      0.00264      0.00000
 16.21000      0.00265      0.00000
 16.22000      0.00265      0.00000
 16.23000      0.00265      0.00000
 16.24000      0.00266      0.00000
 16.25000      0.00266      0.00000
 16.26000      0.00266      0.00000
 16.27000      0.00267      0.00000
 16.28000      0.00267      0.00000
 16.29000      0.00267      0.00000
 16.30000      0.00268      0.00000
 16.31000      0.00268      0.00000
 16.32000      0.00268      0.00000
 16.33000      0.00268      0.00000
 16.34000      0.00269      0.00000
 16.35000      0.00269      0.00000
 16.36000      0.00270      0.00000
 16.37000      0.00270      0.00000
 16.38000      0.00270      0.00000
 16.39000      0.00271      0.00000
 16.40000      0.00271      0.00000
 16.41000      0.00271      0.00000
 16.42000      0.00272      0.00000
 16.43000      0.00272      0.00000
 16.44000      0.00272      0.00000
 16.45000      0.00273      0.00000
 16.46000      0.00285      0.00000
 16.47000      0.00285      0.00000
 16.48000      0.00286      0.00000
 16.49000      0.00286      0.00000
 16.50000      0.00286      0.00000
 16.51000      0.00287      0.00000
 16.52000      0.00287      0.00000
 16.53000      0.00288      0.00000
 16.54000      0.00288      0.00000
 16.55000      0.00288      0.00000
 16.56000      0.00289      0.00000
 16.57000      0.00289      0.00000
 16.58000      0.00290      0.00000
 16.59000      0.00290      0.00000
 16.60000      0.00291      0.00000
 16.61000      0.00291      0.00000
 16.62000      0.00291      0.00000
 16.63000      0.00292      0.00000
 16.64000      0.00292      0.00000
 16.65000      0.00293      0.00000
 16.66000      0.00293      0.00000
 16.67000      0.00293      0.00000
 16.68000      0.00294      0.00000
 16.69000      0.00294      0.00000
 16.70000      0.00295      0.00000
 16.71000      0.00295      0.00000
 16.72000      0.00296      0.00000
 16.73000      0.00296      0.00000
 16.74000      0.00297      0.00000
 16.75000      0.00297      0.00000
 16.76000      0.00298      0.00000
 16.77000      0.00298      0.00000
 16.78000      0.00298      0.00000
 16.79000      0.00299      0.00000
 16.80000      0.00299      0.00000
 16.81000      0.00300      0.00000
 16.82000      0.00300      0.00000
 16.83000      0.00301      0.00000
 16.84000      0.00301      0.00000
 16.85000      0.00302      0.00000
 16.86000      0.00302      0.00000
 16.87000      0.00303      0.00000
 16.88000      0.00303      0.00000
 16.89000      0.00304      0.00000
 16.90000      0.00304      0.00000
 16.91000      0.00305      0.00000
 16.92000      0.00305      0.00000
 16.93000      0.00306      0.00000
 16.94000      0.00306      0.00000
 16.95000      0.00307      0.00000
 16.96000      0.00307      0.00000
 16.97000      0.00308      0.00000
 16.98000      0.00309      0.00000
 16.99000      0.00309      0.00000
 17.00000      0.00310      0.00000
 17.01000      0.00310      0.00000
 17.02000      0.00311      0.00000
 17.03000      0.00311      0.00000
 17.04000      0.00312      0.00000
 17.05000      0.00312      0.00000
 17.06000      0.00313      0.00000
 17.07000      0.00314      0.00000
 17.08000      0.00314      0.00000
 17.09000      0.00315      0.00000
 17.10000      0.00315      0.00000
 17.11000      0.00316      0.00000
 17.12000      0.00316      0.00000
 17.13000      0.00317      0.00000
 17.14000      0.00318      0.00000
 17.15000      0.00318      0.00000
 17.16000      0.00319      0.00000
 17.17000      0.00319      0.00000
 17.18000      0.00320      0.00000
 17.19000      0.00321      0.00000
 17.20000      0.00321      0.00000
 17.21000      0.00322      0.00000
 17.22000      0.00323      0.00000
 17.23000      0.00323      0.00000
 17.24000      0.00324      0.00000
 17.25000      0.00324      0.00000
 17.26000      0.00325      0.00000
 17.27000      0.00326      0.00000
 17.28000      0.00326      0.00000
 17.29000      0.00327      0.00000
 17.30000      0.00328      0.00000
 17.31000      0.00328      0.00000
 17.32000      0.00329      0.00000
 17.33000      0.00330      0.00000
 17.34000      0.00330      0.00000
 17.35000      0.00331      0.00000
 17.36000      0.00332      0.00000
 17.37000      0.00333      0.00000
 17.38000      0.00333      0.00000
 17.39000      0.00334      0.00000
 17.40000      0.00335      0.00000
 17.41000      0.00335      0.00000
 17.42000      0.00336      0.00000
 17.43000      0.00337      0.00000
 17.44000      0.00338      0.00000
 17.45000      0.00338      0.00000
 17.46000      0.00339      0.00000
 17.47000      0.00340      0.00000
 17.48000      0.00341      0.00000
 17.49000      0.00341      0.00000
 17.50000      0.00342      0.00000
 17.51000      0.00343      0.00000
 17.52000      0.00344      0.00000
 17.53000      0.00344      0.00000
 17.54000      0.00345      0.00000
 17.55000      0.00346      0.00000
 17.56000      0.00347      0.00000
 17.57000      0.00348      0.00000
 17.58000      0.00349      0.00000
 17.59000      0.00349      0.00000
 17.60000      0.00350      0.00000
 17.61000      0.00351      0.00000
 17.62000      0.00352      0.00000
 17.63000      0.00353      0.00000
 17.64000      0.00354      0.00000
 17.65000      0.00354      0.00000
 17.66000      0.00355      0.00000
 17.67000      0.00356      0.00000
 17.68000      0.00357      0.00000
 17.69000      0.00358      0.00000
 17.70000      0.00359      0.00000
 17.71000      0.00360      0.00000
 17.72000      0.00361      0.00000
 17.73000      0.00362      0.00000
 17.74000      0.00363      0.00000
 17.75000      0.00363      0.00000
 17.76000      0.00364      0.00000
 17.77000      0.00365      0.00000
 17.78000      0.00366      0.00000
 17.79000      0.00367      0.00000
 17.80000      0.00368      0.00000
 17.81000      0.00369      0.00000
 17.82000      0.00370      0.00000
 17.83000      0.00371      0.00000
 17.84000      0.00372      0.00000
 17.85000      0.00373      0.00000
 17.86000      0.00374      0.00000
 17.87000      0.00375      0.00000
 17.88000      0.00376      0.00000
 17.89000      0.00377      0.00000
 17.90000      0.00378      0.00000
 17.91000      0.00379      0.00000
 17.92000      0.00381      0.00000
 17.93000      0.00382      0.00000
 17.94000      0.00383      0.00000
 17.95000      0.00384      0.00000
 17.96000      0.00385      0.00000
 17.97000      0.00386      0.00000
 17.98000      0.00387      0.00000
 17.99000      0.00388      0.00000
 18.00000      0.00389      0.00000
 18.01000      0.00391      0.00000
 18.02000      0.00392      0.00000
 18.03000      0.00393      0.00000
 18.04000      0.00394      0.00000
 18.05000      0.00395      0.00000
 18.06000      0.00396      0.00000
 18.07000      0.00398      0.00000
 18.08000      0.00399      0.00000
 18.09000      0.00400      0.00000
 18.10000      0.00401      0.00000
 18.11000      0.00403      0.00000
 18.12000      0.00404      0.00000
 18.13000      0.00405      0.00000
 18.14000      0.00406      0.00000
 18.15000      0.00408      0.00000
 18.16000      0.00409      0.00000
 18.17000      0.00410      0.00000
 18.18000      0.00412      0.00000
 18.19000      0.00413      0.00000
 18.20000      0.00414      0.00000
 18.21000      0.00416      0.00000
 18.22000      0.00417      0.00000
 18.23000      0.00419      0.00000
 18.24000      0.00420      0.00000
 18.25000      0.00421      0.00000
 18.26000      0.00423      0.00000
 18.27000      0.00424      0.00000
 18.28000      0.00426      0.00000
 18.29000      0.00427      0.00000
 18.30000      0.00429      0.00000
 18.31000      0.00430      0.00000
 18.32000      0.00432      0.00000
 18.33000      0.00433      0.00000
 18.34000      0.00435      0.00000
 18.35000      0.00436      0.00000
 18.36000      0.00438      0.00000
 18.37000      0.00439      0.00000
 18.38000      0.00441      0.00000
 18.39000      0.00443      0.00000
 18.40000      0.00444      0.00000
 18.41000      0.00446      0.00000
 18.42000      0.00448      0.00000
 18.43000      0.00449      0.00000
 18.44000      0.00451      0.00000
 18.45000      0.00453      0.00000
 18.46000      0.00454      0.00000
 18.47000      0.00456      0.00000
 18.48000      0.00458      0.00000
 18.49000      0.00460      0.00000
 18.50000      0.00462      0.00000
 18.51000      0.00463      0.00000
 18.52000      0.00465      0.00000
 18.53000      0.00467      0.00000
 18.54000      0.00469      0.00000
 18.55000      0.00471      0.00000
 18.56000      0.00473      0.00000
 18.57000      0.00475      0.00000
 18.58000      0.00477      0.00000
 18.59000      0.00479      0.00000
 18.60000      0.00480      0.00000
 18.61000      0.00482      0.00000
 18.62000      0.00485      0.00000
 18.63000      0.00487      0.00000
 18.64000      0.00489      0.00000
 18.65000      0.00491      0.00000
 18.66000      0.00493      0.00000
 18.67000      0.00495      0.00000
 18.68000      0.00497      0.00000
 18.69000      0.00499      0.00000
 18.70000      0.00501      0.00000
 18.71000      0.00504      0.00000
 18.72000      0.00506      0.00000
 18.73000      0.00508      0.00000
 18.74000      0.00511      0.00000
 18.75000      0.00513      0.00000
 18.76000      0.00515      0.00000
 18.77000      0.00518      0.00000
 18.78000      0.00520      0.00000
 18.79000      0.00522      0.00000
 18.80000      0.00525      0.00000
 18.81000      0.00527      0.00000
 18.82000      0.00530      0.00000
 18.83000      0.00532      0.00000
 18.84000      0.00535      0.00000
 18.85000      0.00537      0.00000
 18.86000      0.00540      0.00000
 18.87000      0.00543      0.00000
 18.88000      0.00545      0.00000
 18.89000      0.00548      0.00000
 18.90000      0.00551      0.00000
 18.91000      0.00554      0.00000
 18.92000      0.00556      0.00000
 18.93000      0.00559      0.00000
 18.94000      0.00562      0.00000
 18.95000      0.00565      0.00000
 18.96000      0.00568      0.00000
 18.97000      0.00571      0.00000
 18.98000      0.00574      0.00000
 18.99000      0.00577      0.00000
 19.00000      0.00580      0.00000
 19.01000      0.00583      0.00000
 19.02000      0.00586      0.00000
 19.03000      0.00590      0.00000
 19.04000      0.00593      0.00000
 19.05000      0.00596      0.00000
 19.06000      0.00599      0.00000
 19.07000      0.00603      0.00000
 19.08000      0.00606      0.00000
 19.09000      0.00609      0.00000
 19.10000      0.00613      0.00000
 19.11000      0.00616      0.00000
 19.12000      0.00620      0.00000
 19.13000      0.00624      0.00000
 19.14000      0.00627      0.00000
 19.15000      0.00631      0.00000
 19.16000      0.00635      0.00000
 19.17000      0.00639      0.00000
 19.18000      0.00654      0.00000
 19.19000      0.00658      0.00000
 19.20000      0.00662      0.00000
 19.21000      0.00666      0.00000
 19.22000      0.00670      0.00000
 19.23000      0.00675      0.00000
 19.24000      0.00679      0.00000
 19.25000      0.00683      0.00000
 19.26000      0.00687      0.00000
 19.27000      0.00692      0.00000
 19.28000      0.00696      0.00000
 19.29000      0.00701      0.00000
 19.30000      0.00705      0.00000
 19.31000      0.00710      0.00000
 19.32000      0.00715      0.00000
 19.33000      0.00719      0.00000
 19.34000      0.00724      0.00000
 19.35000      0.00729      0.00000
 19.36000      0.00734      0.00000
 19.37000      0.00739      0.00000
 19.38000      0.00744      0.00000
 19.39000      0.00749      0.00000
 19.40000      0.00754      0.00000
 19.41000      0.00760      0.00000
 19.42000      0.00765      0.00000
 19.43000      0.00771      0.00000
 19.44000      0.00776      0.00000
 19.45000      0.00782      0.00000
 19.46000      0.00788      0.00000
 19.47000      0.00793      0.00000
 19.48000      0.00799      0.00000
 19.49000      0.00805      0.00000
 19.50000      0.00811      0.00000
 19.51000      0.00818      0.00000
 19.52000      0.00824      0.00000
 19.53000      0.00830      0.00000
 19.54000      0.00837      0.00000
 19.55000      0.00843      0.00000
 19.56000      0.00850      0.00000
 19.57000      0.00857      0.00000
 19.58000      0.00864      0.00000
 19.59000      0.00871      0.00000
 19.60000      0.00878      0.00000
 19.61000      0.00885      0.00000
 19.62000      0.00892      0.00000
 19.63000      0.00900      0.00000
 19.64000      0.00907      0.00000
 19.65000      0.00915      0.00000
 19.66000      0.00923      0.00000
 19.67000      0.00931      0.00000
 19.68000      0.00939      0.00000
 19.69000      0.00947      0.00000
 19.70000      0.00956      0.00000
 19.71000      0.00964      0.00000
 19.72000      0.00973      0.00000
 19.73000      0.00982      0.00000
 19.74000      0.00991      0.00000
 19.75000      0.01000      0.00000
 19.76000      0.01009      0.00000
 19.77000      0.01019      0.00000
 19.78000      0.01028      0.00000
 19.79000      0.01038      0.00000
 19.80000      0.01048      0.00000
 19.81000      0.01058      0.00000
 19.82000      0.01069      0.00000
 19.83000      0.01079      0.00000
 19.84000      0.01090      0.00000
 19.85000      0.01101      0.00000
 19.86000      0.01112      0.00000
 19.87000      0.01124      0.00000
 19.88000      0.01136      0.00000
 19.89000      0.01147      0.00000
 19.90000      0.01159      0.00000
 19.91000      0.01172      0.00000
 19.92000      0.01184      0.00000
 19.93000      0.01197      0.00000
 19.94000      0.01210      0.00000
 19.95000      0.01224      0.00000
 19.96000      0.01237      0.00000
 19.97000      0.01251      0.00000
 19.98000      0.01266      0.00000
 19.99000      0.01280      0.00000
 20.00000      0.01295      0.00000
 20.01000      0.01310      0.00000
 20.02000      0.01326      0.00000
 20.03000      0.01341      0.00000
 20.04000      0.01358      0.00000
 20.05000      0.01374      0.00000
 20.06000      0.01391      0.00000
 20.07000      0.01408      0.00000
 20.08000      0.01426      0.00000
 20.09000      0.01444      0.00000
 20.10000      0.01462      0.00000
 20.11000      0.01481      0.00000
 20.12000      0.01501      0.00000
 20.13000      0.01520      0.00000
 20.14000      0.01541      0.00000
 20.15000      0.01561      0.00000
 20.16000      0.01583      0.00000
 20.17000      0.01604      0.00000
 20.18000      0.01627      0.00000
 20.19000      0.01650      0.00000
 20.20000      0.01673      0.00000
 20.21000      0.01697      0.00000
 20.22000      0.01722      0.00000
 20.23000      0.01747      0.00000
 20.24000      0.01773      0.00000
 20.25000      0.01799      0.00000
 20.26000      0.01827      0.00000
 20.27000      0.01855      0.00000
 20.28000      0.01883      0.00000
 20.29000      0.01913      0.00000
 20.30000      0.01943      0.00000
 20.31000      0.01975      0.00000
 20.32000      0.02007      0.00000
 20.33000      0.02040      0.00000
 20.34000      0.02074      0.00000
 20.35000      0.02109      0.00000
 20.36000      0.02145      0.00000
 20.37000      0.02182      0.00000
 20.38000      0.02220      0.00000
 20.39000      0.02259      0.00000
 20.40000      0.02299      0.00000
 20.41000      0.02341      0.00000
 20.42000      0.02384      0.00000
 20.43000      0.02428      0.00000
 20.44000      0.02474      0.00000
 20.45000      0.02521      0.00000
 20.46000      0.02570      0.00000
 20.47000      0.02620      0.00000
 20.48000      0.02672      0.00000
 20.49000      0.02726      0.00000
 20.50000      0.02782      0.00000
 20.51000      0.02839      0.00000
 20.52000      0.02899      0.00000
 20.53000      0.02960      0.00000
 20.54000      0.03024      0.00000
 20.55000      0.03090      0.00000
 20.56000      0.03159      0.00000
 20.57000      0.03230      0.00000
 20.58000      0.03304      0.00000
 20.59000      0.03380      0.00000
 20.60000      0.03460      0.00000
 20.61000      0.03542      0.00000
 20.62000      0.03628      0.00000
 20.63000      0.03718      0.00000
 20.64000      0.03811      0.00000
 20.65000      0.03907      0.00000
 20.66000      0.04008      0.00000
 20.67000      0.04114      0.00000
 20.68000      0.04223      0.00000
 20.69000      0.04338      0.00000
 20.70000      0.04458      0.00000
 20.71000      0.04583      0.00000
 20.72000      0.04714      0.00000
 20.73000      0.04850      0.00000
 20.74000      0.04994      0.00000
 20.75000      0.05144      0.00000
 20.76000      0.05302      0.00000
 20.77000      0.05468      0.00000
 20.78000      0.05642      0.00000
 20.79000      0.05825      0.00000
 20.80000      0.06017      0.00000
 20.81000      0.06220      0.00000
 20.82000      0.06434      0.00000
 20.83000      0.06660      0.00000
 20.84000      0.06899      0.00000
 20.85000      0.07151      0.00000
 20.86000      0.07419      0.00000
 20.87000      0.07702      0.00000
 20.88000      0.08003      0.00000
 20.89000      0.08323      0.00000
 20.90000      0.08663      0.00000
 20.91000      0.09025      0.00000
 20.92000      0.09412      0.00000
 20.93000      0.09825      0.00000
 20.94000      0.10268      0.00000
 20.95000      0.10742      0.00000
 20.96000      0.11250      0.00000
 20.97000      0.11798      0.00000
 20.98000      0.12388      0.00000
 20.99000      0.13024      0.00000
 21.00000      0.13713      0.00000
 21.01000      0.14460      0.00000
 21.02000      0.15271      0.00000
 21.03000      0.16155      0.00000
 21.04000      0.17120      0.00000
 21.05000      0.18176      0.00000
 21.06000      0.19337      0.00000
 21.07000      0.20614      0.00000
 21.08000      0.22026      0.00000
 21.09000      0.23591      0.00000
 21.10000      0.25332      0.00000
 21.11000      0.27278      0.00000
 21.12000      0.29461      0.00000
 21.13000      0.31921      0.00000
 21.14000      0.34709      0.00000
 21.15000      0.37884      0.00000
 21.16000      0.41521      0.00000
 21.17000      0.45715      0.00000
 21.18000      0.50586      0.00000
 21.19000      0.56287      0.00000
 21.20000      0.63017      0.00000
 21.21000      0.71039      0.00000
 21.22000      0.80704      0.00000
 21.23000      0.92493      0.00000
 21.24000      1.07072      0.00000
 21.25000      1.25388      0.00000
 21.26000      1.48824      0.00000
 21.27000      1.79456      0.00000
 21.28000      2.20512      0.00000
 21.29000      2.77231      0.00000
 21.30000      3.58838      0.00000
 21.31000      4.85338      0.00000
 21.32000      7.15534      0.00000
 21.33000     12.29901      0.00000
 21.34000     24.26023      0.00000
 21.35000     47.23457      0.00000
 21.36000     76.95821      0.00000
 21.37000     87.31282      0.00000
 21.38000     63.64853      0.00000
 21.39000     35.28589      0.00000
 21.40000     17.59069      0.00000
 21.41000      9.35190      0.00000
 21.42000      5.85794      0.00000
 21.43000      4.15531      0.00000
 21.44000      3.13709      0.00000
 21.45000      2.45354      0.00000
 21.46000      1.96919      0.00000
 21.47000      1.61386      0.00000
 21.48000      1.34586      0.00000
 21.49000      1.13897      0.00000
 21.50000      0.97605      0.00000
 21.51000      0.84555      0.00000
 21.52000      0.73945      0.00000
 21.53000      0.65205      0.00000
 21.54000      0.57923      0.00000
 21.55000      0.51792      0.00000
 21.56000      0.46584      0.00000
 21.57000      0.42123      0.00000
 21.58000      0.38273      0.00000
 21.59000      0.34927      0.00000
 21.60000      0.32003      0.00000
 21.61000      0.29431      0.00000
 21.62000      0.27159      0.00000
 21.63000      0.25141      0.00000
 21.64000      0.23341      0.00000
 21.65000      0.21728      0.00000
 21.66000      0.20278      0.00000
 21.67000      0.18970      0.00000
 21.68000      0.17786      0.00000
 21.69000      0.16710      0.00000
 21.70000      0.15731      0.00000
 21.71000      0.14836      0.00000
 21.72000      0.14017      0.00000
 21.73000      0.13265      0.00000
 21.74000      0.12573      0.00000
 21.75000      0.11935      0.00000
 21.76000      0.11345      0.00000
 21.77000      0.10799      0.00000
 21.78000      0.10293      0.00000
 21.79000      0.09823      0.00000
 21.80000      0.09385      0.00000
 21.81000      0.08977      0.00000
 21.82000      0.08596      0.00000
 21.83000      0.08239      0.00000
 21.84000      0.07906      0.00000
 21.85000      0.07593      0.00000
 21.86000      0.07299      0.00000
 21.87000      0.07024      0.00000
 21.88000      0.06764      0.00000
 21.89000      0.06519      0.00000
 21.90000      0.06289      0.00000
 21.91000      0.06071      0.00000
 21.92000      0.05865      0.00000
 21.93000      0.05670      0.00000
 21.94000      0.05486      0.00000
 21.95000      0.05312      0.00000
 21.96000      0.05146      0.00000
 21.97000      0.04989      0.00000
 21.98000      0.04840      0.00000
 21.99000      0.04698      0.00000
 22.00000      0.04563      0.00000
 22.01000      0.04435      0.00000
 22.02000      0.04313      0.00000
 22.03000      0.04196      0.00000
 22.04000      0.04085      0.00000
 22.05000      0.03979      0.00000
 22.06000      0.03878      0.00000
 22.07000      0.03781      0.00000
 22.08000      0.03689      0.00000
 22.09000      0.03601      0.00000
 22.10000      0.03516      0.00000
 22.11000      0.03436      0.00000
 22.12000      0.03359      0.00000
 22.13000      0.03285      0.00000
 22.14000      0.03214      0.00000
 22.15000      0.03146      0.00000
 22.16000      0.03081      0.00000
 22.17000      0.03018      0.00000
 22.18000      0.02959      0.00000
 22.19000      0.02901      0.00000
 22.20000      0.02846      0.00000
 22.21000      0.02794      0.00000
 22.22000      0.02743      0.00000
 22.23000      0.02695      0.00000
 22.24000      0.02648      0.00000
 22.25000      0.02603      0.00000
 22.26000      0.02561      0.00000
 22.27000      0.02519      0.00000
 22.28000      0.02480      0.00000
 22.29000      0.02442      0.00000
 22.30000      0.02406      0.00000
 22.31000      0.02371      0.00000
 22.32000      0.02338      0.00000
 22.33000      0.02306      0.00000
 22.34000      0.02275      0.00000
 22.35000      0.02246      0.00000
 22.36000      0.02218      0.00000
 22.37000      0.02191      0.00000
 22.38000      0.02165      0.00000
 22.39000      0.02141      0.00000
 22.40000      0.02118      0.00000
 22.41000      0.02095      0.00000
 22.42000      0.02074      0.00000
 22.43000      0.02054      0.00000
 22.44000      0.02035      0.00000
 22.45000      0.02017      0.00000
 22.46000      0.02000      0.00000
 22.47000      0.01984      0.00000
 22.48000      0.01969      0.00000
 22.49000      0.01954      0.00000
 22.50000      0.01941      0.00000
 22.51000      0.01929      0.00000
 22.52000      0.01917      0.00000
 22.53000      0.01907      0.00000
 22.54000      0.01897      0.00000
 22.55000      0.01888      0.00000
 22.56000      0.01880      0.00000
 22.57000      0.01873      0.00000
 22.58000      0.01867      0.00000
 22.59000      0.01862      0.00000
 22.60000      0.01858      0.00000
 22.61000      0.01854      0.00000
 22.62000      0.01852      0.00000
 22.63000      0.01850      0.00000
 22.64000      0.01850      0.00000
 22.65000      0.01850      0.00000
 22.66000      0.01851      0.00000
 22.67000      0.01853      0.00000
 22.68000      0.01856      0.00000
 22.69000      0.01861      0.00000
 22.70000      0.01866      0.00000
 22.71000      0.01872      0.00000
 22.72000      0.01880      0.00000
 22.73000      0.01888      0.00000
 22.74000      0.01898      0.00000
 22.75000      0.01909      0.00000
 22.76000      0.01921      0.00000
 22.77000      0.01935      0.00000
 22.78000      0.01950      0.00000
 22.79000      0.01966      0.00000
 22.80000      0.01984      0.00000
 22.81000      0.02003      0.00000
 22.82000      0.02024      0.00000
 22.83000      0.02047      0.00000
 22.84000      0.02071      0.00000
 22.85000      0.02098      0.00000
 22.86000      0.02126      0.00000
 22.87000      0.02157      0.00000
 22.88000      0.02189      0.00000
 22.89000      0.02224      0.00000
 22.90000      0.02271      0.00000
 22.91000      0.02312      0.00000
 22.92000      0.02355      0.00000
 22.93000      0.02401      0.00000
 22.94000      0.02450      0.00000
 22.95000      0.02503      0.00000
 22.96000      0.02560      0.00000
 22.97000      0.02621      0.00000
 22.98000      0.02686      0.00000
 22.99000      0.02756      0.00000
 23.00000      0.02831      0.00000
 23.01000      0.02912      0.00000
 23.02000      0.02998      0.00000
 23.03000      0.03091      0.00000
 23.04000      0.03192      0.00000
 23.05000      0.03300      0.00000
 23.06000      0.03417      0.00000
 23.07000      0.03543      0.00000
 23.08000      0.03680      0.00000
 23.09000      0.03829      0.00000
 23.10000      0.03990      0.00000
 23.11000      0.04166      0.00000
 23.12000      0.04357      0.00000
 23.13000      0.04567      0.00000
 23.14000      0.04796      0.00000
 23.15000      0.05049      0.00000
 23.16000      0.05326      0.00000
 23.17000      0.05633      0.00000
 23.18000      0.05973      0.00000
 23.19000      0.06352      0.00000
 23.20000      0.06774      0.00000
 23.21000      0.07247      0.00000
 23.22000      0.07779      0.00000
 23.23000      0.08381      0.00000
 23.24000      0.09065      0.00000
 23.25000      0.09847      0.00000
 23.26000      0.10746      0.00000
 23.27000      0.11788      0.00000
 23.28000      0.13002      0.00000
 23.29000      0.14431      0.00000
 23.30000      0.16127      0.00000
 23.31000      0.18162      0.00000
 23.32000      0.20633      0.00000
 23.33000      0.23674      0.00000
 23.34000      0.27476      0.00000
 23.35000      0.32314      0.00000
 23.36000      0.38604      0.00000
 23.37000      0.46990      0.00000
 23.38000      0.58526      0.00000
 23.39000      0.75151      0.00000
 23.40000      1.01454      0.00000
 23.41000      1.50891      0.00000
 23.42000      2.58896      0.00000
 23.43000      4.86396      0.00000
 23.44000      8.69193      0.00000
 23.45000     12.72071      0.00000
 23.46000     12.97916      0.00000
 23.47000     10.01020      0.00000
 23.48000      8.13435      0.00000
 23.49000      8.15694      0.00000
 23.50000      7.73765      0.00000
 23.51000      5.50545      0.00000
 23.52000      3.24371      0.00000
 23.53000      1.82478      0.00000
 23.54000      1.11269      0.00000
 23.55000      0.77107      0.00000
 23.56000      0.58378      0.00000
 23.57000      0.46291      0.00000
 23.58000      0.37742      0.00000
 23.59000      0.31414      0.00000
 23.60000      0.26590      0.00000
 23.61000      0.22823      0.00000
 23.62000      0.19824      0.00000
 23.63000      0.17396      0.00000
 23.64000      0.15400      0.00000
 23.65000      0.13740      0.00000
 23.66000      0.12344      0.00000
 23.67000      0.11158      0.00000
 23.68000      0.10142      0.00000
 23.69000      0.09265      0.00000
 23.70000      0.08502      0.00000
 23.71000      0.07834      0.00000
 23.72000      0.07246      0.00000
 23.73000      0.06726      0.00000
 23.74000      0.06263      0.00000
 23.75000      0.05850      0.00000
 23.76000      0.05479      0.00000
 23.77000      0.05146      0.00000
 23.78000      0.04844      0.00000
 23.79000      0.04570      0.00000
 23.80000      0.04321      0.00000
 23.81000      0.04094      0.00000
 23.82000      0.03886      0.00000
 23.83000      0.03696      0.00000
 23.84000      0.03520      0.00000
 23.85000      0.03359      0.00000
 23.86000      0.03210      0.00000
 23.87000      0.03072      0.00000
 23.88000      0.02943      0.00000
 23.89000      0.02824      0.00000
 23.90000      0.02714      0.00000
 23.91000      0.02610      0.00000
 23.92000      0.02514      0.00000
 23.93000      0.02423      0.00000
 23.94000      0.02339      0.00000
 23.95000      0.02259      0.00000
 23.96000      0.02185      0.00000
 23.97000      0.02115      0.00000
 23.98000      0.02048      0.00000
 23.99000      0.01986      0.00000
 24.00000      0.01927      0.00000
 24.01000      0.01872      0.00000
 24.02000      0.01819      0.00000
 24.03000      0.01769      0.00000
 24.04000      0.01722      0.00000
 24.05000      0.01677      0.00000
 24.06000      0.01635      0.00000
 24.07000      0.01594      0.00000
 24.08000      0.01556      0.00000
 24.09000      0.01519      0.00000
 24.10000      0.01484      0.00000
 24.11000      0.01451      0.00000
 24.12000      0.01419      0.00000
 24.13000      0.01389      0.00000
 24.14000      0.01360      0.00000
 24.15000      0.01332      0.00000
 24.16000      0.01305      0.00000
 24.17000      0.01280      0.00000
 24.18000      0.01255      0.00000
 24.19000      0.01232      0.00000
 24.20000      0.01209      0.00000
 24.21000      0.01188      0.00000
 24.22000      0.01167      0.00000
 24.23000      0.01147      0.00000
 24.24000      0.01128      0.00000
 24.25000      0.01110      0.00000
 24.26000      0.01092      0.00000
 24.27000      0.01075      0.00000
 24.28000      0.01059      0.00000
 24.29000      0.01043      0.00000
 24.30000      0.01028      0.00000
 24.31000      0.01013      0.00000
 24.32000      0.00999      0.00000
 24.33000      0.00985      0.00000
 24.34000      0.00972      0.00000
 24.35000      0.00959      0.00000
 24.36000      0.00947      0.00000
 24.37000      0.00935      0.00000
 24.38000      0.00923      0.00000
 24.39000      0.00912      0.00000
 24.40000      0.00901      0.00000
 24.41000      0.00891      0.00000
 24.42000      0.00881      0.00000
 24.43000      0.00871      0.00000
 24.44000      0.00861      0.00000
 24.45000      0.00852      0.00000
 24.46000      0.00843      0.00000
 24.47000      0.00835      0.00000
 24.48000      0.00826      0.00000
 24.49000      0.00818      0.00000
 24.50000      0.00810      0.00000
 24.51000      0.00803      0.00000
 24.52000      0.00795      0.00000
 24.53000      0.00788      0.00000
 24.54000      0.00781      0.00000
 24.55000      0.00774      0.00000
 24.56000      0.00768      0.00000
 24.57000      0.00761      0.00000
 24.58000      0.00755      0.00000
 24.59000      0.00749      0.00000
 24.60000      0.00743      0.00000
 24.61000      0.00737      0.00000
 24.62000      0.00732      0.00000
 24.63000      0.00726      0.00000
 24.64000      0.00721      0.00000
 24.65000      0.00716      0.00000
 24.66000      0.00711      0.00000
 24.67000      0.00706      0.00000
 24.68000      0.00701      0.00000
 24.69000      0.00696      0.00000
 24.70000      0.00692      0.00000
 24.71000      0.00688      0.00000
 24.72000      0.00683      0.00000
 24.73000      0.00679      0.00000
 24.74000      0.00675      0.00000
 24.75000      0.00671      0.00000
 24.76000      0.00667      0.00000
 24.77000      0.00664      0.00000
 24.78000      0.00660      0.00000
 24.79000      0.00656      0.00000
 24.80000      0.00653      0.00000
 24.81000      0.00650      0.00000
 24.82000      0.00646      0.00000
 24.83000      0.00643      0.00000
 24.84000      0.00640      0.00000
 24.85000      0.00637      0.00000
 24.86000      0.00634      0.00000
 24.87000      0.00631      0.00000
 24.88000      0.00628      0.00000
 24.89000      0.00626      0.00000
 24.90000      0.00623      0.00000
 24.91000      0.00621      0.00000
 24.92000      0.00618      0.00000
 24.93000      0.00616      0.00000
 24.94000      0.00613      0.00000
 24.95000      0.00611      0.00000
 24.96000      0.00609      0.00000
 24.97000      0.00606      0.00000
 24.98000      0.00604      0.00000
 24.99000      0.00602      0.00000
 25.00000      0.00600      0.00000
 25.01000      0.00598      0.00000
 25.02000      0.00596      0.00000
 25.03000      0.00594      0.00000
 25.04000      0.00592      0.00000
 25.05000      0.00591      0.00000
 25.06000      0.00589      0.00000
 25.07000      0.00587      0.00000
 25.08000      0.00586      0.00000
 25.09000      0.00584      0.00000
 25.10000      0.00582      0.00000
 25.11000      0.00581      0.00000
 25.12000      0.00579      0.00000
 25.13000      0.00578      0.00000
 25.14000      0.00577      0.00000
 25.15000      0.00575      0.00000
 25.16000      0.00574      0.00000
 25.17000      0.00573      0.00000
 25.18000      0.00571      0.00000
 25.19000      0.00570      0.00000
 25.20000      0.00569      0.00000
 25.21000      0.00568      0.00000
 25.22000      0.00567      0.00000
 25.23000      0.00566      0.00000
 25.24000      0.00565      0.00000
 25.25000      0.00564      0.00000
 25.26000      0.00563      0.00000
 25.27000      0.00562      0.00000
 25.28000      0.00561      0.00000
 25.29000      0.00560      0.00000
 25.30000      0.00559      0.00000
 25.31000      0.00559      0.00000
 25.32000      0.00558      0.00000
 25.33000      0.00557      0.00000
 25.34000      0.00556      0.00000
 25.35000      0.00556      0.00000
 25.36000      0.00555      0.00000
 25.37000      0.00555      0.00000
 25.38000      0.00554      0.00000
 25.39000      0.00553      0.00000
 25.40000      0.00553      0.00000
 25.41000      0.00552      0.00000
 25.42000      0.00552      0.00000
 25.43000      0.00551      0.00000
 25.44000      0.00551      0.00000
 25.45000      0.00551      0.00000
 25.46000      0.00550      0.00000
 25.47000      0.00550      0.00000
 25.48000      0.00549      0.00000
 25.49000      0.00549      0.00000
 25.50000      0.00549      0.00000
 25.51000      0.00549      0.00000
 25.52000      0.00548      0.00000
 25.53000      0.00548      0.00000
 25.54000      0.00548      0.00000
 25.55000      0.00548      0.00000
 25.56000      0.00548      0.00000
 25.57000      0.00547      0.00000
 25.58000      0.00547      0.00000
 25.59000      0.00547      0.00000
 25.60000      0.00547      0.00000
 25.61000      0.00547      0.00000
 25.62000      0.00547      0.00000
 25.63000      0.00547      0.00000
 25.64000      0.00547      0.00000
 25.65000      0.00547      0.00000
 25.66000      0.00547      0.00000
 25.67000      0.00547      0.00000
 25.68000      0.00547      0.00000
 25.69000      0.00548      0.00000
 25.70000      0.00548      0.00000
 25.71000      0.00548      0.00000
 25.72000      0.00548      0.00000
 25.73000      0.00548      0.00000
 25.74000      0.00548      0.00000
 25.75000      0.00549      0.00000
 25.76000      0.00549      0.00000
 25.77000      0.00549      0.00000
 25.78000      0.00549      0.00000
 25.79000      0.00550      0.00000
 25.80000      0.00550      0.00000
 25.81000      0.00550      0.00000
 25.82000      0.00551      0.00000
 25.83000      0.00551      0.00000
 25.84000      0.00551      0.00000
 25.85000      0.00552      0.00000
 25.86000      0.00552      0.00000
 25.87000      0.00553      0.00000
 25.88000      0.00553      0.00000
 25.89000      0.00554      0.00000
 25.90000      0.00554      0.00000
 25.91000      0.00555      0.00000
 25.92000      0.00555      0.00000
 25.93000      0.00556      0.00000
 25.94000      0.00556      0.00000
 25.95000      0.00557      0.00000
 25.96000      0.00557      0.00000
 25.97000      0.00558      0.00000
 25.98000      0.00559      0.00000
 25.99000      0.00559      0.00000
 26.00000      0.00560      0.00000
 26.01000      0.00561      0.00000
 26.02000      0.00561      0.00000
 26.03000      0.00562      0.00000
 26.04000      0.00563      0.00000
 26.05000      0.00564      0.00000
 26.06000      0.00564      0.00000
 26.07000      0.00565      0.00000
 26.08000      0.00566      0.00000
 26.09000      0.00567      0.00000
 26.10000      0.00568      0.00000
 26.11000      0.00568      0.00000
 26.12000      0.00569      0.00000
 26.13000      0.00570      0.00000
 26.14000      0.00571      0.00000
 26.15000      0.00572      0.00000
 26.16000      0.00573      0.00000
 26.17000      0.00574      0.00000
 26.18000      0.00575      0.00000
 26.19000      0.00576      0.00000
 26.20000      0.00577      0.00000
 26.21000      0.00578      0.00000
 26.22000      0.00579      0.00000
 26.23000      0.00580      0.00000
 26.24000      0.00581      0.00000
 26.25000      0.00582      0.00000
 26.26000      0.00583      0.00000
 26.27000      0.00584      0.00000
 26.28000      0.00585      0.00000
 26.29000      0.00586      0.00000
 26.30000      0.00587      0.00000
 26.31000      0.00589      0.00000
 26.32000      0.00590      0.00000
 26.33000      0.00591      0.00000
 26.34000      0.00592      0.00000
 26.35000      0.00593      0.00000
 26.36000      0.00595      0.00000
 26.37000      0.00596      0.00000
 26.38000      0.00597      0.00000
 26.39000      0.00599      0.00000
 26.40000      0.00600      0.00000
 26.41000      0.00601      0.00000
 26.42000      0.00603      0.00000
 26.43000      0.00604      0.00000
 26.44000      0.00605      0.00000
 26.45000      0.00607      0.00000
 26.46000      0.00608      0.00000
 26.47000      0.00610      0.00000
 26.48000      0.00611      0.00000
 26.49000      0.00613      0.00000
 26.50000      0.00614      0.00000
 26.51000      0.00616      0.00000
 26.52000      0.00617      0.00000
 26.53000      0.00619      0.00000
 26.54000      0.00620      0.00000
 26.55000      0.00622      0.00000
 26.56000      0.00624      0.00000
 26.57000      0.00613      0.00000
 26.58000      0.00615      0.00000
 26.59000      0.00617      0.00000
 26.60000      0.00619      0.00000
 26.61000      0.00620      0.00000
 26.62000      0.00622      0.00000
 26.63000      0.00624      0.00000
 26.64000      0.00626      0.00000
 26.65000      0.00628      0.00000
 26.66000      0.00630      0.00000
 26.67000      0.00632      0.00000
 26.68000      0.00633      0.00000
 26.69000      0.00635      0.00000
 26.70000      0.00637      0.00000
 26.71000      0.00639      0.00000
 26.72000      0.00641      0.00000
 26.73000      0.00643      0.00000
 26.74000      0.00645      0.00000
 26.75000      0.00647      0.00000
 26.76000      0.00650      0.00000
 26.77000      0.00652      0.00000
 26.78000      0.00654      0.00000
 26.79000      0.00656      0.00000
 26.80000      0.00658      0.00000
 26.81000      0.00660      0.00000
 26.82000      0.00663      0.00000
 26.83000      0.00665      0.00000
 26.84000      0.00667      0.00000
 26.85000      0.00669      0.00000
 26.86000      0.00672      0.00000
 26.87000      0.00674      0.00000
 26.88000      0.00676      0.00000
 26.89000      0.00679      0.00000
 26.90000      0.00681      0.00000
 26.91000      0.00684      0.00000
 26.92000      0.00686      0.00000
 26.93000      0.00689      0.00000
 26.94000      0.00691      0.00000
 26.95000      0.00694      0.00000
 26.96000      0.00696      0.00000
 26.97000      0.00699      0.00000
 26.98000      0.00701      0.00000
 26.99000      0.00704      0.00000
 27.00000      0.00707      0.00000
 27.01000      0.00709      0.00000
 27.02000      0.00712      0.00000
 27.03000      0.00715      0.00000
 27.04000      0.00718      0.00000
 27.05000      0.00720      0.00000
 27.06000      0.00723      0.00000
 27.07000      0.00726      0.00000
 27.08000      0.00729      0.00000
 27.09000      0.00732      0.00000
 27.10000      0.00735      0.00000
 27.11000      0.00738      0.00000
 27.12000      0.00741      0.00000
 27.13000      0.00744      0.00000
 27.14000      0.00747      0.00000
 27.15000      0.00750      0.00000
 27.16000      0.00753      0.00000
 27.17000      0.00756      0.00000
 27.18000      0.00759      0.00000
 27.19000      0.00763      0.00000
 27.20000      0.00766      0.00000
 27.21000      0.00769      0.00000
 27.22000      0.00773      0.00000
 27.23000      0.00776      0.00000
 27.24000      0.00779      0.00000
 27.25000      0.00783      0.00000
 27.26000      0.00786      0.00000
 27.27000      0.00790      0.00000
 27.28000      0.00793      0.00000
 27.29000      0.00797      0.00000
 27.30000      0.00801      0.00000
 27.31000      0.00804      0.00000
 27.32000      0.00808      0.00000
 27.33000      0.00812      0.00000
 27.34000      0.00824      0.00000
 27.35000      0.00828      0.00000
 27.36000      0.00832      0.00000
 27.37000      0.00836      0.00000
 27.38000      0.00840      0.00000
 27.39000      0.00844      0.00000
 27.40000      0.00848      0.00000
 27.41000      0.00852      0.00000
 27.42000      0.00856      0.00000
 27.43000      0.00860      0.00000
 27.44000      0.00864      0.00000
 27.45000      0.00869      0.00000
 27.46000      0.00873      0.00000
 27.47000      0.00877      0.00000
 27.48000      0.00882      0.00000
 27.49000      0.00886      0.00000
 27.50000      0.00891      0.00000
 27.51000      0.00895      0.00000
 27.52000      0.00900      0.00000
 27.53000      0.00905      0.00000
 27.54000      0.00909      0.00000
 27.55000      0.00902      0.00000
 27.56000      0.00907      0.00000
 27.57000      0.00912      0.00000
 27.58000      0.00917      0.00000
 27.59000      0.00922      0.00000
 27.60000      0.00927      0.00000
 27.61000      0.00933      0.00000
 27.62000      0.00938      0.00000
 27.63000      0.00943      0.00000
 27.64000      0.00949      0.00000
 27.65000      0.00954      0.00000
 27.66000      0.00960      0.00000
 27.67000      0.00965      0.00000
 27.68000      0.00971      0.00000
 27.69000      0.00977      0.00000
 27.70000      0.00982      0.00000
 27.71000      0.00988      0.00000
 27.72000      0.00994      0.00000
 27.73000      0.01000      0.00000
 27.74000      0.01006      0.00000
 27.75000      0.01012      0.00000
 27.76000      0.01019      0.00000
 27.77000      0.01025      0.00000
 27.78000      0.01031      0.00000
 27.79000      0.01038      0.00000
 27.80000      0.01045      0.00000
 27.81000      0.01051      0.00000
 27.82000      0.01058      0.00000
 27.83000      0.01065      0.00000
 27.84000      0.01072      0.00000
 27.85000      0.01079      0.00000
 27.86000      0.01086      0.00000
 27.87000      0.01093      0.00000
 27.88000      0.01100      0.00000
 27.89000      0.01108      0.00000
 27.90000      0.01115      0.00000
 27.91000      0.01123      0.00000
 27.92000      0.01131      0.00000
 27.93000      0.01138      0.00000
 27.94000      0.01146      0.00000
 27.95000      0.01154      0.00000
 27.96000      0.01163      0.00000
 27.97000      0.01171      0.00000
 27.98000      0.01179      0.00000
 27.99000      0.01188      0.00000
 28.00000      0.01196      0.00000
 28.01000      0.01205      0.00000
 28.02000      0.01214      0.00000
 28.03000      0.01223      0.00000
 28.04000      0.01232      0.00000
 28.05000      0.01242      0.00000
 28.06000      0.01251      0.00000
 28.07000      0.01261      0.00000
 28.08000      0.01271      0.00000
 28.09000      0.01281      0.00000
 28.10000      0.01291      0.00000
 28.11000      0.01301      0.00000
 28.12000      0.01311      0.00000
 28.13000      0.01322      0.00000
 28.14000      0.01333      0.00000
 28.15000      0.01344      0.00000
 28.16000      0.01355      0.00000
 28.17000      0.01366      0.00000
 28.18000      0.01377      0.00000
 28.19000      0.01389      0.00000
 28.20000      0.01401      0.00000
 28.21000      0.01413      0.00000
 28.22000      0.01425      0.00000
 28.23000      0.01438      0.00000
 28.24000      0.01451      0.00000
 28.25000      0.01464      0.00000
 28.26000      0.01477      0.00000
 28.27000      0.01490      0.00000
 28.28000      0.01504      0.00000
 28.29000      0.01518      0.00000
 28.30000      0.01532      0.00000
 28.31000      0.01547      0.00000
 28.32000      0.01562      0.00000
 28.33000      0.01577      0.00000
 28.34000      0.01592      0.00000
 28.35000      0.01608      0.00000
 28.36000      0.01624      0.00000
 28.37000      0.01640      0.00000
 28.38000      0.01657      0.00000
 28.39000      0.01674      0.00000
 28.40000      0.01691      0.00000
 28.41000      0.01709      0.00000
 28.42000      0.01727      0.00000
 28.43000      0.01746      0.00000
 28.44000      0.01764      0.00000
 28.45000      0.01784      0.00000
 28.46000      0.01803      0.00000
 28.47000      0.01824      0.00000
 28.48000      0.01844      0.00000
 28.49000      0.01865      0.00000
 28.50000      0.01887      0.00000
 28.51000      0.01909      0.00000
 28.52000      0.01932      0.00000
 28.53000      0.01955      0.00000
 28.54000      0.01979      0.00000
 28.55000      0.02003      0.00000
 28.56000      0.02028      0.00000
 28.57000      0.02054      0.00000
 28.58000      0.02080      0.00000
 28.59000      0.02107      0.00000
 28.60000      0.02135      0.00000
 28.61000      0.02163      0.00000
 28.62000      0.02193      0.00000
 28.63000      0.02223      0.00000
 28.64000      0.02253      0.00000
 28.65000      0.02285      0.00000
 28.66000      0.02318      0.00000
 28.67000      0.02351      0.00000
 28.68000      0.02386      0.00000
 28.69000      0.02422      0.00000
 28.70000      0.02458      0.00000
 28.71000      0.02496      0.00000
 28.72000      0.02535      0.00000
 28.73000      0.02576      0.00000
 28.74000      0.02617      0.00000
 28.75000      0.02660      0.00000
 28.76000      0.02705      0.00000
 28.77000      0.02751      0.00000
 28.78000      0.02798      0.00000
 28.79000      0.02848      0.00000
 28.80000      0.02899      0.00000
 28.81000      0.02951      0.00000
 28.82000      0.03006      0.00000
 28.83000      0.03063      0.00000
 28.84000      0.03122      0.00000
 28.85000      0.03184      0.00000
 28.86000      0.03247      0.00000
 28.87000      0.03314      0.00000
 28.88000      0.03383      0.00000
 28.89000      0.03455      0.00000
 28.90000      0.03531      0.00000
 28.91000      0.03609      0.00000
 28.92000      0.03691      0.00000
 28.93000      0.03777      0.00000
 28.94000      0.03867      0.00000
 28.95000      0.03961      0.00000
 28.96000      0.04060      0.00000
 28.97000      0.04163      0.00000
 28.98000      0.04272      0.00000
 28.99000      0.04387      0.00000
 29.00000      0.04508      0.00000
 29.01000      0.04635      0.00000
 29.02000      0.04769      0.00000
 29.03000      0.04911      0.00000
 29.04000      0.05062      0.00000
 29.05000      0.05221      0.00000
 29.06000      0.05391      0.00000
 29.07000      0.05571      0.00000
 29.08000      0.05763      0.00000
 29.09000      0.05967      0.00000
 29.10000      0.06186      0.00000
 29.11000      0.06420      0.00000
 29.12000      0.06671      0.00000
 29.13000      0.06941      0.00000
 29.14000      0.07232      0.00000
 29.15000      0.07546      0.00000
 29.16000      0.07885      0.00000
 29.17000      0.08254      0.00000
 29.18000      0.08654      0.00000
 29.19000      0.09091      0.00000
 29.20000      0.09569      0.00000
 29.21000      0.10094      0.00000
 29.22000      0.10671      0.00000
 29.23000      0.11309      0.00000
 29.24000      0.12017      0.00000
 29.25000      0.12804      0.00000
 29.26000      0.13685      0.00000
 29.27000      0.14675      0.00000
 29.28000      0.15793      0.00000
 29.29000      0.17062      0.00000
 29.30000      0.18512      0.00000
 29.31000      0.20178      0.00000
 29.32000      0.22108      0.00000
 29.33000      0.24360      0.00000
 29.34000      0.27010      0.00000
 29.35000      0.30159      0.00000
 29.36000      0.33941      0.00000
 29.37000      0.38538      0.00000
 29.38000      0.44201      0.00000
 29.39000      0.51287      0.00000
 29.40000      0.60310      0.00000
 29.41000      0.72039      0.00000
 29.42000      0.87657      0.00000
 29.43000      1.09092      0.00000
 29.44000      1.39896      0.00000
 29.45000      1.88128      0.00000
 29.46000      2.74814      0.00000
 29.47000      4.49285      0.00000
 29.48000      7.93898      0.00000
 29.49000     13.75227      0.00000
 29.50000     20.87633      0.00000
 29.51000     23.89520      0.00000
 29.52000     18.99080      0.00000
 29.53000     11.90142      0.00000
 29.54000      6.75236      0.00000
 29.55000      3.86803      0.00000
 29.56000      2.43890      0.00000
 29.57000      1.71466      0.00000
 29.58000      1.29567      0.00000
 29.59000      1.02068      0.00000
 29.60000      0.82680      0.00000
 29.61000      0.68460      0.00000
 29.62000      0.57736      0.00000
 29.63000      0.49466      0.00000
 29.64000      0.42963      0.00000
 29.65000      0.37767      0.00000
 29.66000      0.33555      0.00000
 29.67000      0.30098      0.00000
 29.68000      0.27230      0.00000
 29.69000      0.24829      0.00000
 29.70000      0.22802      0.00000
 29.71000      0.21079      0.00000
 29.72000      0.19604      0.00000
 29.73000      0.18335      0.00000
 29.74000      0.17239      0.00000
 29.75000      0.16287      0.00000
 29.76000      0.15459      0.00000
 29.77000      0.14725      0.00000
 29.78000      0.14093      0.00000
 29.79000      0.13541      0.00000
 29.80000      0.13057      0.00000
 29.81000      0.12634      0.00000
 29.82000      0.12265      0.00000
 29.83000      0.11943      0.00000
 29.84000      0.11665      0.00000
 29.85000      0.11425      0.00000
 29.86000      0.11219      0.00000
 29.87000      0.11046      0.00000
 29.88000      0.10902      0.00000
 29.89000      0.10785      0.00000
 29.90000      0.10694      0.00000
 29.91000      0.10626      0.00000
 29.92000      0.10580      0.00000
 29.93000      0.10555      0.00000
 29.94000      0.10551      0.00000
 29.95000      0.10566      0.00000
 29.96000      0.10599      0.00000
 29.97000      0.10652      0.00000
 29.98000      0.10722      0.00000
 29.99000      0.10810      0.00000
 30.00000      0.10916      0.00000
 30.01000      0.11041      0.00000
 30.02000      0.11183      0.00000
 30.03000      0.11344      0.00000
 30.04000      0.11523      0.00000
 30.05000      0.11722      0.00000
 30.06000      0.11941      0.00000
 30.07000      0.12181      0.00000
 30.08000      0.12442      0.00000
 30.09000      0.12726      0.00000
 30.10000      0.13035      0.00000
 30.11000      0.13368      0.00000
 30.12000      0.13729      0.00000
 30.13000      0.14118      0.00000
 30.14000      0.14538      0.00000
 30.15000      0.14991      0.00000
 30.16000      0.15479      0.00000
 30.17000      0.16006      0.00000
 30.18000      0.16574      0.00000
 30.19000      0.17188      0.00000
 30.20000      0.17851      0.00000
 30.21000      0.18567      0.00000
 30.22000      0.19343      0.00000
 30.23000      0.20184      0.00000
 30.24000      0.21097      0.00000
 30.25000      0.22090      0.00000
 30.26000      0.23171      0.00000
 30.27000      0.24351      0.00000
 30.28000      0.25641      0.00000
 30.29000      0.27056      0.00000
 30.30000      0.28611      0.00000
 30.31000      0.30324      0.00000
 30.32000      0.32218      0.00000
 30.33000      0.34318      0.00000
 30.34000      0.36655      0.00000
 30.35000      0.39264      0.00000
 30.36000      0.42190      0.00000
 30.37000      0.45486      0.00000
 30.38000      0.49215      0.00000
 30.39000      0.53458      0.00000
 30.40000      0.58311      0.00000
 30.41000      0.63898      0.00000
 30.42000      0.70373      0.00000
 30.43000      0.77934      0.00000
 30.44000      0.86836      0.00000
 30.45000      0.97415      0.00000
 30.46000      1.10116      0.00000
 30.47000      1.25545      0.00000
 30.48000      1.44534      0.00000
 30.49000      1.68255      0.00000
 30.50000      1.98402      0.00000
 30.51000      2.37484      0.00000
 30.52000      2.89347      0.00000
 30.53000      3.60218      0.00000
 30.54000      4.61420      0.00000
 30.55000      6.18104      0.00000
 30.56000      8.94310      0.00000
 30.57000     14.38857      0.00000
 30.58000     25.04347      0.00000
 30.59000     43.17124      0.00000
 30.60000     66.41103      0.00000
 30.61000     79.25419      0.00000
 30.62000     66.21952      0.00000
 30.63000     42.95369      0.00000
 30.64000     24.87679      0.00000
 30.65000     14.27678      0.00000
 30.66000      8.86695      0.00000
 30.67000      6.12406      0.00000
 30.68000      4.56803      0.00000
 30.69000      3.56328      0.00000
 30.70000      2.86016      0.00000
 30.71000      2.34607      0.00000
 30.72000      1.95907      0.00000
 30.73000      1.66088      0.00000
 30.74000      1.42653      0.00000
 30.75000      1.23919      0.00000
 30.76000      1.08719      0.00000
 30.77000      0.96226      0.00000
 30.78000      0.85839      0.00000
 30.79000      0.77116      0.00000
 30.80000      0.69722      0.00000
 30.81000      0.63405      0.00000
 30.82000      0.57968      0.00000
 30.83000      0.53258      0.00000
 30.84000      0.49153      0.00000
 30.85000      0.45557      0.00000
 30.86000      0.42391      0.00000
 30.87000      0.39591      0.00000
 30.88000      0.37105      0.00000
 30.89000      0.34890      0.00000
 30.90000      0.32910      0.00000
 30.91000      0.31134      0.00000
 30.92000      0.29538      0.00000
 30.93000      0.28100      0.00000
 30.94000      0.26802      0.00000
 30.95000      0.25628      0.00000
 30.96000      0.24565      0.00000
 30.97000      0.23601      0.00000
 30.98000      0.22726      0.00000
 30.99000      0.21932      0.00000
 31.00000      0.21211      0.00000
 31.01000      0.20557      0.00000
 31.02000      0.19963      0.00000
 31.03000      0.19425      0.00000
 31.04000      0.18939      0.00000
 31.05000      0.18500      0.00000
 31.06000      0.18105      0.00000
 31.07000      0.17751      0.00000
 31.08000      0.17435      0.00000
 31.09000      0.17155      0.00000
 31.10000      0.16910      0.00000
 31.11000      0.16697      0.00000
 31.12000      0.16515      0.00000
 31.13000      0.16362      0.00000
 31.14000      0.16237      0.00000
 31.15000      0.16141      0.00000
 31.16000      0.16070      0.00000
 31.17000      0.16026      0.00000
 31.18000      0.16008      0.00000
 31.19000      0.16015      0.00000
 31.20000      0.16047      0.00000
 31.21000      0.16105      0.00000
 31.22000      0.16188      0.00000
 31.23000      0.16296      0.00000
 31.24000      0.16430      0.00000
 31.25000      0.16591      0.00000
 31.26000      0.16779      0.00000
 31.27000      0.16995      0.00000
 31.28000      0.17240      0.00000
 31.29000      0.17514      0.00000
 31.30000      0.17821      0.00000
 31.31000      0.18160      0.00000
 31.32000      0.18534      0.00000
 31.33000      0.18945      0.00000
 31.34000      0.19395      0.00000
 31.35000      0.19887      0.00000
 31.36000      0.20423      0.00000
 31.37000      0.21007      0.00000
 31.38000      0.21643      0.00000
 31.39000      0.22334      0.00000
 31.40000      0.23086      0.00000
 31.41000      0.23903      0.00000
 31.42000      0.24792      0.00000
 31.43000      0.25759      0.00000
 31.44000      0.26812      0.00000
 31.45000      0.27961      0.00000
 31.46000      0.29214      0.00000
 31.47000      0.30584      0.00000
 31.48000      0.32083      0.00000
 31.49000      0.33736      0.00000
 31.50000      0.35543      0.00000
 31.51000      0.37532      0.00000
 31.52000      0.39729      0.00000
 31.53000      0.42160      0.00000
 31.54000      0.44859      0.00000
 31.55000      0.47865      0.00000
 31.56000      0.51224      0.00000
 31.57000      0.54992      0.00000
 31.58000      0.59237      0.00000
 31.59000      0.64039      0.00000
 31.60000      0.69500      0.00000
 31.61000      0.75744      0.00000
 31.62000      0.82923      0.00000
 31.63000      0.91233      0.00000
 31.64000      1.00920      0.00000
 31.65000      1.12303      0.00000
 31.66000      1.25798      0.00000
 31.67000      1.41953      0.00000
 31.68000      1.61509      0.00000
 31.69000      1.85481      0.00000
 31.70000      2.15284      0.00000
 31.71000      2.52946      0.00000
 31.72000      3.01441      0.00000
 31.73000      3.65274      0.00000
 31.74000      4.51602      0.00000
 31.75000      5.72968      0.00000
 31.76000      7.55716      0.00000
 31.77000     10.64593      0.00000
 31.78000     16.52579      0.00000
 31.79000     27.99730      0.00000
 31.80000     48.19281      0.00000
 31.81000     76.67893      0.00000
 31.82000    100.00000      0.00000
 31.83000     93.53425      0.00000
 31.84000     65.33236      0.00000
 31.85000     39.35838      0.00000
 31.86000     22.72377      0.00000
 31.87000     13.76193      0.00000
 31.88000      9.19980      0.00000
 31.89000      6.71028      0.00000
 31.90000      5.16555      0.00000
 31.91000      4.10813      0.00000
 31.92000      3.34370      0.00000
 31.93000      2.77251      0.00000
 31.94000      2.33497      0.00000
 31.95000      1.99280      0.00000
 31.96000      1.72037      0.00000
 31.97000      1.50009      0.00000
 31.98000      1.31952      0.00000
 31.99000      1.16971      0.00000
 32.00000      1.04410      0.00000
 32.01000      0.93775      0.00000
 32.02000      0.84694      0.00000
 32.03000      0.76879      0.00000
 32.04000      0.70106      0.00000
 32.05000      0.64198      0.00000
 32.06000      0.59014      0.00000
 32.07000      0.54442      0.00000
 32.08000      0.50388      0.00000
 32.09000      0.46777      0.00000
 32.10000      0.43547      0.00000
 32.11000      0.40646      0.00000
 32.12000      0.38032      0.00000
 32.13000      0.35667      0.00000
 32.14000      0.33522      0.00000
 32.15000      0.31569      0.00000
 32.16000      0.29786      0.00000
 32.17000      0.28155      0.00000
 32.18000      0.26658      0.00000
 32.19000      0.25281      0.00000
 32.20000      0.24012      0.00000
 32.21000      0.22839      0.00000
 32.22000      0.21754      0.00000
 32.23000      0.20748      0.00000
 32.24000      0.19812      0.00000
 32.25000      0.18942      0.00000
 32.26000      0.18130      0.00000
 32.27000      0.17373      0.00000
 32.28000      0.16664      0.00000
 32.29000      0.16000      0.00000
 32.30000      0.15378      0.00000
 32.31000      0.14793      0.00000
 32.32000      0.14244      0.00000
 32.33000      0.13726      0.00000
 32.34000      0.13238      0.00000
 32.35000      0.12778      0.00000
 32.36000      0.12344      0.00000
 32.37000      0.11933      0.00000
 32.38000      0.11544      0.00000
 32.39000      0.11175      0.00000
 32.40000      0.10826      0.00000
 32.41000      0.10494      0.00000
 32.42000      0.10179      0.00000
 32.43000      0.09880      0.00000
 32.44000      0.09595      0.00000
 32.45000      0.09324      0.00000
 32.46000      0.09065      0.00000
 32.47000      0.08819      0.00000
 32.48000      0.08584      0.00000
 32.49000      0.08360      0.00000
 32.50000      0.08145      0.00000
 32.51000      0.07941      0.00000
 32.52000      0.07745      0.00000
 32.53000      0.07557      0.00000
 32.54000      0.07378      0.00000
 32.55000      0.07206      0.00000
 32.56000      0.07041      0.00000
 32.57000      0.06884      0.00000
 32.58000      0.06732      0.00000
 32.59000      0.06587      0.00000
 32.60000      0.06447      0.00000
 32.61000      0.06314      0.00000
 32.62000      0.06185      0.00000
 32.63000      0.06061      0.00000
 32.64000      0.05943      0.00000
 32.65000      0.05828      0.00000
 32.66000      0.05718      0.00000
 32.67000      0.05613      0.00000
 32.68000      0.05511      0.00000
 32.69000      0.05413      0.00000
 32.70000      0.05319      0.00000
 32.71000      0.05228      0.00000
 32.72000      0.05141      0.00000
 32.73000      0.05057      0.00000
 32.74000      0.04976      0.00000
 32.75000      0.04898      0.00000
 32.76000      0.04823      0.00000
 32.77000      0.04758      0.00000
 32.78000      0.04688      0.00000
 32.79000      0.04621      0.00000
 32.80000      0.04556      0.00000
 32.81000      0.04494      0.00000
 32.82000      0.04434      0.00000
 32.83000      0.04376      0.00000
 32.84000      0.04321      0.00000
 32.85000      0.04267      0.00000
 32.86000      0.04216      0.00000
 32.87000      0.04166      0.00000
 32.88000      0.04119      0.00000
 32.89000      0.04073      0.00000
 32.90000      0.04029      0.00000
 32.91000      0.03987      0.00000
 32.92000      0.03946      0.00000
 32.93000      0.03908      0.00000
 32.94000      0.03871      0.00000
 32.95000      0.03835      0.00000
 32.96000      0.03801      0.00000
 32.97000      0.03769      0.00000
 32.98000      0.03738      0.00000
 32.99000      0.03708      0.00000
 33.00000      0.03680      0.00000
 33.01000      0.03654      0.00000
 33.02000      0.03629      0.00000
 33.03000      0.03605      0.00000
 33.04000      0.03583      0.00000
 33.05000      0.03562      0.00000
 33.06000      0.03542      0.00000
 33.07000      0.03524      0.00000
 33.08000      0.03507      0.00000
 33.09000      0.03491      0.00000
 33.10000      0.03476      0.00000
 33.11000      0.03463      0.00000
 33.12000      0.03452      0.00000
 33.13000      0.03441      0.00000
 33.14000      0.03432      0.00000
 33.15000      0.03424      0.00000
 33.16000      0.03417      0.00000
 33.17000      0.03412      0.00000
 33.18000      0.03408      0.00000
 33.19000      0.03406      0.00000
 33.20000      0.03405      0.00000
 33.21000      0.03405      0.00000
 33.22000      0.03406      0.00000
 33.23000      0.03409      0.00000
 33.24000      0.03414      0.00000
 33.25000      0.03420      0.00000
 33.26000      0.03427      0.00000
 33.27000      0.03436      0.00000
 33.28000      0.03447      0.00000
 33.29000      0.03459      0.00000
 33.30000      0.03473      0.00000
 33.31000      0.03488      0.00000
 33.32000      0.03506      0.00000
 33.33000      0.03525      0.00000
 33.34000      0.03546      0.00000
 33.35000      0.03568      0.00000
 33.36000      0.03593      0.00000
 33.37000      0.03620      0.00000
 33.38000      0.03649      0.00000
 33.39000      0.03681      0.00000
 33.40000      0.03714      0.00000
 33.41000      0.03751      0.00000
 33.42000      0.03789      0.00000
 33.43000      0.03831      0.00000
 33.44000      0.03875      0.00000
 33.45000      0.03922      0.00000
 33.46000      0.03972      0.00000
 33.47000      0.04026      0.00000
 33.48000      0.04082      0.00000
 33.49000      0.04143      0.00000
 33.50000      0.04207      0.00000
 33.51000      0.04276      0.00000
 33.52000      0.04348      0.00000
 33.53000      0.04425      0.00000
 33.54000      0.04507      0.00000
 33.55000      0.04594      0.00000
 33.56000      0.04687      0.00000
 33.57000      0.04785      0.00000
 33.58000      0.04890      0.00000
 33.59000      0.05001      0.00000
 33.60000      0.05120      0.00000
 33.61000      0.05246      0.00000
 33.62000      0.05380      0.00000
 33.63000      0.05523      0.00000
 33.64000      0.05676      0.00000
 33.65000      0.05839      0.00000
 33.66000      0.06014      0.00000
 33.67000      0.06200      0.00000
 33.68000      0.06400      0.00000
 33.69000      0.06615      0.00000
 33.70000      0.06845      0.00000
 33.71000      0.07092      0.00000
 33.72000      0.07358      0.00000
 33.73000      0.07645      0.00000
 33.74000      0.07955      0.00000
 33.75000      0.08290      0.00000
 33.76000      0.08653      0.00000
 33.77000      0.09047      0.00000
 33.78000      0.09475      0.00000
 33.79000      0.09942      0.00000
 33.80000      0.10452      0.00000
 33.81000      0.11010      0.00000
 33.82000      0.11623      0.00000
 33.83000      0.12299      0.00000
 33.84000      0.13044      0.00000
 33.85000      0.13870      0.00000
 33.86000      0.14789      0.00000
 33.87000      0.15813      0.00000
 33.88000      0.16961      0.00000
 33.89000      0.18253      0.00000
 33.90000      0.19713      0.00000
 33.91000      0.21371      0.00000
 33.92000      0.23266      0.00000
 33.93000      0.25444      0.00000
 33.94000      0.27963      0.00000
 33.95000      0.30898      0.00000
 33.96000      0.34347      0.00000
 33.97000      0.38433      0.00000
 33.98000      0.43325      0.00000
 33.99000      0.49244      0.00000
 34.00000      0.56499      0.00000
 34.01000      0.65518      0.00000
 34.02000      0.76912      0.00000
 34.03000      0.91579      0.00000
 34.04000      1.10882      0.00000
 34.05000      1.37007      0.00000
 34.06000      1.73898      0.00000
 34.07000      2.30032      0.00000
 34.08000      3.25587      0.00000
 34.09000      5.04445      0.00000
 34.10000      8.39199      0.00000
 34.11000     14.01145      0.00000
 34.12000     21.57880      0.00000
 34.13000     27.36153      0.00000
 34.14000     25.36044      0.00000
 34.15000     17.96051      0.00000
 34.16000     11.09926      0.00000
 34.17000      6.58394      0.00000
 34.18000      4.05823      0.00000
 34.19000      2.72900      0.00000
 34.20000      1.99355      0.00000
 34.21000      1.53765      0.00000
 34.22000      1.22617      0.00000
 34.23000      1.00079      0.00000
 34.24000      0.83202      0.00000
 34.25000      0.70250      0.00000
 34.26000      0.60103      0.00000
 34.27000      0.52014      0.00000
 34.28000      0.45466      0.00000
 34.29000      0.40094      0.00000
 34.30000      0.35634      0.00000
 34.31000      0.31891      0.00000
 34.32000      0.28722      0.00000
 34.33000      0.26014      0.00000
 34.34000      0.23682      0.00000
 34.35000      0.21662      0.00000
 34.36000      0.19899      0.00000
 34.37000      0.18352      0.00000
 34.38000      0.16987      0.00000
 34.39000      0.15777      0.00000
 34.40000      0.14700      0.00000
 34.41000      0.13736      0.00000
 34.42000      0.12871      0.00000
 34.43000      0.12091      0.00000
 34.44000      0.11386      0.00000
 34.45000      0.10747      0.00000
 34.46000      0.10165      0.00000
 34.47000      0.09634      0.00000
 34.48000      0.09148      0.00000
 34.49000      0.08703      0.00000
 34.50000      0.08294      0.00000
 34.51000      0.07917      0.00000
 34.52000      0.07569      0.00000
 34.53000      0.07247      0.00000
 34.54000      0.06949      0.00000
 34.55000      0.06673      0.00000
 34.56000      0.06415      0.00000
 34.57000      0.06176      0.00000
 34.58000      0.05952      0.00000
 34.59000      0.05744      0.00000
 34.60000      0.05549      0.00000
 34.61000      0.05366      0.00000
 34.62000      0.05195      0.00000
 34.63000      0.05035      0.00000
 34.64000      0.04884      0.00000
 34.65000      0.04742      0.00000
 34.66000      0.04608      0.00000
 34.67000      0.04482      0.00000
 34.68000      0.04364      0.00000
 34.69000      0.04252      0.00000
 34.70000      0.04146      0.00000
 34.71000      0.04047      0.00000
 34.72000      0.03952      0.00000
 34.73000      0.03863      0.00000
 34.74000      0.03778      0.00000
 34.75000      0.03698      0.00000
 34.76000      0.03622      0.00000
 34.77000      0.03551      0.00000
 34.78000      0.03482      0.00000
 34.79000      0.03418      0.00000
 34.80000      0.03357      0.00000
 34.81000      0.03298      0.00000
 34.82000      0.03243      0.00000
 34.83000      0.03191      0.00000
 34.84000      0.03141      0.00000
 34.85000      0.03094      0.00000
 34.86000      0.03049      0.00000
 34.87000      0.03007      0.00000
 34.88000      0.02967      0.00000
 34.89000      0.02929      0.00000
 34.90000      0.02893      0.00000
 34.91000      0.02859      0.00000
 34.92000      0.02826      0.00000
 34.93000      0.02796      0.00000
 34.94000      0.02767      0.00000
 34.95000      0.02740      0.00000
 34.96000      0.02714      0.00000
 34.97000      0.02690      0.00000
 34.98000      0.02668      0.00000
 34.99000      0.02647      0.00000
 35.00000      0.02627      0.00000
 35.01000      0.02609      0.00000
 35.02000      0.02591      0.00000
 35.03000      0.02576      0.00000
 35.04000      0.02561      0.00000
 35.05000      0.02548      0.00000
 35.06000      0.02536      0.00000
 35.07000      0.02525      0.00000
 35.08000      0.02515      0.00000
 35.09000      0.02506      0.00000
 35.10000      0.02498      0.00000
 35.11000      0.02492      0.00000
 35.12000      0.02486      0.00000
 35.13000      0.02482      0.00000
 35.14000      0.02479      0.00000
 35.15000      0.02476      0.00000
 35.16000      0.02475      0.00000
 35.17000      0.02475      0.00000
 35.18000      0.02476      0.00000
 35.19000      0.02478      0.00000
 35.20000      0.02481      0.00000
 35.21000      0.02485      0.00000
 35.22000      0.02490      0.00000
 35.23000      0.02496      0.00000
 35.24000      0.02503      0.00000
 35.25000      0.02511      0.00000
 35.26000      0.02521      0.00000
 35.27000      0.02532      0.00000
 35.28000      0.02543      0.00000
 35.29000      0.02556      0.00000
 35.30000      0.02570      0.00000
 35.31000      0.02586      0.00000
 35.32000      0.02602      0.00000
 35.33000      0.02620      0.00000
 35.34000      0.02639      0.00000
 35.35000      0.02660      0.00000
 35.36000      0.02682      0.00000
 35.37000      0.02705      0.00000
 35.38000      0.02730      0.00000
 35.39000      0.02757      0.00000
 35.40000      0.02785      0.00000
 35.41000      0.02815      0.00000
 35.42000      0.02847      0.00000
 35.43000      0.02880      0.00000
 35.44000      0.02916      0.00000
 35.45000      0.02953      0.00000
 35.46000      0.02993      0.00000
 35.47000      0.03034      0.00000
 35.48000      0.03078      0.00000
 35.49000      0.03125      0.00000
 35.50000      0.03174      0.00000
 35.51000      0.03226      0.00000
 35.52000      0.03280      0.00000
 35.53000      0.03338      0.00000
 35.54000      0.03399      0.00000
 35.55000      0.03463      0.00000
 35.56000      0.03531      0.00000
 35.57000      0.03603      0.00000
 35.58000      0.03679      0.00000
 35.59000      0.03760      0.00000
 35.60000      0.03845      0.00000
 35.61000      0.03935      0.00000
 35.62000      0.04031      0.00000
 35.63000      0.04132      0.00000
 35.64000      0.04240      0.00000
 35.65000      0.04354      0.00000
 35.66000      0.04476      0.00000
 35.67000      0.04606      0.00000
 35.68000      0.04745      0.00000
 35.69000      0.04892      0.00000
 35.70000      0.05050      0.00000
 35.71000      0.05220      0.00000
 35.72000      0.05401      0.00000
 35.73000      0.05596      0.00000
 35.74000      0.05806      0.00000
 35.75000      0.06031      0.00000
 35.76000      0.06275      0.00000
 35.77000      0.06539      0.00000
 35.78000      0.06825      0.00000
 35.79000      0.07136      0.00000
 35.80000      0.07474      0.00000
 35.81000      0.07843      0.00000
 35.82000      0.08248      0.00000
 35.83000      0.08692      0.00000
 35.84000      0.09182      0.00000
 35.85000      0.09723      0.00000
 35.86000      0.10322      0.00000
 35.87000      0.10990      0.00000
 35.88000      0.11737      0.00000
 35.89000      0.12576      0.00000
 35.90000      0.13522      0.00000
 35.91000      0.14596      0.00000
 35.92000      0.15821      0.00000
 35.93000      0.17227      0.00000
 35.94000      0.18852      0.00000
 35.95000      0.20744      0.00000
 35.96000      0.22965      0.00000
 35.97000      0.25596      0.00000
 35.98000      0.28745      0.00000
 35.99000      0.32556      0.00000
 36.00000      0.37228      0.00000
 36.01000      0.43041      0.00000
 36.02000      0.50391      0.00000
 36.03000      0.59865      0.00000
 36.04000      0.72362      0.00000
 36.05000      0.89348      0.00000
 36.06000      1.13636      0.00000
 36.07000      1.51360      0.00000
 36.08000      2.16502      0.00000
 36.09000      3.36589      0.00000
 36.10000      5.51555      0.00000
 36.11000      8.92047      0.00000
 36.12000     13.15766      0.00000
 36.13000     15.80697      0.00000
 36.14000     14.05944      0.00000
 36.15000      9.87808      0.00000
 36.16000      6.18816      0.00000
 36.17000      3.76068      0.00000
 36.18000      2.37728      0.00000
 36.19000      1.62947      0.00000
 36.20000      1.20646      0.00000
 36.21000      0.94122      0.00000
 36.22000      0.75901      0.00000
 36.23000      0.62664      0.00000
 36.24000      0.52722      0.00000
 36.25000      0.45076      0.00000
 36.26000      0.39082      0.00000
 36.27000      0.34306      0.00000
 36.28000      0.30446      0.00000
 36.29000      0.27288      0.00000
 36.30000      0.24679      0.00000
 36.31000      0.22502      0.00000
 36.32000      0.20673      0.00000
 36.33000      0.19125      0.00000
 36.34000      0.17808      0.00000
 36.35000      0.16684      0.00000
 36.36000      0.15720      0.00000
 36.37000      0.14891      0.00000
 36.38000      0.14179      0.00000
 36.39000      0.13567      0.00000
 36.40000      0.13041      0.00000
 36.41000      0.12591      0.00000
 36.42000      0.12209      0.00000
 36.43000      0.11886      0.00000
 36.44000      0.11617      0.00000
 36.45000      0.11397      0.00000
 36.46000      0.11222      0.00000
 36.47000      0.11089      0.00000
 36.48000      0.10994      0.00000
 36.49000      0.10936      0.00000
 36.50000      0.10913      0.00000
 36.51000      0.10924      0.00000
 36.52000      0.10967      0.00000
 36.53000      0.11044      0.00000
 36.54000      0.11153      0.00000
 36.55000      0.11294      0.00000
 36.56000      0.11469      0.00000
 36.57000      0.11679      0.00000
 36.58000      0.11923      0.00000
 36.59000      0.12206      0.00000
 36.60000      0.12527      0.00000
 36.61000      0.12890      0.00000
 36.62000      0.13299      0.00000
 36.63000      0.13755      0.00000
 36.64000      0.14264      0.00000
 36.65000      0.14831      0.00000
 36.66000      0.15461      0.00000
 36.67000      0.16161      0.00000
 36.68000      0.16938      0.00000
 36.69000      0.17803      0.00000
 36.70000      0.18765      0.00000
 36.71000      0.19838      0.00000
 36.72000      0.21036      0.00000
 36.73000      0.22378      0.00000
 36.74000      0.23884      0.00000
 36.75000      0.25582      0.00000
 36.76000      0.27509      0.00000
 36.77000      0.29689      0.00000
 36.78000      0.32175      0.00000
 36.79000      0.35025      0.00000
 36.80000      0.38312      0.00000
 36.81000      0.42126      0.00000
 36.82000      0.46584      0.00000
 36.83000      0.51836      0.00000
 36.84000      0.58077      0.00000
 36.85000      0.65568      0.00000
 36.86000      0.74659      0.00000
 36.87000      0.85833      0.00000
 36.88000      0.99764      0.00000
 36.89000      1.17421      0.00000
 36.90000      1.40231      0.00000
 36.91000      1.70391      0.00000
 36.92000      2.11568      0.00000
 36.93000      2.70828      0.00000
 36.94000      3.63772      0.00000
 36.95000      5.24987      0.00000
 36.96000      8.19507      0.00000
 36.97000     13.36258      0.00000
 36.98000     21.34399      0.00000
 36.99000     30.91726      0.00000
 37.00000     36.30439      0.00000
 37.01000     31.76767      0.00000
 37.02000     22.24866      0.00000
 37.03000     13.99710      0.00000
 37.04000      8.56413      0.00000
 37.05000      5.44184      0.00000
 37.06000      3.73420      0.00000
 37.07000      2.75850      0.00000
 37.08000      2.14298      0.00000
 37.09000      1.71843      0.00000
 37.10000      1.40884      0.00000
 37.11000      1.17538      0.00000
 37.12000      0.99506      0.00000
 37.13000      0.85303      0.00000
 37.14000      0.73928      0.00000
 37.15000      0.64682      0.00000
 37.16000      0.57070      0.00000
 37.17000      0.50729      0.00000
 37.18000      0.45393      0.00000
 37.19000      0.40862      0.00000
 37.20000      0.36982      0.00000
 37.21000      0.33635      0.00000
 37.22000      0.30727      0.00000
 37.23000      0.28186      0.00000
 37.24000      0.25952      0.00000
 37.25000      0.23977      0.00000
 37.26000      0.22224      0.00000
 37.27000      0.20660      0.00000
 37.28000      0.19259      0.00000
 37.29000      0.17999      0.00000
 37.30000      0.16862      0.00000
 37.31000      0.15832      0.00000
 37.32000      0.14897      0.00000
 37.33000      0.14045      0.00000
 37.34000      0.13266      0.00000
 37.35000      0.12553      0.00000
 37.36000      0.11898      0.00000
 37.37000      0.11295      0.00000
 37.38000      0.10739      0.00000
 37.39000      0.10224      0.00000
 37.40000      0.09748      0.00000
 37.41000      0.09305      0.00000
 37.42000      0.08894      0.00000
 37.43000      0.08511      0.00000
 37.44000      0.08154      0.00000
 37.45000      0.07820      0.00000
 37.46000      0.07508      0.00000
 37.47000      0.07215      0.00000
 37.48000      0.06940      0.00000
 37.49000      0.06682      0.00000
 37.50000      0.06439      0.00000
 37.51000      0.06210      0.00000
 37.52000      0.05994      0.00000
 37.53000      0.05791      0.00000
 37.54000      0.05598      0.00000
 37.55000      0.05416      0.00000
 37.56000      0.05244      0.00000
 37.57000      0.05080      0.00000
 37.58000      0.04925      0.00000
 37.59000      0.04778      0.00000
 37.60000      0.04638      0.00000
 37.61000      0.04505      0.00000
 37.62000      0.04378      0.00000
 37.63000      0.04258      0.00000
 37.64000      0.04143      0.00000
 37.65000      0.04033      0.00000
 37.66000      0.03928      0.00000
 37.67000      0.03828      0.00000
 37.68000      0.03733      0.00000
 37.69000      0.03641      0.00000
 37.70000      0.03554      0.00000
 37.71000      0.03470      0.00000
 37.72000      0.03390      0.00000
 37.73000      0.03313      0.00000
 37.74000      0.03239      0.00000
 37.75000      0.03169      0.00000
 37.76000      0.03101      0.00000
 37.77000      0.03036      0.00000
 37.78000      0.02973      0.00000
 37.79000      0.02913      0.00000
 37.80000      0.02855      0.00000
 37.81000      0.02800      0.00000
 37.82000      0.02746      0.00000
 37.83000      0.02695      0.00000
 37.84000      0.02645      0.00000
 37.85000      0.02597      0.00000
 37.86000      0.02552      0.00000
 37.87000      0.02507      0.00000
 37.88000      0.02465      0.00000
 37.89000      0.02424      0.00000
 37.90000      0.02384      0.00000
 37.91000      0.02346      0.00000
 37.92000      0.02309      0.00000
 37.93000      0.02273      0.00000
 37.94000      0.02239      0.00000
 37.95000      0.02206      0.00000
 37.96000      0.02174      0.00000
 37.97000      0.02143      0.00000
 37.98000      0.02114      0.00000
 37.99000      0.02085      0.00000
 38.00000      0.02057      0.00000
 38.01000      0.02031      0.00000
 38.02000      0.02005      0.00000
 38.03000      0.01980      0.00000
 38.04000      0.01956      0.00000
 38.05000      0.01933      0.00000
 38.06000      0.01911      0.00000
 38.07000      0.01889      0.00000
 38.08000      0.01868      0.00000
 38.09000      0.01848      0.00000
 38.10000      0.01829      0.00000
 38.11000      0.01810      0.00000
 38.12000      0.01792      0.00000
 38.13000      0.01775      0.00000
 38.14000      0.01758      0.00000
 38.15000      0.01742      0.00000
 38.16000      0.01727      0.00000
 38.17000      0.01712      0.00000
 38.18000      0.01698      0.00000
 38.19000      0.01684      0.00000
 38.20000      0.01671      0.00000
 38.21000      0.01659      0.00000
 38.22000      0.01647      0.00000
 38.23000      0.01635      0.00000
 38.24000      0.01624      0.00000
 38.25000      0.01614      0.00000
 38.26000      0.01604      0.00000
 38.27000      0.01595      0.00000
 38.28000      0.01586      0.00000
 38.29000      0.01577      0.00000
 38.30000      0.01569      0.00000
 38.31000      0.01561      0.00000
 38.32000      0.01554      0.00000
 38.33000      0.01548      0.00000
 38.34000      0.01542      0.00000
 38.35000      0.01536      0.00000
 38.36000      0.01530      0.00000
 38.37000      0.01526      0.00000
 38.38000      0.01521      0.00000
 38.39000      0.01517      0.00000
 38.40000      0.01513      0.00000
 38.41000      0.01510      0.00000
 38.42000      0.01508      0.00000
 38.43000      0.01505      0.00000
 38.44000      0.01512      0.00000
 38.45000      0.01510      0.00000
 38.46000      0.01509      0.00000
 38.47000      0.01509      0.00000
 38.48000      0.01508      0.00000
 38.49000      0.01509      0.00000
 38.50000      0.01510      0.00000
 38.51000      0.01511      0.00000
 38.52000      0.01512      0.00000
 38.53000      0.01515      0.00000
 38.54000      0.01517      0.00000
 38.55000      0.01520      0.00000
 38.56000      0.01524      0.00000
 38.57000      0.01528      0.00000
 38.58000      0.01532      0.00000
 38.59000      0.01537      0.00000
 38.60000      0.01543      0.00000
 38.61000      0.01549      0.00000
 38.62000      0.01555      0.00000
 38.63000      0.01562      0.00000
 38.64000      0.01570      0.00000
 38.65000      0.01578      0.00000
 38.66000      0.01587      0.00000
 38.67000      0.01596      0.00000
 38.68000      0.01606      0.00000
 38.69000      0.01616      0.00000
 38.70000      0.01628      0.00000
 38.71000      0.01639      0.00000
 38.72000      0.01652      0.00000
 38.73000      0.01665      0.00000
 38.74000      0.01679      0.00000
 38.75000      0.01694      0.00000
 38.76000      0.01709      0.00000
 38.77000      0.01725      0.00000
 38.78000      0.01742      0.00000
 38.79000      0.01760      0.00000
 38.80000      0.01779      0.00000
 38.81000      0.01799      0.00000
 38.82000      0.01820      0.00000
 38.83000      0.01841      0.00000
 38.84000      0.01864      0.00000
 38.85000      0.01888      0.00000
 38.86000      0.01913      0.00000
 38.87000      0.01939      0.00000
 38.88000      0.01967      0.00000
 38.89000      0.01996      0.00000
 38.90000      0.02026      0.00000
 38.91000      0.02057      0.00000
 38.92000      0.02090      0.00000
 38.93000      0.02125      0.00000
 38.94000      0.02161      0.00000
 38.95000      0.02199      0.00000
 38.96000      0.02239      0.00000
 38.97000      0.02281      0.00000
 38.98000      0.02325      0.00000
 38.99000      0.02371      0.00000
 39.00000      0.02420      0.00000
 39.01000      0.02471      0.00000
 39.02000      0.02524      0.00000
 39.03000      0.02580      0.00000
 39.04000      0.02639      0.00000
 39.05000      0.02701      0.00000
 39.06000      0.02767      0.00000
 39.07000      0.02836      0.00000
 39.08000      0.02909      0.00000
 39.09000      0.02986      0.00000
 39.10000      0.03067      0.00000
 39.11000      0.03153      0.00000
 39.12000      0.03244      0.00000
 39.13000      0.03340      0.00000
 39.14000      0.03442      0.00000
 39.15000      0.03550      0.00000
 39.16000      0.03665      0.00000
 39.17000      0.03787      0.00000
 39.18000      0.03917      0.00000
 39.19000      0.04056      0.00000
 39.20000      0.04204      0.00000
 39.21000      0.04362      0.00000
 39.22000      0.04531      0.00000
 39.23000      0.04713      0.00000
 39.24000      0.04908      0.00000
 39.25000      0.05118      0.00000
 39.26000      0.05344      0.00000
 39.27000      0.05588      0.00000
 39.28000      0.05852      0.00000
 39.29000      0.06138      0.00000
 39.30000      0.06449      0.00000
 39.31000      0.06788      0.00000
 39.32000      0.07159      0.00000
 39.33000      0.07564      0.00000
 39.34000      0.08010      0.00000
 39.35000      0.08500      0.00000
 39.36000      0.09043      0.00000
 39.37000      0.09645      0.00000
 39.38000      0.10316      0.00000
 39.39000      0.11066      0.00000
 39.40000      0.11909      0.00000
 39.41000      0.12861      0.00000
 39.42000      0.13941      0.00000
 39.43000      0.15174      0.00000
 39.44000      0.16591      0.00000
 39.45000      0.18230      0.00000
 39.46000      0.20141      0.00000
 39.47000      0.22387      0.00000
 39.48000      0.25051      0.00000
 39.49000      0.28246      0.00000
 39.50000      0.32119      0.00000
 39.51000      0.36880      0.00000
 39.52000      0.42816      0.00000
 39.53000      0.50348      0.00000
 39.54000      0.60096      0.00000
 39.55000      0.73047      0.00000
 39.56000      0.90937      0.00000
 39.57000      1.17291      0.00000
 39.58000      1.59735      0.00000
 39.59000      2.33517      0.00000
 39.60000      3.63233      0.00000
 39.61000      5.76189      0.00000
 39.62000      8.78772      0.00000
 39.63000     11.94711      0.00000
 39.64000     13.00939      0.00000
 39.65000     10.84536      0.00000
 39.66000      7.55026      0.00000
 39.67000      4.84173      0.00000
 39.68000      3.05860      0.00000
 39.69000      2.01168      0.00000
 39.70000      1.42135      0.00000
 39.71000      1.07546      0.00000
 39.72000      0.85468      0.00000
 39.73000      0.70214      0.00000
 39.74000      0.59135      0.00000
 39.75000      0.50859      0.00000
 39.76000      0.44577      0.00000
 39.77000      0.39766      0.00000
 39.78000      0.36075      0.00000
 39.79000      0.33265      0.00000
 39.80000      0.31171      0.00000
 39.81000      0.29681      0.00000
 39.82000      0.28724      0.00000
 39.83000      0.28261      0.00000
 39.84000      0.28281      0.00000
 39.85000      0.28799      0.00000
 39.86000      0.29861      0.00000
 39.87000      0.31552      0.00000
 39.88000      0.34003      0.00000
 39.89000      0.37416      0.00000
 39.90000      0.42098      0.00000
 39.91000      0.48528      0.00000
 39.92000      0.57517      0.00000
 39.93000      0.70621      0.00000
 39.94000      0.91157      0.00000
 39.95000      1.26089      0.00000
 39.96000      1.87929      0.00000
 39.97000      2.93573      0.00000
 39.98000      4.55611      0.00000
 39.99000      6.58060      0.00000
 40.00000      8.05391      0.00000
 40.01000      7.60844      0.00000
 40.02000      5.71534      0.00000
 40.03000      3.79508      0.00000
 40.04000      2.40890      0.00000
 40.05000      1.55041      0.00000
 40.06000      1.05774      0.00000
 40.07000      0.77471      0.00000
 40.08000      0.60043      0.00000
 40.09000      0.48308      0.00000
 40.10000      0.39851      0.00000
 40.11000      0.33496      0.00000
 40.12000      0.28589      0.00000
 40.13000      0.24719      0.00000
 40.14000      0.21615      0.00000
 40.15000      0.19085      0.00000
 40.16000      0.16996      0.00000
 40.17000      0.15251      0.00000
 40.18000      0.13777      0.00000
 40.19000      0.12520      0.00000
 40.20000      0.11439      0.00000
 40.21000      0.10502      0.00000
 40.22000      0.09684      0.00000
 40.23000      0.08966      0.00000
 40.24000      0.08331      0.00000
 40.25000      0.07767      0.00000
 40.26000      0.07263      0.00000
 40.27000      0.06811      0.00000
 40.28000      0.06404      0.00000
 40.29000      0.06036      0.00000
 40.30000      0.05702      0.00000
 40.31000      0.05397      0.00000
 40.32000      0.05119      0.00000
 40.33000      0.04864      0.00000
 40.34000      0.04634      0.00000
 40.35000      0.04418      0.00000
 40.36000      0.04219      0.00000
 40.37000      0.04034      0.00000
 40.38000      0.03863      0.00000
 40.39000      0.03703      0.00000
 40.40000      0.03555      0.00000
 40.41000      0.03416      0.00000
 40.42000      0.03286      0.00000
 40.43000      0.03165      0.00000
 40.44000      0.03051      0.00000
 40.45000      0.02944      0.00000
 40.46000      0.02843      0.00000
 40.47000      0.02748      0.00000
 40.48000      0.02658      0.00000
 40.49000      0.02574      0.00000
 40.50000      0.02494      0.00000
 40.51000      0.02418      0.00000
 40.52000      0.02346      0.00000
 40.53000      0.02278      0.00000
 40.54000      0.02213      0.00000
 40.55000      0.02152      0.00000
 40.56000      0.02093      0.00000
 40.57000      0.02038      0.00000
 40.58000      0.01985      0.00000
 40.59000      0.01934      0.00000
 40.60000      0.01886      0.00000
 40.61000      0.01839      0.00000
 40.62000      0.01795      0.00000
 40.63000      0.01753      0.00000
 40.64000      0.01713      0.00000
 40.65000      0.01675      0.00000
 40.66000      0.01638      0.00000
 40.67000      0.01603      0.00000
 40.68000      0.01569      0.00000
 40.69000      0.01537      0.00000
 40.70000      0.01506      0.00000
 40.71000      0.01477      0.00000
 40.72000      0.01449      0.00000
 40.73000      0.01423      0.00000
 40.74000      0.01398      0.00000
 40.75000      0.01375      0.00000
 40.76000      0.01353      0.00000
 40.77000      0.01333      0.00000
 40.78000      0.01316      0.00000
 40.79000      0.01301      0.00000
 40.80000      0.01291      0.00000
 40.81000      0.01286      0.00000
 40.82000      0.01292      0.00000
 40.83000      0.01318      0.00000
 40.84000      0.01378      0.00000
 40.85000      0.01489      0.00000
 40.86000      0.01656      0.00000
 40.87000      0.01840      0.00000
 40.88000      0.01913      0.00000
 40.89000      0.01784      0.00000
 40.90000      0.01564      0.00000
 40.91000      0.01369      0.00000
 40.92000      0.01232      0.00000
 40.93000      0.01143      0.00000
 40.94000      0.01087      0.00000
 40.95000      0.01048      0.00000
 40.96000      0.01019      0.00000
 40.97000      0.00995      0.00000
 40.98000      0.00975      0.00000
 40.99000      0.00957      0.00000
 41.00000      0.00941      0.00000
 41.01000      0.00926      0.00000
 41.02000      0.00912      0.00000
 41.03000      0.00898      0.00000
 41.04000      0.00886      0.00000
 41.05000      0.00874      0.00000
 41.06000      0.00863      0.00000
 41.07000      0.00852      0.00000
 41.08000      0.00842      0.00000
 41.09000      0.00832      0.00000
 41.10000      0.00823      0.00000
 41.11000      0.00814      0.00000
 41.12000      0.00805      0.00000
 41.13000      0.00796      0.00000
 41.14000      0.00788      0.00000
 41.15000      0.00780      0.00000
 41.16000      0.00772      0.00000
 41.17000      0.00765      0.00000
 41.18000      0.00758      0.00000
 41.19000      0.00751      0.00000
 41.20000      0.00744      0.00000
 41.21000      0.00737      0.00000
 41.22000      0.00731      0.00000
 41.23000      0.00725      0.00000
 41.24000      0.00719      0.00000
 41.25000      0.00713      0.00000
 41.26000      0.00707      0.00000
 41.27000      0.00702      0.00000
 41.28000      0.00696      0.00000
 41.29000      0.00691      0.00000
 41.30000      0.00686      0.00000
 41.31000      0.00682      0.00000
 41.32000      0.00677      0.00000
 41.33000      0.00672      0.00000
 41.34000      0.00668      0.00000
 41.35000      0.00664      0.00000
 41.36000      0.00660      0.00000
 41.37000      0.00656      0.00000
 41.38000      0.00652      0.00000
 41.39000      0.00649      0.00000
 41.40000      0.00645      0.00000
 41.41000      0.00642      0.00000
 41.42000      0.00639      0.00000
 41.43000      0.00635      0.00000
 41.44000      0.00632      0.00000
 41.45000      0.00630      0.00000
 41.46000      0.00627      0.00000
 41.47000      0.00624      0.00000
 41.48000      0.00622      0.00000
 41.49000      0.00620      0.00000
 41.50000      0.00617      0.00000
 41.51000      0.00615      0.00000
 41.52000      0.00613      0.00000
 41.53000      0.00611      0.00000
 41.54000      0.00610      0.00000
 41.55000      0.00608      0.00000
 41.56000      0.00596      0.00000
 41.57000      0.00603      0.00000
 41.58000      0.00601      0.00000
 41.59000      0.00600      0.00000
 41.60000      0.00599      0.00000
 41.61000      0.00599      0.00000
 41.62000      0.00598      0.00000
 41.63000      0.00597      0.00000
 41.64000      0.00597      0.00000
 41.65000      0.00596      0.00000
 41.66000      0.00596      0.00000
 41.67000      0.00596      0.00000
 41.68000      0.00596      0.00000
 41.69000      0.00596      0.00000
 41.70000      0.00597      0.00000
 41.71000      0.00597      0.00000
 41.72000      0.00598      0.00000
 41.73000      0.00598      0.00000
 41.74000      0.00599      0.00000
 41.75000      0.00600      0.00000
 41.76000      0.00601      0.00000
 41.77000      0.00603      0.00000
 41.78000      0.00604      0.00000
 41.79000      0.00606      0.00000
 41.80000      0.00607      0.00000
 41.81000      0.00609      0.00000
 41.82000      0.00611      0.00000
 41.83000      0.00614      0.00000
 41.84000      0.00616      0.00000
 41.85000      0.00619      0.00000
 41.86000      0.00622      0.00000
 41.87000      0.00625      0.00000
 41.88000      0.00628      0.00000
 41.89000      0.00631      0.00000
 41.90000      0.00635      0.00000
 41.91000      0.00639      0.00000
 41.92000      0.00643      0.00000
 41.93000      0.00647      0.00000
 41.94000      0.00651      0.00000
 41.95000      0.00656      0.00000
 41.96000      0.00661      0.00000
 41.97000      0.00666      0.00000
 41.98000      0.00672      0.00000
 41.99000      0.00678      0.00000
 42.00000      0.00684      0.00000
 42.01000      0.00691      0.00000
 42.02000      0.00698      0.00000
 42.03000      0.00705      0.00000
 42.04000      0.00712      0.00000
 42.05000      0.00720      0.00000
 42.06000      0.00729      0.00000
 42.07000      0.00738      0.00000
 42.08000      0.00747      0.00000
 42.09000      0.00757      0.00000
 42.10000      0.00767      0.00000
 42.11000      0.00778      0.00000
 42.12000      0.00789      0.00000
 42.13000      0.00801      0.00000
 42.14000      0.00813      0.00000
 42.15000      0.00817      0.00000
 42.16000      0.00831      0.00000
 42.17000      0.00846      0.00000
 42.18000      0.00861      0.00000
 42.19000      0.00878      0.00000
 42.20000      0.00895      0.00000
 42.21000      0.00913      0.00000
 42.22000      0.00933      0.00000
 42.23000      0.00953      0.00000
 42.24000      0.00975      0.00000
 42.25000      0.00998      0.00000
 42.26000      0.01022      0.00000
 42.27000      0.01048      0.00000
 42.28000      0.01075      0.00000
 42.29000      0.01105      0.00000
 42.30000      0.01136      0.00000
 42.31000      0.01169      0.00000
 42.32000      0.01205      0.00000
 42.33000      0.01243      0.00000
 42.34000      0.01283      0.00000
 42.35000      0.01327      0.00000
 42.36000      0.01374      0.00000
 42.37000      0.01424      0.00000
 42.38000      0.01479      0.00000
 42.39000      0.01538      0.00000
 42.40000      0.01602      0.00000
 42.41000      0.01671      0.00000
 42.42000      0.01746      0.00000
 42.43000      0.01828      0.00000
 42.44000      0.01918      0.00000
 42.45000      0.02016      0.00000
 42.46000      0.02124      0.00000
 42.47000      0.02243      0.00000
 42.48000      0.02375      0.00000
 42.49000      0.02522      0.00000
 42.50000      0.02686      0.00000
 42.51000      0.02869      0.00000
 42.52000      0.03075      0.00000
 42.53000      0.03308      0.00000
 42.54000      0.03573      0.00000
 42.55000      0.03877      0.00000
 42.56000      0.04226      0.00000
 42.57000      0.04630      0.00000
 42.58000      0.05102      0.00000
 42.59000      0.05658      0.00000
 42.60000      0.06319      0.00000
 42.61000      0.07114      0.00000
 42.62000      0.08079      0.00000
 42.63000      0.09268      0.00000
 42.64000      0.10755      0.00000
 42.65000      0.12647      0.00000
 42.66000      0.15107      0.00000
 42.67000      0.18404      0.00000
 42.68000      0.23044      0.00000
 42.69000      0.30054      0.00000
 42.70000      0.41488      0.00000
 42.71000      0.60921      0.00000
 42.72000      0.93225      0.00000
 42.73000      1.42535      0.00000
 42.74000      2.06611      0.00000
 42.75000      2.63897      0.00000
 42.76000      2.73134      0.00000
 42.77000      2.26982      0.00000
 42.78000      1.62398      0.00000
 42.79000      1.07741      0.00000
 42.80000      0.70182      0.00000
 42.81000      0.47014      0.00000
 42.82000      0.33347      0.00000
 42.83000      0.25129      0.00000
 42.84000      0.19849      0.00000
 42.85000      0.16194      0.00000
 42.86000      0.13508      0.00000
 42.87000      0.11484      0.00000
 42.88000      0.09906      0.00000
 42.89000      0.08658      0.00000
 42.90000      0.07655      0.00000
 42.91000      0.06840      0.00000
 42.92000      0.06171      0.00000
 42.93000      0.05615      0.00000
 42.94000      0.05150      0.00000
 42.95000      0.04759      0.00000
 42.96000      0.04428      0.00000
 42.97000      0.04146      0.00000
 42.98000      0.03907      0.00000
 42.99000      0.03702      0.00000
 43.00000      0.03528      0.00000
 43.01000      0.03379      0.00000
 43.02000      0.03253      0.00000
 43.03000      0.03147      0.00000
 43.04000      0.03059      0.00000
 43.05000      0.02986      0.00000
 43.06000      0.02927      0.00000
 43.07000      0.02882      0.00000
 43.08000      0.02849      0.00000
 43.09000      0.02828      0.00000
 43.10000      0.02818      0.00000
 43.11000      0.02818      0.00000
 43.12000      0.02829      0.00000
 43.13000      0.02850      0.00000
 43.14000      0.02882      0.00000
 43.15000      0.02925      0.00000
 43.16000      0.02978      0.00000
 43.17000      0.03044      0.00000
 43.18000      0.03121      0.00000
 43.19000      0.03211      0.00000
 43.20000      0.03316      0.00000
 43.21000      0.03436      0.00000
 43.22000      0.03572      0.00000
 43.23000      0.03728      0.00000
 43.24000      0.03904      0.00000
 43.25000      0.04104      0.00000
 43.26000      0.04330      0.00000
 43.27000      0.04587      0.00000
 43.28000      0.04879      0.00000
 43.29000      0.05212      0.00000
 43.30000      0.05592      0.00000
 43.31000      0.06029      0.00000
 43.32000      0.06531      0.00000
 43.33000      0.07114      0.00000
 43.34000      0.07793      0.00000
 43.35000      0.08589      0.00000
 43.36000      0.09530      0.00000
 43.37000      0.10652      0.00000
 43.38000      0.12003      0.00000
 43.39000      0.13648      0.00000
 43.40000      0.15675      0.00000
 43.41000      0.18209      0.00000
 43.42000      0.21431      0.00000
 43.43000      0.25613      0.00000
 43.44000      0.31203      0.00000
 43.45000      0.39025      0.00000
 43.46000      0.50748      0.00000
 43.47000      0.69699      0.00000
 43.48000      1.01727      0.00000
 43.49000      1.54953      0.00000
 43.50000      2.36785      0.00000
 43.51000      3.45536      0.00000
 43.52000      4.49980      0.00000
 43.53000      4.77555      0.00000
 43.54000      4.01061      0.00000
 43.55000      2.87386      0.00000
 43.56000      1.90885      0.00000
 43.57000      1.24253      0.00000
 43.58000      0.82915      0.00000
 43.59000      0.58462      0.00000
 43.60000      0.43761      0.00000
 43.61000      0.34323      0.00000
 43.62000      0.27784      0.00000
 43.63000      0.22988      0.00000
 43.64000      0.19339      0.00000
 43.65000      0.16494      0.00000
 43.66000      0.14235      0.00000
 43.67000      0.12412      0.00000
 43.68000      0.10921      0.00000
 43.69000      0.09687      0.00000
 43.70000      0.08655      0.00000
 43.71000      0.07782      0.00000
 43.72000      0.07038      0.00000
 43.73000      0.06399      0.00000
 43.74000      0.05846      0.00000
 43.75000      0.05364      0.00000
 43.76000      0.04942      0.00000
 43.77000      0.04571      0.00000
 43.78000      0.04241      0.00000
 43.79000      0.03948      0.00000
 43.80000      0.03686      0.00000
 43.81000      0.03452      0.00000
 43.82000      0.03240      0.00000
 43.83000      0.03049      0.00000
 43.84000      0.02876      0.00000
 43.85000      0.02718      0.00000
 43.86000      0.02575      0.00000
 43.87000      0.02443      0.00000
 43.88000      0.02323      0.00000
 43.89000      0.02212      0.00000
 43.90000      0.02110      0.00000
 43.91000      0.02016      0.00000
 43.92000      0.01929      0.00000
 43.93000      0.01849      0.00000
 43.94000      0.01774      0.00000
 43.95000      0.01705      0.00000
 43.96000      0.01640      0.00000
 43.97000      0.01580      0.00000
 43.98000      0.01523      0.00000
 43.99000      0.01471      0.00000
 44.00000      0.01421      0.00000
 44.01000      0.01375      0.00000
 44.02000      0.01332      0.00000
 44.03000      0.01291      0.00000
 44.04000      0.01253      0.00000
 44.05000      0.01217      0.00000
 44.06000      0.01183      0.00000
 44.07000      0.01151      0.00000
 44.08000      0.01121      0.00000
 44.09000      0.01092      0.00000
 44.10000      0.01065      0.00000
 44.11000      0.01040      0.00000
 44.12000      0.01016      0.00000
 44.13000      0.00994      0.00000
 44.14000      0.00972      0.00000
 44.15000      0.00952      0.00000
 44.16000      0.00933      0.00000
 44.17000      0.00915      0.00000
 44.18000      0.00898      0.00000
 44.19000      0.00881      0.00000
 44.20000      0.00866      0.00000
 44.21000      0.00852      0.00000
 44.22000      0.00838      0.00000
 44.23000      0.00825      0.00000
 44.24000      0.00813      0.00000
 44.25000      0.00802      0.00000
 44.26000      0.00791      0.00000
 44.27000      0.00781      0.00000
 44.28000      0.00772      0.00000
 44.29000      0.00763      0.00000
 44.30000      0.00755      0.00000
 44.31000      0.00747      0.00000
 44.32000      0.00740      0.00000
 44.33000      0.00723      0.00000
 44.34000      0.00718      0.00000
 44.35000      0.00712      0.00000
 44.36000      0.00707      0.00000
 44.37000      0.00703      0.00000
 44.38000      0.00699      0.00000
 44.39000      0.00696      0.00000
 44.40000      0.00694      0.00000
 44.41000      0.00691      0.00000
 44.42000      0.00690      0.00000
 44.43000      0.00689      0.00000
 44.44000      0.00688      0.00000
 44.45000      0.00688      0.00000
 44.46000      0.00689      0.00000
 44.47000      0.00690      0.00000
 44.48000      0.00692      0.00000
 44.49000      0.00694      0.00000
 44.50000      0.00697      0.00000
 44.51000      0.00701      0.00000
 44.52000      0.00705      0.00000
 44.53000      0.00710      0.00000
 44.54000      0.00716      0.00000
 44.55000      0.00723      0.00000
 44.56000      0.00731      0.00000
 44.57000      0.00739      0.00000
 44.58000      0.00749      0.00000
 44.59000      0.00759      0.00000
 44.60000      0.00771      0.00000
 44.61000      0.00784      0.00000
 44.62000      0.00798      0.00000
 44.63000      0.00814      0.00000
 44.64000      0.00838      0.00000
 44.65000      0.00857      0.00000
 44.66000      0.00877      0.00000
 44.67000      0.00900      0.00000
 44.68000      0.00925      0.00000
 44.69000      0.00952      0.00000
 44.70000      0.00982      0.00000
 44.71000      0.01014      0.00000
 44.72000      0.01050      0.00000
 44.73000      0.01090      0.00000
 44.74000      0.01134      0.00000
 44.75000      0.01182      0.00000
 44.76000      0.01235      0.00000
 44.77000      0.01295      0.00000
 44.78000      0.01361      0.00000
 44.79000      0.01435      0.00000
 44.80000      0.01518      0.00000
 44.81000      0.01612      0.00000
 44.82000      0.01717      0.00000
 44.83000      0.01844      0.00000
 44.84000      0.01981      0.00000
 44.85000      0.02137      0.00000
 44.86000      0.02317      0.00000
 44.87000      0.02526      0.00000
 44.88000      0.02771      0.00000
 44.89000      0.03059      0.00000
 44.90000      0.03401      0.00000
 44.91000      0.03811      0.00000
 44.92000      0.04304      0.00000
 44.93000      0.04916      0.00000
 44.94000      0.05677      0.00000
 44.95000      0.06641      0.00000
 44.96000      0.07888      0.00000
 44.97000      0.09545      0.00000
 44.98000      0.11852      0.00000
 44.99000      0.15279      0.00000
 45.00000      0.20743      0.00000
 45.01000      0.29830      0.00000
 45.02000      0.44730      0.00000
 45.03000      0.67509      0.00000
 45.04000      0.98074      0.00000
 45.05000      1.29145      0.00000
 45.06000      1.41667      0.00000
 45.07000      1.24011      0.00000
 45.08000      0.91857      0.00000
 45.09000      0.62486      0.00000
 45.10000      0.41275      0.00000
 45.11000      0.27644      0.00000
 45.12000      0.19394      0.00000
 45.13000      0.14415      0.00000
 45.14000      0.11255      0.00000
 45.15000      0.09100      0.00000
 45.16000      0.07536      0.00000
 45.17000      0.06353      0.00000
 45.18000      0.05433      0.00000
 45.19000      0.04704      0.00000
 45.20000      0.04118      0.00000
 45.21000      0.03639      0.00000
 45.22000      0.03243      0.00000
 45.23000      0.02912      0.00000
 45.24000      0.02632      0.00000
 45.25000      0.02394      0.00000
 45.26000      0.02190      0.00000
 45.27000      0.02014      0.00000
 45.28000      0.01861      0.00000
 45.29000      0.01726      0.00000
 45.30000      0.01608      0.00000
 45.31000      0.01503      0.00000
 45.32000      0.01410      0.00000
 45.33000      0.01327      0.00000
 45.34000      0.01253      0.00000
 45.35000      0.01186      0.00000
 45.36000      0.01125      0.00000
 45.37000      0.01070      0.00000
 45.38000      0.01020      0.00000
 45.39000      0.00975      0.00000
 45.40000      0.00933      0.00000
 45.41000      0.00895      0.00000
 45.42000      0.00860      0.00000
 45.43000      0.00828      0.00000
 45.44000      0.00799      0.00000
 45.45000      0.00771      0.00000
 45.46000      0.00746      0.00000
 45.47000      0.00722      0.00000
 45.48000      0.00701      0.00000
 45.49000      0.00680      0.00000
 45.50000      0.00661      0.00000
 45.51000      0.00643      0.00000
 45.52000      0.00627      0.00000
 45.53000      0.00611      0.00000
 45.54000      0.00597      0.00000
 45.55000      0.00583      0.00000
 45.56000      0.00571      0.00000
 45.57000      0.00558      0.00000
 45.58000      0.00547      0.00000
 45.59000      0.00537      0.00000
 45.60000      0.00526      0.00000
 45.61000      0.00517      0.00000
 45.62000      0.00508      0.00000
 45.63000      0.00500      0.00000
 45.64000      0.00492      0.00000
 45.65000      0.00484      0.00000
 45.66000      0.00468      0.00000
 45.67000      0.00462      0.00000
 45.68000      0.00455      0.00000
 45.69000      0.00449      0.00000
 45.70000      0.00443      0.00000
 45.71000      0.00438      0.00000
 45.72000      0.00433      0.00000
 45.73000      0.00428      0.00000
 45.74000      0.00424      0.00000
 45.75000      0.00420      0.00000
 45.76000      0.00416      0.00000
 45.77000      0.00412      0.00000
 45.78000      0.00408      0.00000
 45.79000      0.00405      0.00000
 45.80000      0.00401      0.00000
 45.81000      0.00398      0.00000
 45.82000      0.00395      0.00000
 45.83000      0.00392      0.00000
 45.84000      0.00390      0.00000
 45.85000      0.00387      0.00000
 45.86000      0.00385      0.00000
 45.87000      0.00382      0.00000
 45.88000      0.00380      0.00000
 45.89000      0.00378      0.00000
 45.90000      0.00376      0.00000
 45.91000      0.00374      0.00000
 45.92000      0.00373      0.00000
 45.93000      0.00371      0.00000
 45.94000      0.00370      0.00000
 45.95000      0.00368      0.00000
 45.96000      0.00367      0.00000
 45.97000      0.00366      0.00000
 45.98000      0.00365      0.00000
 45.99000      0.00364      0.00000
 46.00000      0.00363      0.00000
 46.01000      0.00362      0.00000
 46.02000      0.00361      0.00000
 46.03000      0.00360      0.00000
 46.04000      0.00360      0.00000
 46.05000      0.00359      0.00000
 46.06000      0.00359      0.00000
 46.07000      0.00358      0.00000
 46.08000      0.00358      0.00000
 46.09000      0.00358      0.00000
 46.10000      0.00358      0.00000
 46.11000      0.00358      0.00000
 46.12000      0.00357      0.00000
 46.13000      0.00357      0.00000
 46.14000      0.00358      0.00000
 46.15000      0.00358      0.00000
 46.16000      0.00358      0.00000
 46.17000      0.00358      0.00000
 46.18000      0.00358      0.00000
 46.19000      0.00359      0.00000
 46.20000      0.00359      0.00000
 46.21000      0.00360      0.00000
 46.22000      0.00360      0.00000
 46.23000      0.00361      0.00000
 46.24000      0.00361      0.00000
 46.25000      0.00362      0.00000
 46.26000      0.00354      0.00000
 46.27000      0.00355      0.00000
 46.28000      0.00356      0.00000
 46.29000      0.00357      0.00000
 46.30000      0.00358      0.00000
 46.31000      0.00359      0.00000
 46.32000      0.00360      0.00000
 46.33000      0.00361      0.00000
 46.34000      0.00363      0.00000
 46.35000      0.00364      0.00000
 46.36000      0.00365      0.00000
 46.37000      0.00367      0.00000
 46.38000      0.00368      0.00000
 46.39000      0.00369      0.00000
 46.40000      0.00371      0.00000
 46.41000      0.00373      0.00000
 46.42000      0.00374      0.00000
 46.43000      0.00376      0.00000
 46.44000      0.00378      0.00000
 46.45000      0.00379      0.00000
 46.46000      0.00381      0.00000
 46.47000      0.00383      0.00000
 46.48000      0.00385      0.00000
 46.49000      0.00387      0.00000
 46.50000      0.00389      0.00000
 46.51000      0.00383      0.00000
 46.52000      0.00385      0.00000
 46.53000      0.00387      0.00000
 46.54000      0.00390      0.00000
 46.55000      0.00392      0.00000
 46.56000      0.00395      0.00000
 46.57000      0.00397      0.00000
 46.58000      0.00400      0.00000
 46.59000      0.00402      0.00000
 46.60000      0.00405      0.00000
 46.61000      0.00408      0.00000
 46.62000      0.00411      0.00000
 46.63000      0.00414      0.00000
 46.64000      0.00417      0.00000
 46.65000      0.00420      0.00000
 46.66000      0.00423      0.00000
 46.67000      0.00427      0.00000
 46.68000      0.00430      0.00000
 46.69000      0.00434      0.00000
 46.70000      0.00437      0.00000
 46.71000      0.00441      0.00000
 46.72000      0.00445      0.00000
 46.73000      0.00449      0.00000
 46.74000      0.00453      0.00000
 46.75000      0.00447      0.00000
 46.76000      0.00452      0.00000
 46.77000      0.00456      0.00000
 46.78000      0.00460      0.00000
 46.79000      0.00465      0.00000
 46.80000      0.00469      0.00000
 46.81000      0.00474      0.00000
 46.82000      0.00479      0.00000
 46.83000      0.00484      0.00000
 46.84000      0.00489      0.00000
 46.85000      0.00495      0.00000
 46.86000      0.00500      0.00000
 46.87000      0.00506      0.00000
 46.88000      0.00511      0.00000
 46.89000      0.00517      0.00000
 46.90000      0.00523      0.00000
 46.91000      0.00530      0.00000
 46.92000      0.00536      0.00000
 46.93000      0.00543      0.00000
 46.94000      0.00550      0.00000
 46.95000      0.00557      0.00000
 46.96000      0.00564      0.00000
 46.97000      0.00571      0.00000
 46.98000      0.00579      0.00000
 46.99000      0.00587      0.00000
 47.00000      0.00595      0.00000
 47.01000      0.00604      0.00000
 47.02000      0.00613      0.00000
 47.03000      0.00622      0.00000
 47.04000      0.00631      0.00000
 47.05000      0.00641      0.00000
 47.06000      0.00651      0.00000
 47.07000      0.00661      0.00000
 47.08000      0.00672      0.00000
 47.09000      0.00684      0.00000
 47.10000      0.00695      0.00000
 47.11000      0.00707      0.00000
 47.12000      0.00720      0.00000
 47.13000      0.00733      0.00000
 47.14000      0.00747      0.00000
 47.15000      0.00761      0.00000
 47.16000      0.00776      0.00000
 47.17000      0.00792      0.00000
 47.18000      0.00809      0.00000
 47.19000      0.00826      0.00000
 47.20000      0.00844      0.00000
 47.21000      0.00863      0.00000
 47.22000      0.00883      0.00000
 47.23000      0.00904      0.00000
 47.24000      0.00926      0.00000
 47.25000      0.00949      0.00000
 47.26000      0.00974      0.00000
 47.27000      0.01001      0.00000
 47.28000      0.01029      0.00000
 47.29000      0.01058      0.00000
 47.30000      0.01090      0.00000
 47.31000      0.01124      0.00000
 47.32000      0.01160      0.00000
 47.33000      0.01199      0.00000
 47.34000      0.01242      0.00000
 47.35000      0.01287      0.00000
 47.36000      0.01337      0.00000
 47.37000      0.01390      0.00000
 47.38000      0.01449      0.00000
 47.39000      0.01512      0.00000
 47.40000      0.01583      0.00000
 47.41000      0.01660      0.00000
 47.42000      0.01746      0.00000
 47.43000      0.01842      0.00000
 47.44000      0.01949      0.00000
 47.45000      0.02069      0.00000
 47.46000      0.02206      0.00000
 47.47000      0.02362      0.00000
 47.48000      0.02541      0.00000
 47.49000      0.02749      0.00000
 47.50000      0.02991      0.00000
 47.51000      0.03277      0.00000
 47.52000      0.03618      0.00000
 47.53000      0.04030      0.00000
 47.54000      0.04535      0.00000
 47.55000      0.05161      0.00000
 47.56000      0.05954      0.00000
 47.57000      0.06984      0.00000
 47.58000      0.08371      0.00000
 47.59000      0.10348      0.00000
 47.60000      0.13353      0.00000
 47.61000      0.18167      0.00000
 47.62000      0.25948      0.00000
 47.63000      0.38023      0.00000
 47.64000      0.55179      0.00000
 47.65000      0.75910      0.00000
 47.66000      0.92852      0.00000
 47.67000      0.93969      0.00000
 47.68000      0.78269      0.00000
 47.69000      0.57494      0.00000
 47.70000      0.39850      0.00000
 47.71000      0.27296      0.00000
 47.72000      0.19176      0.00000
 47.73000      0.14174      0.00000
 47.74000      0.11094      0.00000
 47.75000      0.09115      0.00000
 47.76000      0.07763      0.00000
 47.77000      0.06792      0.00000
 47.78000      0.06072      0.00000
 47.79000      0.05531      0.00000
 47.80000      0.05123      0.00000
 47.81000      0.04818      0.00000
 47.82000      0.04594      0.00000
 47.83000      0.04439      0.00000
 47.84000      0.04341      0.00000
 47.85000      0.04294      0.00000
 47.86000      0.04295      0.00000
 47.87000      0.04343      0.00000
 47.88000      0.04438      0.00000
 47.89000      0.04584      0.00000
 47.90000      0.04787      0.00000
 47.91000      0.05056      0.00000
 47.92000      0.05405      0.00000
 47.93000      0.05856      0.00000
 47.94000      0.06434      0.00000
 47.95000      0.07178      0.00000
 47.96000      0.08138      0.00000
 47.97000      0.09390      0.00000
 47.98000      0.11083      0.00000
 47.99000      0.13550      0.00000
 48.00000      0.17412      0.00000
 48.01000      0.23679      0.00000
 48.02000      0.33713      0.00000
 48.03000      0.48878      0.00000
 48.04000      0.69456      0.00000
 48.05000      0.92108      0.00000
 48.06000      1.06190      0.00000
 48.07000      1.00446      0.00000
 48.08000      0.79930      0.00000
 48.09000      0.57643      0.00000
 48.10000      0.39965      0.00000
 48.11000      0.27780      0.00000
 48.12000      0.20019      0.00000
 48.13000      0.15242      0.00000
 48.14000      0.12259      0.00000
 48.15000      0.10299      0.00000
 48.16000      0.08931      0.00000
 48.17000      0.07931      0.00000
 48.18000      0.07178      0.00000
 48.19000      0.06603      0.00000
 48.20000      0.06159      0.00000
 48.21000      0.05816      0.00000
 48.22000      0.05552      0.00000
 48.23000      0.05352      0.00000
 48.24000      0.05204      0.00000
 48.25000      0.05098      0.00000
 48.26000      0.05030      0.00000
 48.27000      0.04995      0.00000
 48.28000      0.04988      0.00000
 48.29000      0.05009      0.00000
 48.30000      0.05055      0.00000
 48.31000      0.05128      0.00000
 48.32000      0.05226      0.00000
 48.33000      0.05353      0.00000
 48.34000      0.05512      0.00000
 48.35000      0.05708      0.00000
 48.36000      0.05951      0.00000
 48.37000      0.06259      0.00000
 48.38000      0.06665      0.00000
 48.39000      0.07231      0.00000
 48.40000      0.08062      0.00000
 48.41000      0.09297      0.00000
 48.42000      0.11075      0.00000
 48.43000      0.13429      0.00000
 48.44000      0.16030      0.00000
 48.45000      0.17807      0.00000
 48.46000      0.17589      0.00000
 48.47000      0.15835      0.00000
 48.48000      0.13885      0.00000
 48.49000      0.12424      0.00000
 48.50000      0.11570      0.00000
 48.51000      0.11220      0.00000
 48.52000      0.11234      0.00000
 48.53000      0.11492      0.00000
 48.54000      0.11921      0.00000
 48.55000      0.12481      0.00000
 48.56000      0.13158      0.00000
 48.57000      0.13950      0.00000
 48.58000      0.14863      0.00000
 48.59000      0.15909      0.00000
 48.60000      0.17104      0.00000
 48.61000      0.18469      0.00000
 48.62000      0.20032      0.00000
 48.63000      0.21827      0.00000
 48.64000      0.23899      0.00000
 48.65000      0.26304      0.00000
 48.66000      0.29114      0.00000
 48.67000      0.32421      0.00000
 48.68000      0.36347      0.00000
 48.69000      0.41054      0.00000
 48.70000      0.46759      0.00000
 48.71000      0.53761      0.00000
 48.72000      0.62481      0.00000
 48.73000      0.73545      0.00000
 48.74000      0.87947      0.00000
 48.75000      1.07433      0.00000
 48.76000      1.35289      0.00000
 48.77000      1.77623      0.00000
 48.78000      2.44750      0.00000
 48.79000      3.51244      0.00000
 48.80000      5.12717      0.00000
 48.81000      7.36527      0.00000
 48.82000      9.98808      0.00000
 48.83000     12.02692      0.00000
 48.84000     12.09023      0.00000
 48.85000     10.25815      0.00000
 48.86000      7.99941      0.00000
 48.87000      6.28959      0.00000
 48.88000      5.35197      0.00000
 48.89000      5.00070      0.00000
 48.90000      4.76235      0.00000
 48.91000      4.17788      0.00000
 48.92000      3.30577      0.00000
 48.93000      2.46259      0.00000
 48.94000      1.80121      0.00000
 48.95000      1.33188      0.00000
 48.96000      1.01520      0.00000
 48.97000      0.80375      0.00000
 48.98000      0.65869      0.00000
 48.99000      0.55412      0.00000
 49.00000      0.47486      0.00000
 49.01000      0.41248      0.00000
 49.02000      0.36212      0.00000
 49.03000      0.32072      0.00000
 49.04000      0.28622      0.00000
 49.05000      0.25715      0.00000
 49.06000      0.23240      0.00000
 49.07000      0.21115      0.00000
 49.08000      0.19277      0.00000
 49.09000      0.17674      0.00000
 49.10000      0.16269      0.00000
 49.11000      0.15029      0.00000
 49.12000      0.13930      0.00000
 49.13000      0.12951      0.00000
 49.14000      0.12075      0.00000
 49.15000      0.11288      0.00000
 49.16000      0.10578      0.00000
 49.17000      0.09936      0.00000
 49.18000      0.09353      0.00000
 49.19000      0.08822      0.00000
 49.20000      0.08337      0.00000
 49.21000      0.07894      0.00000
 49.22000      0.07486      0.00000
 49.23000      0.07112      0.00000
 49.24000      0.06773      0.00000
 49.25000      0.06454      0.00000
 49.26000      0.06159      0.00000
 49.27000      0.05885      0.00000
 49.28000      0.05631      0.00000
 49.29000      0.05395      0.00000
 49.30000      0.05175      0.00000
 49.31000      0.04970      0.00000
 49.32000      0.04778      0.00000
 49.33000      0.04599      0.00000
 49.34000      0.04432      0.00000
 49.35000      0.04275      0.00000
 49.36000      0.04127      0.00000
 49.37000      0.03995      0.00000
 49.38000      0.03865      0.00000
 49.39000      0.03743      0.00000
 49.40000      0.03628      0.00000
 49.41000      0.03520      0.00000
 49.42000      0.03418      0.00000
 49.43000      0.03322      0.00000
 49.44000      0.03232      0.00000
 49.45000      0.03146      0.00000
 49.46000      0.03066      0.00000
 49.47000      0.02990      0.00000
 49.48000      0.02919      0.00000
 49.49000      0.02851      0.00000
 49.50000      0.02788      0.00000
 49.51000      0.02728      0.00000
 49.52000      0.02672      0.00000
 49.53000      0.02619      0.00000
 49.54000      0.02569      0.00000
 49.55000      0.02522      0.00000
 49.56000      0.02478      0.00000
 49.57000      0.02437      0.00000
 49.58000      0.02399      0.00000
 49.59000      0.02364      0.00000
 49.60000      0.02331      0.00000
 49.61000      0.02300      0.00000
 49.62000      0.02272      0.00000
 49.63000      0.02246      0.00000
 49.64000      0.02223      0.00000
 49.65000      0.02201      0.00000
 49.66000      0.02183      0.00000
 49.67000      0.02166      0.00000
 49.68000      0.02151      0.00000
 49.69000      0.02139      0.00000
 49.70000      0.02129      0.00000
 49.71000      0.02121      0.00000
 49.72000      0.02116      0.00000
 49.73000      0.02113      0.00000
 49.74000      0.02112      0.00000
 49.75000      0.02113      0.00000
 49.76000      0.02117      0.00000
 49.77000      0.02123      0.00000
 49.78000      0.02132      0.00000
 49.79000      0.02144      0.00000
 49.80000      0.02159      0.00000
 49.81000      0.02176      0.00000
 49.82000      0.02197      0.00000
 49.83000      0.02221      0.00000
 49.84000      0.02248      0.00000
 49.85000      0.02279      0.00000
 49.86000      0.02314      0.00000
 49.87000      0.02353      0.00000
 49.88000      0.02396      0.00000
 49.89000      0.02445      0.00000
 49.90000      0.02498      0.00000
 49.91000      0.02557      0.00000
 49.92000      0.02623      0.00000
 49.93000      0.02695      0.00000
 49.94000      0.02775      0.00000
 49.95000      0.02863      0.00000
 49.96000      0.02961      0.00000
 49.97000      0.03068      0.00000
 49.98000      0.03187      0.00000
 49.99000      0.03319      0.00000
 50.00000      0.03465      0.00000
 50.01000      0.03627      0.00000
 50.02000      0.03809      0.00000
 50.03000      0.04012      0.00000
 50.04000      0.04241      0.00000
 50.05000      0.04500      0.00000
 50.06000      0.04795      0.00000
 50.07000      0.05135      0.00000
 50.08000      0.05534      0.00000
 50.09000      0.06012      0.00000
 50.10000      0.06604      0.00000
 50.11000      0.07359      0.00000
 50.12000      0.08334      0.00000
 50.13000      0.09574      0.00000
 50.14000      0.11066      0.00000
 50.15000      0.12627      0.00000
 50.16000      0.13870      0.00000
 50.17000      0.14628      0.00000
 50.18000      0.15280      0.00000
 50.19000      0.16266      0.00000
 50.20000      0.17816      0.00000
 50.21000      0.20060      0.00000
 50.22000      0.23142      0.00000
 50.23000      0.27308      0.00000
 50.24000      0.33023      0.00000
 50.25000      0.41191      0.00000
 50.26000      0.53513      0.00000
 50.27000      0.72895      0.00000
 50.28000      1.03579      0.00000
 50.29000      1.50425      0.00000
 50.30000      2.16709      0.00000
 50.31000      2.98731      0.00000
 50.32000      3.74212      0.00000
 50.33000      3.98646      0.00000
 50.34000      3.51819      0.00000
 50.35000      2.69770      0.00000
 50.36000      1.91702      0.00000
 50.37000      1.32037      0.00000
 50.38000      0.91139      0.00000
 50.39000      0.64792      0.00000
 50.40000      0.48174      0.00000
 50.41000      0.37464      0.00000
 50.42000      0.30192      0.00000
 50.43000      0.24958      0.00000
 50.44000      0.21013      0.00000
 50.45000      0.17944      0.00000
 50.46000      0.15503      0.00000
 50.47000      0.13531      0.00000
 50.48000      0.11915      0.00000
 50.49000      0.10575      0.00000
 50.50000      0.09452      0.00000
 50.51000      0.08503      0.00000
 50.52000      0.07692      0.00000
 50.53000      0.06996      0.00000
 50.54000      0.06392      0.00000
 50.55000      0.05866      0.00000
 50.56000      0.05405      0.00000
 50.57000      0.04998      0.00000
 50.58000      0.04638      0.00000
 50.59000      0.04317      0.00000
 50.60000      0.04030      0.00000
 50.61000      0.03772      0.00000
 50.62000      0.03546      0.00000
 50.63000      0.03336      0.00000
 50.64000      0.03145      0.00000
 50.65000      0.02971      0.00000
 50.66000      0.02813      0.00000
 50.67000      0.02668      0.00000
 50.68000      0.02534      0.00000
 50.69000      0.02412      0.00000
 50.70000      0.02298      0.00000
 50.71000      0.02194      0.00000
 50.72000      0.02097      0.00000
 50.73000      0.02007      0.00000
 50.74000      0.01923      0.00000
 50.75000      0.01845      0.00000
 50.76000      0.01772      0.00000
 50.77000      0.01704      0.00000
 50.78000      0.01641      0.00000
 50.79000      0.01581      0.00000
 50.80000      0.01525      0.00000
 50.81000      0.01472      0.00000
 50.82000      0.01422      0.00000
 50.83000      0.01375      0.00000
 50.84000      0.01331      0.00000
 50.85000      0.01289      0.00000
 50.86000      0.01248      0.00000
 50.87000      0.01203      0.00000
 50.88000      0.01168      0.00000
 50.89000      0.01134      0.00000
 50.90000      0.01102      0.00000
 50.91000      0.01072      0.00000
 50.92000      0.01043      0.00000
 50.93000      0.01015      0.00000
 50.94000      0.00989      0.00000
 50.95000      0.00963      0.00000
 50.96000      0.00939      0.00000
 50.97000      0.00916      0.00000
 50.98000      0.00894      0.00000
 50.99000      0.00873      0.00000
 51.00000      0.00853      0.00000
 51.01000      0.00834      0.00000
 51.02000      0.00815      0.00000
 51.03000      0.00797      0.00000
 51.04000      0.00780      0.00000
 51.05000      0.00764      0.00000
 51.06000      0.00748      0.00000
 51.07000      0.00733      0.00000
 51.08000      0.00718      0.00000
 51.09000      0.00704      0.00000
 51.10000      0.00690      0.00000
 51.11000      0.00677      0.00000
 51.12000      0.00665      0.00000
 51.13000      0.00652      0.00000
 51.14000      0.00641      0.00000
 51.15000      0.00629      0.00000
 51.16000      0.00618      0.00000
 51.17000      0.00607      0.00000
 51.18000      0.00597      0.00000
 51.19000      0.00587      0.00000
 51.20000      0.00578      0.00000
 51.21000      0.00568      0.00000
 51.22000      0.00559      0.00000
 51.23000      0.00550      0.00000
 51.24000      0.00542      0.00000
 51.25000      0.00534      0.00000
 51.26000      0.00526      0.00000
 51.27000      0.00518      0.00000
 51.28000      0.00510      0.00000
 51.29000      0.00503      0.00000
 51.30000      0.00496      0.00000
 51.31000      0.00489      0.00000
 51.32000      0.00482      0.00000
 51.33000      0.00475      0.00000
 51.34000      0.00469      0.00000
 51.35000      0.00463      0.00000
 51.36000      0.00457      0.00000
 51.37000      0.00457      0.00000
 51.38000      0.00451      0.00000
 51.39000      0.00446      0.00000
 51.40000      0.00440      0.00000
 51.41000      0.00435      0.00000
 51.42000      0.00430      0.00000
 51.43000      0.00425      0.00000
 51.44000      0.00420      0.00000
 51.45000      0.00415      0.00000
 51.46000      0.00410      0.00000
 51.47000      0.00406      0.00000
 51.48000      0.00401      0.00000
 51.49000      0.00397      0.00000
 51.50000      0.00393      0.00000
 51.51000      0.00389      0.00000
 51.52000      0.00385      0.00000
 51.53000      0.00381      0.00000
 51.54000      0.00377      0.00000
 51.55000      0.00373      0.00000
 51.56000      0.00369      0.00000
 51.57000      0.00366      0.00000
 51.58000      0.00362      0.00000
 51.59000      0.00359      0.00000
 51.60000      0.00355      0.00000
 51.61000      0.00352      0.00000
 51.62000      0.00349      0.00000
 51.63000      0.00346      0.00000
 51.64000      0.00343      0.00000
 51.65000      0.00340      0.00000
 51.66000      0.00337      0.00000
 51.67000      0.00334      0.00000
 51.68000      0.00331      0.00000
 51.69000      0.00328      0.00000
 51.70000      0.00325      0.00000
 51.71000      0.00323      0.00000
 51.72000      0.00320      0.00000
 51.73000      0.00318      0.00000
 51.74000      0.00315      0.00000
 51.75000      0.00313      0.00000
 51.76000      0.00310      0.00000
 51.77000      0.00308      0.00000
 51.78000      0.00306      0.00000
 51.79000      0.00303      0.00000
 51.80000      0.00301      0.00000
 51.81000      0.00299      0.00000
 51.82000      0.00297      0.00000
 51.83000      0.00295      0.00000
 51.84000      0.00293      0.00000
 51.85000      0.00291      0.00000
 51.86000      0.00289      0.00000
 51.87000      0.00287      0.00000
 51.88000      0.00285      0.00000
 51.89000      0.00283      0.00000
 51.90000      0.00281      0.00000
 51.91000      0.00279      0.00000
 51.92000      0.00277      0.00000
 51.93000      0.00276      0.00000
 51.94000      0.00274      0.00000
 51.95000      0.00272      0.00000
 51.96000      0.00271      0.00000
 51.97000      0.00269      0.00000
 51.98000      0.00268      0.00000
 51.99000      0.00266      0.00000
 52.00000      0.00264      0.00000
 52.01000      0.00263      0.00000
 52.02000      0.00262      0.00000
 52.03000      0.00260      0.00000
 52.04000      0.00259      0.00000
 52.05000      0.00257      0.00000
 52.06000      0.00256      0.00000
 52.07000      0.00255      0.00000
 52.08000      0.00253      0.00000
 52.09000      0.00252      0.00000
 52.10000      0.00251      0.00000
 52.11000      0.00249      0.00000
 52.12000      0.00248      0.00000
 52.13000      0.00247      0.00000
 52.14000      0.00246      0.00000
 52.15000      0.00245      0.00000
 52.16000      0.00244      0.00000
 52.17000      0.00242      0.00000
 52.18000      0.00241      0.00000
 52.19000      0.00240      0.00000
 52.20000      0.00239      0.00000
 52.21000      0.00238      0.00000
 52.22000      0.00237      0.00000
 52.23000      0.00236      0.00000
 52.24000      0.00235      0.00000
 52.25000      0.00234      0.00000
 52.26000      0.00233      0.00000
 52.27000      0.00232      0.00000
 52.28000      0.00231      0.00000
 52.29000      0.00230      0.00000
 52.30000      0.00230      0.00000
 52.31000      0.00229      0.00000
 52.32000      0.00228      0.00000
 52.33000      0.00227      0.00000
 52.34000      0.00226      0.00000
 52.35000      0.00225      0.00000
 52.36000      0.00225      0.00000
 52.37000      0.00224      0.00000
 52.38000      0.00223      0.00000
 52.39000      0.00222      0.00000
 52.40000      0.00222      0.00000
 52.41000      0.00221      0.00000
 52.42000      0.00220      0.00000
 52.43000      0.00219      0.00000
 52.44000      0.00219      0.00000
 52.45000      0.00218      0.00000
 52.46000      0.00217      0.00000
 52.47000      0.00217      0.00000
 52.48000      0.00216      0.00000
 52.49000      0.00222      0.00000
 52.50000      0.00221      0.00000
 52.51000      0.00220      0.00000
 52.52000      0.00220      0.00000
 52.53000      0.00219      0.00000
 52.54000      0.00219      0.00000
 52.55000      0.00224      0.00000
 52.56000      0.00224      0.00000
 52.57000      0.00223      0.00000
 52.58000      0.00223      0.00000
 52.59000      0.00222      0.00000
 52.60000      0.00222      0.00000
 52.61000      0.00221      0.00000
 52.62000      0.00221      0.00000
 52.63000      0.00221      0.00000
 52.64000      0.00220      0.00000
 52.65000      0.00219      0.00000
 52.66000      0.00219      0.00000
 52.67000      0.00219      0.00000
 52.68000      0.00218      0.00000
 52.69000      0.00218      0.00000
 52.70000      0.00218      0.00000
 52.71000      0.00217      0.00000
 52.72000      0.00217      0.00000
 52.73000      0.00217      0.00000
 52.74000      0.00216      0.00000
 52.75000      0.00216      0.00000
 52.76000      0.00216      0.00000
 52.77000      0.00215      0.00000
 52.78000      0.00215      0.00000
 52.79000      0.00215      0.00000
 52.80000      0.00214      0.00000
 52.81000      0.00214      0.00000
 52.82000      0.00214      0.00000
 52.83000      0.00214      0.00000
 52.84000      0.00213      0.00000
 52.85000      0.00213      0.00000
 52.86000      0.00213      0.00000
 52.87000      0.00213      0.00000
 52.88000      0.00213      0.00000
 52.89000      0.00212      0.00000
 52.90000      0.00212      0.00000
 52.91000      0.00212      0.00000
 52.92000      0.00212      0.00000
 52.93000      0.00212      0.00000
 52.94000      0.00212      0.00000
 52.95000      0.00211      0.00000
 52.96000      0.00211      0.00000
 52.97000      0.00211      0.00000
 52.98000      0.00211      0.00000
 52.99000      0.00211      0.00000
 53.00000      0.00211      0.00000
 53.01000      0.00211      0.00000
 53.02000      0.00211      0.00000
 53.03000      0.00211      0.00000
 53.04000      0.00210      0.00000
 53.05000      0.00210      0.00000
 53.06000      0.00210      0.00000
 53.07000      0.00210      0.00000
 53.08000      0.00210      0.00000
 53.09000      0.00210      0.00000
 53.10000      0.00210      0.00000
 53.11000      0.00210      0.00000
 53.12000      0.00210      0.00000
 53.13000      0.00210      0.00000
 53.14000      0.00210      0.00000
 53.15000      0.00210      0.00000
 53.16000      0.00210      0.00000
 53.17000      0.00210      0.00000
 53.18000      0.00210      0.00000
 53.19000      0.00210      0.00000
 53.20000      0.00210      0.00000
 53.21000      0.00210      0.00000
 53.22000      0.00210      0.00000
 53.23000      0.00210      0.00000
 53.24000      0.00210      0.00000
 53.25000      0.00210      0.00000
 53.26000      0.00211      0.00000
 53.27000      0.00211      0.00000
 53.28000      0.00217      0.00000
 53.29000      0.00217      0.00000
 53.30000      0.00217      0.00000
 53.31000      0.00217      0.00000
 53.32000      0.00217      0.00000
 53.33000      0.00218      0.00000
 53.34000      0.00218      0.00000
 53.35000      0.00218      0.00000
 53.36000      0.00218      0.00000
 53.37000      0.00218      0.00000
 53.38000      0.00218      0.00000
 53.39000      0.00219      0.00000
 53.40000      0.00219      0.00000
 53.41000      0.00219      0.00000
 53.42000      0.00219      0.00000
 53.43000      0.00219      0.00000
 53.44000      0.00220      0.00000
 53.45000      0.00220      0.00000
 53.46000      0.00220      0.00000
 53.47000      0.00220      0.00000
 53.48000      0.00221      0.00000
 53.49000      0.00221      0.00000
 53.50000      0.00221      0.00000
 53.51000      0.00221      0.00000
 53.52000      0.00222      0.00000
 53.53000      0.00222      0.00000
 53.54000      0.00222      0.00000
 53.55000      0.00222      0.00000
 53.56000      0.00223      0.00000
 53.57000      0.00223      0.00000
 53.58000      0.00223      0.00000
 53.59000      0.00224      0.00000
 53.60000      0.00224      0.00000
 53.61000      0.00224      0.00000
 53.62000      0.00225      0.00000
 53.63000      0.00225      0.00000
 53.64000      0.00225      0.00000
 53.65000      0.00226      0.00000
 53.66000      0.00226      0.00000
 53.67000      0.00226      0.00000
 53.68000      0.00219      0.00000
 53.69000      0.00220      0.00000
 53.70000      0.00220      0.00000
 53.71000      0.00221      0.00000
 53.72000      0.00221      0.00000
 53.73000      0.00222      0.00000
 53.74000      0.00222      0.00000
 53.75000      0.00222      0.00000
 53.76000      0.00223      0.00000
 53.77000      0.00223      0.00000
 53.78000      0.00224      0.00000
 53.79000      0.00224      0.00000
 53.80000      0.00225      0.00000
 53.81000      0.00225      0.00000
 53.82000      0.00226      0.00000
 53.83000      0.00226      0.00000
 53.84000      0.00227      0.00000
 53.85000      0.00227      0.00000
 53.86000      0.00228      0.00000
 53.87000      0.00228      0.00000
 53.88000      0.00229      0.00000
 53.89000      0.00230      0.00000
 53.90000      0.00230      0.00000
 53.91000      0.00231      0.00000
 53.92000      0.00231      0.00000
 53.93000      0.00232      0.00000
 53.94000      0.00232      0.00000
 53.95000      0.00233      0.00000
 53.96000      0.00234      0.00000
 53.97000      0.00234      0.00000
 53.98000      0.00235      0.00000
 53.99000      0.00236      0.00000
 54.00000      0.00236      0.00000
 54.01000      0.00237      0.00000
 54.02000      0.00237      0.00000
 54.03000      0.00238      0.00000
 54.04000      0.00239      0.00000
 54.05000      0.00239      0.00000
 54.06000      0.00240      0.00000
 54.07000      0.00247      0.00000
 54.08000      0.00247      0.00000
 54.09000      0.00248      0.00000
 54.10000      0.00249      0.00000
 54.11000      0.00250      0.00000
 54.12000      0.00250      0.00000
 54.13000      0.00251      0.00000
 54.14000      0.00252      0.00000
 54.15000      0.00253      0.00000
 54.16000      0.00253      0.00000
 54.17000      0.00254      0.00000
 54.18000      0.00255      0.00000
 54.19000      0.00256      0.00000
 54.20000      0.00257      0.00000
 54.21000      0.00257      0.00000
 54.22000      0.00258      0.00000
 54.23000      0.00259      0.00000
 54.24000      0.00260      0.00000
 54.25000      0.00261      0.00000
 54.26000      0.00262      0.00000
 54.27000      0.00263      0.00000
 54.28000      0.00263      0.00000
 54.29000      0.00264      0.00000
 54.30000      0.00271      0.00000
 54.31000      0.00272      0.00000
 54.32000      0.00273      0.00000
 54.33000      0.00274      0.00000
 54.34000      0.00275      0.00000
 54.35000      0.00276      0.00000
 54.36000      0.00277      0.00000
 54.37000      0.00278      0.00000
 54.38000      0.00279      0.00000
 54.39000      0.00280      0.00000
 54.40000      0.00281      0.00000
 54.41000      0.00282      0.00000
 54.42000      0.00283      0.00000
 54.43000      0.00284      0.00000
 54.44000      0.00285      0.00000
 54.45000      0.00286      0.00000
 54.46000      0.00287      0.00000
 54.47000      0.00288      0.00000
 54.48000      0.00289      0.00000
 54.49000      0.00290      0.00000
 54.50000      0.00292      0.00000
 54.51000      0.00293      0.00000
 54.52000      0.00294      0.00000
 54.53000      0.00295      0.00000
 54.54000      0.00296      0.00000
 54.55000      0.00297      0.00000
 54.56000      0.00299      0.00000
 54.57000      0.00300      0.00000
 54.58000      0.00301      0.00000
 54.59000      0.00302      0.00000
 54.60000      0.00304      0.00000
 54.61000      0.00310      0.00000
 54.62000      0.00312      0.00000
 54.63000      0.00313      0.00000
 54.64000      0.00314      0.00000
 54.65000      0.00316      0.00000
 54.66000      0.00317      0.00000
 54.67000      0.00318      0.00000
 54.68000      0.00320      0.00000
 54.69000      0.00321      0.00000
 54.70000      0.00323      0.00000
 54.71000      0.00324      0.00000
 54.72000      0.00326      0.00000
 54.73000      0.00327      0.00000
 54.74000      0.00329      0.00000
 54.75000      0.00330      0.00000
 54.76000      0.00332      0.00000
 54.77000      0.00333      0.00000
 54.78000      0.00335      0.00000
 54.79000      0.00336      0.00000
 54.80000      0.00338      0.00000
 54.81000      0.00340      0.00000
 54.82000      0.00341      0.00000
 54.83000      0.00343      0.00000
 54.84000      0.00344      0.00000
 54.85000      0.00346      0.00000
 54.86000      0.00348      0.00000
 54.87000      0.00350      0.00000
 54.88000      0.00351      0.00000
 54.89000      0.00353      0.00000
 54.90000      0.00355      0.00000
 54.91000      0.00357      0.00000
 54.92000      0.00359      0.00000
 54.93000      0.00360      0.00000
 54.94000      0.00362      0.00000
 54.95000      0.00364      0.00000
 54.96000      0.00366      0.00000
 54.97000      0.00368      0.00000
 54.98000      0.00370      0.00000
 54.99000      0.00372      0.00000
 55.00000      0.00374      0.00000
 55.01000      0.00376      0.00000
 55.02000      0.00378      0.00000
 55.03000      0.00380      0.00000
 55.04000      0.00382      0.00000
 55.05000      0.00385      0.00000
 55.06000      0.00387      0.00000
 55.07000      0.00389      0.00000
 55.08000      0.00391      0.00000
 55.09000      0.00394      0.00000
 55.10000      0.00396      0.00000
 55.11000      0.00398      0.00000
 55.12000      0.00400      0.00000
 55.13000      0.00403      0.00000
 55.14000      0.00405      0.00000
 55.15000      0.00408      0.00000
 55.16000      0.00410      0.00000
 55.17000      0.00413      0.00000
 55.18000      0.00415      0.00000
 55.19000      0.00418      0.00000
 55.20000      0.00420      0.00000
 55.21000      0.00423      0.00000
 55.22000      0.00426      0.00000
 55.23000      0.00428      0.00000
 55.24000      0.00431      0.00000
 55.25000      0.00434      0.00000
 55.26000      0.00437      0.00000
 55.27000      0.00440      0.00000
 55.28000      0.00443      0.00000
 55.29000      0.00446      0.00000
 55.30000      0.00449      0.00000
 55.31000      0.00452      0.00000
 55.32000      0.00455      0.00000
 55.33000      0.00458      0.00000
 55.34000      0.00461      0.00000
 55.35000      0.00464      0.00000
 55.36000      0.00468      0.00000
 55.37000      0.00471      0.00000
 55.38000      0.00474      0.00000
 55.39000      0.00478      0.00000
 55.40000      0.00481      0.00000
 55.41000      0.00485      0.00000
 55.42000      0.00488      0.00000
 55.43000      0.00492      0.00000
 55.44000      0.00496      0.00000
 55.45000      0.00499      0.00000
 55.46000      0.00503      0.00000
 55.47000      0.00507      0.00000
 55.48000      0.00511      0.00000
 55.49000      0.00515      0.00000
 55.50000      0.00519      0.00000
 55.51000      0.00523      0.00000
 55.52000      0.00527      0.00000
 55.53000      0.00532      0.00000
 55.54000      0.00536      0.00000
 55.55000      0.00541      0.00000
 55.56000      0.00545      0.00000
 55.57000      0.00550      0.00000
 55.58000      0.00554      0.00000
 55.59000      0.00559      0.00000
 55.60000      0.00564      0.00000
 55.61000      0.00569      0.00000
 55.62000      0.00574      0.00000
 55.63000      0.00579      0.00000
 55.64000      0.00584      0.00000
 55.65000      0.00589      0.00000
 55.66000      0.00595      0.00000
 55.67000      0.00600      0.00000
 55.68000      0.00606      0.00000
 55.69000      0.00617      0.00000
 55.70000      0.00623      0.00000
 55.71000      0.00629      0.00000
 55.72000      0.00635      0.00000
 55.73000      0.00641      0.00000
 55.74000      0.00648      0.00000
 55.75000      0.00654      0.00000
 55.76000      0.00661      0.00000
 55.77000      0.00668      0.00000
 55.78000      0.00674      0.00000
 55.79000      0.00681      0.00000
 55.80000      0.00689      0.00000
 55.81000      0.00696      0.00000
 55.82000      0.00703      0.00000
 55.83000      0.00711      0.00000
 55.84000      0.00719      0.00000
 55.85000      0.00727      0.00000
 55.86000      0.00728      0.00000
 55.87000      0.00737      0.00000
 55.88000      0.00745      0.00000
 55.89000      0.00754      0.00000
 55.90000      0.00763      0.00000
 55.91000      0.00772      0.00000
 55.92000      0.00782      0.00000
 55.93000      0.00792      0.00000
 55.94000      0.00802      0.00000
 55.95000      0.00812      0.00000
 55.96000      0.00822      0.00000
 55.97000      0.00833      0.00000
 55.98000      0.00844      0.00000
 55.99000      0.00856      0.00000
 56.00000      0.00867      0.00000
 56.01000      0.00880      0.00000
 56.02000      0.00892      0.00000
 56.03000      0.00905      0.00000
 56.04000      0.00918      0.00000
 56.05000      0.00931      0.00000
 56.06000      0.00945      0.00000
 56.07000      0.00960      0.00000
 56.08000      0.00975      0.00000
 56.09000      0.00990      0.00000
 56.10000      0.01006      0.00000
 56.11000      0.01022      0.00000
 56.12000      0.01039      0.00000
 56.13000      0.01057      0.00000
 56.14000      0.01075      0.00000
 56.15000      0.01093      0.00000
 56.16000      0.01113      0.00000
 56.17000      0.01133      0.00000
 56.18000      0.01154      0.00000
 56.19000      0.01175      0.00000
 56.20000      0.01198      0.00000
 56.21000      0.01221      0.00000
 56.22000      0.01245      0.00000
 56.23000      0.01271      0.00000
 56.24000      0.01297      0.00000
 56.25000      0.01324      0.00000
 56.26000      0.01353      0.00000
 56.27000      0.01383      0.00000
 56.28000      0.01414      0.00000
 56.29000      0.01447      0.00000
 56.30000      0.01481      0.00000
 56.31000      0.01517      0.00000
 56.32000      0.01554      0.00000
 56.33000      0.01593      0.00000
 56.34000      0.01635      0.00000
 56.35000      0.01679      0.00000
 56.36000      0.01724      0.00000
 56.37000      0.01773      0.00000
 56.38000      0.01824      0.00000
 56.39000      0.01878      0.00000
 56.40000      0.01935      0.00000
 56.41000      0.01996      0.00000
 56.42000      0.02061      0.00000
 56.43000      0.02129      0.00000
 56.44000      0.02202      0.00000
 56.45000      0.02280      0.00000
 56.46000      0.02363      0.00000
 56.47000      0.02453      0.00000
 56.48000      0.02548      0.00000
 56.49000      0.02651      0.00000
 56.50000      0.02762      0.00000
 56.51000      0.02882      0.00000
 56.52000      0.03011      0.00000
 56.53000      0.03152      0.00000
 56.54000      0.03304      0.00000
 56.55000      0.03471      0.00000
 56.56000      0.03653      0.00000
 56.57000      0.03853      0.00000
 56.58000      0.04073      0.00000
 56.59000      0.04317      0.00000
 56.60000      0.04586      0.00000
 56.61000      0.04886      0.00000
 56.62000      0.05222      0.00000
 56.63000      0.05599      0.00000
 56.64000      0.06024      0.00000
 56.65000      0.06506      0.00000
 56.66000      0.07057      0.00000
 56.67000      0.07689      0.00000
 56.68000      0.08419      0.00000
 56.69000      0.09270      0.00000
 56.70000      0.10269      0.00000
 56.71000      0.11452      0.00000
 56.72000      0.12868      0.00000
 56.73000      0.14580      0.00000
 56.74000      0.16679      0.00000
 56.75000      0.19297      0.00000
 56.76000      0.22639      0.00000
 56.77000      0.27052      0.00000
 56.78000      0.33137      0.00000
 56.79000      0.41918      0.00000
 56.80000      0.55009      0.00000
 56.81000      0.74655      0.00000
 56.82000      1.03446      0.00000
 56.83000      1.43517      0.00000
 56.84000      1.94750      0.00000
 56.85000      2.50736      0.00000
 56.86000      2.93082      0.00000
 56.87000      2.97459      0.00000
 56.88000      2.60757      0.00000
 56.89000      2.05509      0.00000
 56.90000      1.52538      0.00000
 56.91000      1.10193      0.00000
 56.92000      0.79385      0.00000
 56.93000      0.58219      0.00000
 56.94000      0.44101      0.00000
 56.95000      0.34682      0.00000
 56.96000      0.28219      0.00000
 56.97000      0.23587      0.00000
 56.98000      0.20116      0.00000
 56.99000      0.17423      0.00000
 57.00000      0.15281      0.00000
 57.01000      0.13547      0.00000
 57.02000      0.12124      0.00000
 57.03000      0.10945      0.00000
 57.04000      0.09959      0.00000
 57.05000      0.09127      0.00000
 57.06000      0.08420      0.00000
 57.07000      0.07816      0.00000
 57.08000      0.07297      0.00000
 57.09000      0.06849      0.00000
 57.10000      0.06461      0.00000
 57.11000      0.06123      0.00000
 57.12000      0.05829      0.00000
 57.13000      0.05573      0.00000
 57.14000      0.05349      0.00000
 57.15000      0.05153      0.00000
 57.16000      0.04982      0.00000
 57.17000      0.04833      0.00000
 57.18000      0.04704      0.00000
 57.19000      0.04592      0.00000
 57.20000      0.04502      0.00000
 57.21000      0.04421      0.00000
 57.22000      0.04353      0.00000
 57.23000      0.04297      0.00000
 57.24000      0.04253      0.00000
 57.25000      0.04219      0.00000
 57.26000      0.04195      0.00000
 57.27000      0.04181      0.00000
 57.28000      0.04176      0.00000
 57.29000      0.04180      0.00000
 57.30000      0.04193      0.00000
 57.31000      0.04214      0.00000
 57.32000      0.04244      0.00000
 57.33000      0.04282      0.00000
 57.34000      0.04328      0.00000
 57.35000      0.04384      0.00000
 57.36000      0.04448      0.00000
 57.37000      0.04522      0.00000
 57.38000      0.04605      0.00000
 57.39000      0.04698      0.00000
 57.40000      0.04802      0.00000
 57.41000      0.04918      0.00000
 57.42000      0.05038      0.00000
 57.43000      0.05179      0.00000
 57.44000      0.05334      0.00000
 57.45000      0.05505      0.00000
 57.46000      0.05692      0.00000
 57.47000      0.05898      0.00000
 57.48000      0.06124      0.00000
 57.49000      0.06373      0.00000
 57.50000      0.06648      0.00000
 57.51000      0.06951      0.00000
 57.52000      0.07286      0.00000
 57.53000      0.07658      0.00000
 57.54000      0.08071      0.00000
 57.55000      0.08532      0.00000
 57.56000      0.09048      0.00000
 57.57000      0.09628      0.00000
 57.58000      0.10283      0.00000
 57.59000      0.11025      0.00000
 57.60000      0.11872      0.00000
 57.61000      0.12843      0.00000
 57.62000      0.13965      0.00000
 57.63000      0.15270      0.00000
 57.64000      0.16802      0.00000
 57.65000      0.18617      0.00000
 57.66000      0.20794      0.00000
 57.67000      0.23445      0.00000
 57.68000      0.26742      0.00000
 57.69000      0.30963      0.00000
 57.70000      0.36551      0.00000
 57.71000      0.44197      0.00000
 57.72000      0.54896      0.00000
 57.73000      0.69932      0.00000
 57.74000      0.90754      0.00000
 57.75000      1.18619      0.00000
 57.76000      1.53604      0.00000
 57.77000      1.92648      0.00000
 57.78000      2.29694      0.00000
 57.79000      2.63419      0.00000
 57.80000      3.01545      0.00000
 57.81000      3.49274      0.00000
 57.82000      3.96181      0.00000
 57.83000      4.14548      0.00000
 57.84000      3.83573      0.00000
 57.85000      3.16968      0.00000
 57.86000      2.43649      0.00000
 57.87000      1.80697      0.00000
 57.88000      1.32691      0.00000
 57.89000      0.98506      0.00000
 57.90000      0.75148      0.00000
 57.91000      0.59440      0.00000
 57.92000      0.48763      0.00000
 57.93000      0.41276      0.00000
 57.94000      0.35818      0.00000
 57.95000      0.31706      0.00000
 57.96000      0.28539      0.00000
 57.97000      0.26077      0.00000
 57.98000      0.24165      0.00000
 57.99000      0.22699      0.00000
 58.00000      0.21609      0.00000
 58.01000      0.20848      0.00000
 58.02000      0.20387      0.00000
 58.03000      0.20214      0.00000
 58.04000      0.20333      0.00000
 58.05000      0.20765      0.00000
 58.06000      0.21555      0.00000
 58.07000      0.22783      0.00000
 58.08000      0.24590      0.00000
 58.09000      0.27227      0.00000
 58.10000      0.31129      0.00000
 58.11000      0.37008      0.00000
 58.12000      0.45909      0.00000
 58.13000      0.59149      0.00000
 58.14000      0.78052      0.00000
 58.15000      1.03333      0.00000
 58.16000      1.33738      0.00000
 58.17000      1.63304      0.00000
 58.18000      1.79702      0.00000
 58.19000      1.72712      0.00000
 58.20000      1.47108      0.00000
 58.21000      1.16188      0.00000
 58.22000      0.88715      0.00000
 58.23000      0.67494      0.00000
 58.24000      0.52392      0.00000
 58.25000      0.42234      0.00000
 58.26000      0.35657      0.00000
 58.27000      0.31494      0.00000
 58.28000      0.28911      0.00000
 58.29000      0.27382      0.00000
 58.30000      0.26610      0.00000
 58.31000      0.26442      0.00000
 58.32000      0.26809      0.00000
 58.33000      0.27699      0.00000
 58.34000      0.29144      0.00000
 58.35000      0.31223      0.00000
 58.36000      0.34077      0.00000
 58.37000      0.37951      0.00000
 58.38000      0.43270      0.00000
 58.39000      0.50780      0.00000
 58.40000      0.61727      0.00000
 58.41000      0.78033      0.00000
 58.42000      1.02297      0.00000
 58.43000      1.37458      0.00000
 58.44000      1.85873      0.00000
 58.45000      2.47340      0.00000
 58.46000      3.14704      0.00000
 58.47000      3.67579      0.00000
 58.48000      3.77827      0.00000
 58.49000      3.38724      0.00000
 58.50000      2.74168      0.00000
 58.51000      2.09612      0.00000
 58.52000      1.56642      0.00000
 58.53000      1.17402      0.00000
 58.54000      0.90184      0.00000
 58.55000      0.72136      0.00000
 58.56000      0.60487      0.00000
 58.57000      0.53083      0.00000
 58.58000      0.48485      0.00000
 58.59000      0.45851      0.00000
 58.60000      0.44752      0.00000
 58.61000      0.45042      0.00000
 58.62000      0.46799      0.00000
 58.63000      0.50367      0.00000
 58.64000      0.56451      0.00000
 58.65000      0.66262      0.00000
 58.66000      0.81600      0.00000
 58.67000      1.04726      0.00000
 58.68000      1.37889      0.00000
 58.69000      1.82248      0.00000
 58.70000      2.35506      0.00000
 58.71000      2.87204      0.00000
 58.72000      3.15945      0.00000
 58.73000      3.03887      0.00000
 58.74000      2.58940      0.00000
 58.75000      2.04116      0.00000
 58.76000      1.54961      0.00000
 58.77000      1.16633      0.00000
 58.78000      0.89048      0.00000
 58.79000      0.70222      0.00000
 58.80000      0.57785      0.00000
 58.81000      0.49670      0.00000
 58.82000      0.44370      0.00000
 58.83000      0.40918      0.00000
 58.84000      0.38747      0.00000
 58.85000      0.37549      0.00000
 58.86000      0.37162      0.00000
 58.87000      0.37521      0.00000
 58.88000      0.38624      0.00000
 58.89000      0.40532      0.00000
 58.90000      0.43389      0.00000
 58.91000      0.47461      0.00000
 58.92000      0.53215      0.00000
 58.93000      0.61423      0.00000
 58.94000      0.73265      0.00000
 58.95000      0.90350      0.00000
 58.96000      1.14587      0.00000
 58.97000      1.47800      0.00000
 58.98000      1.90838      0.00000
 58.99000      2.41475      0.00000
 59.00000      2.91257      0.00000
 59.01000      3.28187      0.00000
 59.02000      3.51595      0.00000
 59.03000      3.76570      0.00000
 59.04000      4.16254      0.00000
 59.05000      4.67546      0.00000
 59.06000      5.06098      0.00000
 59.07000      4.98049      0.00000
 59.08000      4.36590      0.00000
 59.09000      3.49825      0.00000
 59.10000      2.66172      0.00000
 59.11000      1.97981      0.00000
 59.12000      1.47060      0.00000
 59.13000      1.11002      0.00000
 59.14000      0.86199      0.00000
 59.15000      0.69207      0.00000
 59.16000      0.57327      0.00000
 59.17000      0.48710      0.00000
 59.18000      0.42203      0.00000
 59.19000      0.37119      0.00000
 59.20000      0.33046      0.00000
 59.21000      0.29726      0.00000
 59.22000      0.26985      0.00000
 59.23000      0.24701      0.00000
 59.24000      0.22782      0.00000
 59.25000      0.21161      0.00000
 59.26000      0.19784      0.00000
 59.27000      0.18611      0.00000
 59.28000      0.17608      0.00000
 59.29000      0.16752      0.00000
 59.30000      0.16020      0.00000
 59.31000      0.15397      0.00000
 59.32000      0.14870      0.00000
 59.33000      0.14427      0.00000
 59.34000      0.14061      0.00000
 59.35000      0.13765      0.00000
 59.36000      0.13532      0.00000
 59.37000      0.13359      0.00000
 59.38000      0.13243      0.00000
 59.39000      0.13181      0.00000
 59.40000      0.13172      0.00000
 59.41000      0.13215      0.00000
 59.42000      0.13311      0.00000
 59.43000      0.13460      0.00000
 59.44000      0.13664      0.00000
 59.45000      0.13925      0.00000
 59.46000      0.14247      0.00000
 59.47000      0.14635      0.00000
 59.48000      0.15093      0.00000
 59.49000      0.15628      0.00000
 59.50000      0.16249      0.00000
 59.51000      0.16965      0.00000
 59.52000      0.17789      0.00000
 59.53000      0.18735      0.00000
 59.54000      0.19821      0.00000
 59.55000      0.21070      0.00000
 59.56000      0.22507      0.00000
 59.57000      0.24165      0.00000
 59.58000      0.26087      0.00000
 59.59000      0.28323      0.00000
 59.60000      0.30939      0.00000
 59.61000      0.34018      0.00000
 59.62000      0.37667      0.00000
 59.63000      0.42027      0.00000
 59.64000      0.47287      0.00000
 59.65000      0.53706      0.00000
 59.66000      0.61659      0.00000
 59.67000      0.71719      0.00000
 59.68000      0.84826      0.00000
 59.69000      1.02566      0.00000
 59.70000      1.27581      0.00000
 59.71000      1.64000      0.00000
 59.72000      2.17627      0.00000
 59.73000      2.95474      0.00000
 59.74000      4.04192      0.00000
 59.75000      5.46696      0.00000
 59.76000      7.14727      0.00000
 59.77000      8.74698      0.00000
 59.78000      9.61106      0.00000
 59.79000      9.21813      0.00000
 59.80000      7.81928      0.00000
 59.81000      6.10826      0.00000
 59.82000      4.55938      0.00000
 59.83000      3.33617      0.00000
 59.84000      2.44116      0.00000
 59.85000      1.81684      0.00000
 59.86000      1.39168      0.00000
 59.87000      1.10168      0.00000
 59.88000      0.89882      0.00000
 59.89000      0.75123      0.00000
 59.90000      0.63938      0.00000
 59.91000      0.55174      0.00000
 59.92000      0.48136      0.00000
 59.93000      0.42384      0.00000
 59.94000      0.37619      0.00000
 59.95000      0.33629      0.00000
 59.96000      0.30262      0.00000
 59.97000      0.27386      0.00000
 59.98000      0.24920      0.00000
 59.99000      0.22782      0.00000
 60.00000      0.20919      0.00000
 60.01000      0.19288      0.00000
 60.02000      0.17851      0.00000
 60.03000      0.16580      0.00000
 60.04000      0.15449      0.00000
 60.05000      0.14438      0.00000
 60.06000      0.13533      0.00000
 60.07000      0.12717      0.00000
 60.08000      0.11981      0.00000
 60.09000      0.11314      0.00000
 60.10000      0.10708      0.00000
 60.11000      0.10155      0.00000
 60.12000      0.09650      0.00000
 60.13000      0.09188      0.00000
 60.14000      0.08763      0.00000
 60.15000      0.08372      0.00000
 60.16000      0.08012      0.00000
 60.17000      0.07680      0.00000
 60.18000      0.07372      0.00000
 60.19000      0.07087      0.00000
 60.20000      0.06822      0.00000
 60.21000      0.06576      0.00000
 60.22000      0.06347      0.00000
 60.23000      0.06133      0.00000
 60.24000      0.05940      0.00000
 60.25000      0.05754      0.00000
 60.26000      0.05580      0.00000
 60.27000      0.05417      0.00000
 60.28000      0.05265      0.00000
 60.29000      0.05122      0.00000
 60.30000      0.04989      0.00000
 60.31000      0.04863      0.00000
 60.32000      0.04746      0.00000
 60.33000      0.04635      0.00000
 60.34000      0.04532      0.00000
 60.35000      0.04435      0.00000
 60.36000      0.04344      0.00000
 60.37000      0.04259      0.00000
 60.38000      0.04179      0.00000
 60.39000      0.04104      0.00000
 60.40000      0.04034      0.00000
 60.41000      0.03968      0.00000
 60.42000      0.03907      0.00000
 60.43000      0.03850      0.00000
 60.44000      0.03797      0.00000
 60.45000      0.03748      0.00000
 60.46000      0.03703      0.00000
 60.47000      0.03661      0.00000
 60.48000      0.03623      0.00000
 60.49000      0.03588      0.00000
 60.50000      0.03556      0.00000
 60.51000      0.03528      0.00000
 60.52000      0.03502      0.00000
 60.53000      0.03480      0.00000
 60.54000      0.03461      0.00000
 60.55000      0.03445      0.00000
 60.56000      0.03436      0.00000
 60.57000      0.03426      0.00000
 60.58000      0.03419      0.00000
 60.59000      0.03414      0.00000
 60.60000      0.03413      0.00000
 60.61000      0.03414      0.00000
 60.62000      0.03419      0.00000
 60.63000      0.03427      0.00000
 60.64000      0.03438      0.00000
 60.65000      0.03452      0.00000
 60.66000      0.03469      0.00000
 60.67000      0.03490      0.00000
 60.68000      0.03514      0.00000
 60.69000      0.03542      0.00000
 60.70000      0.03574      0.00000
 60.71000      0.03610      0.00000
 60.72000      0.03650      0.00000
 60.73000      0.03694      0.00000
 60.74000      0.03743      0.00000
 60.75000      0.03797      0.00000
 60.76000      0.03857      0.00000
 60.77000      0.03921      0.00000
 60.78000      0.03992      0.00000
 60.79000      0.04069      0.00000
 60.80000      0.04152      0.00000
 60.81000      0.04243      0.00000
 60.82000      0.04342      0.00000
 60.83000      0.04450      0.00000
 60.84000      0.04566      0.00000
 60.85000      0.04693      0.00000
 60.86000      0.04831      0.00000
 60.87000      0.04981      0.00000
 60.88000      0.05145      0.00000
 60.89000      0.05323      0.00000
 60.90000      0.05518      0.00000
 60.91000      0.05731      0.00000
 60.92000      0.05964      0.00000
 60.93000      0.06220      0.00000
 60.94000      0.06502      0.00000
 60.95000      0.06812      0.00000
 60.96000      0.07154      0.00000
 60.97000      0.07534      0.00000
 60.98000      0.07956      0.00000
 60.99000      0.08428      0.00000
 61.00000      0.08956      0.00000
 61.01000      0.09551      0.00000
 61.02000      0.10224      0.00000
 61.03000      0.10988      0.00000
 61.04000      0.11861      0.00000
 61.05000      0.12864      0.00000
 61.06000      0.14025      0.00000
 61.07000      0.15378      0.00000
 61.08000      0.16968      0.00000
 61.09000      0.18854      0.00000
 61.10000      0.21113      0.00000
 61.11000      0.23856      0.00000
 61.12000      0.27242      0.00000
 61.13000      0.31520      0.00000
 61.14000      0.37101      0.00000
 61.15000      0.44665      0.00000
 61.16000      0.55317      0.00000
 61.17000      0.70711      0.00000
 61.18000      0.93068      0.00000
 61.19000      1.24923      0.00000
 61.20000      1.68477      0.00000
 61.21000      2.24235      0.00000
 61.22000      2.88060      0.00000
 61.23000      3.46070      0.00000
 61.24000      3.74006      0.00000
 61.25000      3.55484      0.00000
 61.26000      3.01936      0.00000
 61.27000      2.38223      0.00000
 61.28000      1.80762      0.00000
 61.29000      1.35242      0.00000
 61.30000      1.01791      0.00000
 61.31000      0.78409      0.00000
 61.32000      0.62567      0.00000
 61.33000      0.51966      0.00000
 61.34000      0.44851      0.00000
 61.35000      0.40042      0.00000
 61.36000      0.36822      0.00000
 61.37000      0.34790      0.00000
 61.38000      0.33746      0.00000
 61.39000      0.33635      0.00000
 61.40000      0.34529      0.00000
 61.41000      0.36661      0.00000
 61.42000      0.40465      0.00000
 61.43000      0.46622      0.00000
 61.44000      0.56041      0.00000
 61.45000      0.69730      0.00000
 61.46000      0.88499      0.00000
 61.47000      1.12326      0.00000
 61.48000      1.39015      0.00000
 61.49000      1.62145      0.00000
 61.50000      1.71856      0.00000
 61.51000      1.63430      0.00000
 61.52000      1.43416      0.00000
 61.53000      1.22042      0.00000
 61.54000      1.05756      0.00000
 61.55000      0.97370      0.00000
 61.56000      0.98111      0.00000
 61.57000      1.08687      0.00000
 61.58000      1.29454      0.00000
 61.59000      1.59852      0.00000
 61.60000      1.96719      0.00000
 61.61000      2.31188      0.00000
 61.62000      2.47956      0.00000
 61.63000      2.36050      0.00000
 61.64000      2.01681      0.00000
 61.65000      1.60279      0.00000
 61.66000      1.22502      0.00000
 61.67000      0.92209      0.00000
 61.68000      0.69617      0.00000
 61.69000      0.53514      0.00000
 61.70000      0.42308      0.00000
 61.71000      0.34520      0.00000
 61.72000      0.28997      0.00000
 61.73000      0.24944      0.00000
 61.74000      0.21860      0.00000
 61.75000      0.19439      0.00000
 61.76000      0.17498      0.00000
 61.77000      0.15919      0.00000
 61.78000      0.14626      0.00000
 61.79000      0.13565      0.00000
 61.80000      0.12695      0.00000
 61.81000      0.11990      0.00000
 61.82000      0.11429      0.00000
 61.83000      0.10998      0.00000
 61.84000      0.10692      0.00000
 61.85000      0.10508      0.00000
 61.86000      0.10450      0.00000
 61.87000      0.10531      0.00000
 61.88000      0.10774      0.00000
 61.89000      0.11219      0.00000
 61.90000      0.11940      0.00000
 61.91000      0.13059      0.00000
 61.92000      0.14776      0.00000
 61.93000      0.17388      0.00000
 61.94000      0.21294      0.00000
 61.95000      0.26940      0.00000
 61.96000      0.34713      0.00000
 61.97000      0.44692      0.00000
 61.98000      0.56138      0.00000
 61.99000      0.66605      0.00000
 62.00000      0.71792      0.00000
 62.01000      0.68640      0.00000
 62.02000      0.58958      0.00000
 62.03000      0.47171      0.00000
 62.04000      0.36356      0.00000
 62.05000      0.27650      0.00000
 62.06000      0.21135      0.00000
 62.07000      0.16478      0.00000
 62.08000      0.13230      0.00000
 62.09000      0.10968      0.00000
 62.10000      0.09360      0.00000
 62.11000      0.08177      0.00000
 62.12000      0.07271      0.00000
 62.13000      0.06552      0.00000
 62.14000      0.05968      0.00000
 62.15000      0.05483      0.00000
 62.16000      0.05076      0.00000
 62.17000      0.04729      0.00000
 62.18000      0.04431      0.00000
 62.19000      0.04173      0.00000
 62.20000      0.03947      0.00000
 62.21000      0.03749      0.00000
 62.22000      0.03573      0.00000
 62.23000      0.03417      0.00000
 62.24000      0.03277      0.00000
 62.25000      0.03151      0.00000
 62.26000      0.03038      0.00000
 62.27000      0.02935      0.00000
 62.28000      0.02842      0.00000
 62.29000      0.02757      0.00000
 62.30000      0.02679      0.00000
 62.31000      0.02608      0.00000
 62.32000      0.02542      0.00000
 62.33000      0.02482      0.00000
 62.34000      0.02427      0.00000
 62.35000      0.02376      0.00000
 62.36000      0.02329      0.00000
 62.37000      0.02286      0.00000
 62.38000      0.02245      0.00000
 62.39000      0.02208      0.00000
 62.40000      0.02174      0.00000
 62.41000      0.02143      0.00000
 62.42000      0.02114      0.00000
 62.43000      0.02087      0.00000
 62.44000      0.02063      0.00000
 62.45000      0.02040      0.00000
 62.46000      0.02020      0.00000
 62.47000      0.02001      0.00000
 62.48000      0.01984      0.00000
 62.49000      0.01969      0.00000
 62.50000      0.01956      0.00000
 62.51000      0.01944      0.00000
 62.52000      0.01933      0.00000
 62.53000      0.01924      0.00000
 62.54000      0.01917      0.00000
 62.55000      0.01911      0.00000
 62.56000      0.01906      0.00000
 62.57000      0.01903      0.00000
 62.58000      0.01901      0.00000
 62.59000      0.01901      0.00000
 62.60000      0.01902      0.00000
 62.61000      0.01904      0.00000
 62.62000      0.01907      0.00000
 62.63000      0.01912      0.00000
 62.64000      0.01918      0.00000
 62.65000      0.01926      0.00000
 62.66000      0.01935      0.00000
 62.67000      0.01945      0.00000
 62.68000      0.01951      0.00000
 62.69000      0.01964      0.00000
 62.70000      0.01979      0.00000
 62.71000      0.01996      0.00000
 62.72000      0.02014      0.00000
 62.73000      0.02039      0.00000
 62.74000      0.02060      0.00000
 62.75000      0.02084      0.00000
 62.76000      0.02109      0.00000
 62.77000      0.02137      0.00000
 62.78000      0.02167      0.00000
 62.79000      0.02198      0.00000
 62.80000      0.02233      0.00000
 62.81000      0.02269      0.00000
 62.82000      0.02309      0.00000
 62.83000      0.02345      0.00000
 62.84000      0.02390      0.00000
 62.85000      0.02438      0.00000
 62.86000      0.02489      0.00000
 62.87000      0.02545      0.00000
 62.88000      0.02604      0.00000
 62.89000      0.02667      0.00000
 62.90000      0.02734      0.00000
 62.91000      0.02807      0.00000
 62.92000      0.02884      0.00000
 62.93000      0.02967      0.00000
 62.94000      0.03057      0.00000
 62.95000      0.03152      0.00000
 62.96000      0.03261      0.00000
 62.97000      0.03372      0.00000
 62.98000      0.03492      0.00000
 62.99000      0.03621      0.00000
 63.00000      0.03761      0.00000
 63.01000      0.03913      0.00000
 63.02000      0.04077      0.00000
 63.03000      0.04256      0.00000
 63.04000      0.04451      0.00000
 63.05000      0.04664      0.00000
 63.06000      0.04897      0.00000
 63.07000      0.05153      0.00000
 63.08000      0.05435      0.00000
 63.09000      0.05746      0.00000
 63.10000      0.06091      0.00000
 63.11000      0.06475      0.00000
 63.12000      0.06903      0.00000
 63.13000      0.07384      0.00000
 63.14000      0.07925      0.00000
 63.15000      0.08537      0.00000
 63.16000      0.09233      0.00000
 63.17000      0.10031      0.00000
 63.18000      0.10949      0.00000
 63.19000      0.12014      0.00000
 63.20000      0.13259      0.00000
 63.21000      0.14726      0.00000
 63.22000      0.16473      0.00000
 63.23000      0.18578      0.00000
 63.24000      0.21155      0.00000
 63.25000      0.24376      0.00000
 63.26000      0.28521      0.00000
 63.27000      0.34044      0.00000
 63.28000      0.41675      0.00000
 63.29000      0.52508      0.00000
 63.30000      0.68034      0.00000
 63.31000      0.90022      0.00000
 63.32000      1.20180      0.00000
 63.33000      1.59439      0.00000
 63.34000      2.06471      0.00000
 63.35000      2.54751      0.00000
 63.36000      2.89686      0.00000
 63.37000      2.94342      0.00000
 63.38000      2.66147      0.00000
 63.39000      2.20087      0.00000
 63.40000      1.72487      0.00000
 63.41000      1.31767      0.00000
 63.42000      1.00231      0.00000
 63.43000      0.77356      0.00000
 63.44000      0.61604      0.00000
 63.45000      0.51279      0.00000
 63.46000      0.44970      0.00000
 63.47000      0.41722      0.00000
 63.48000      0.41037      0.00000
 63.49000      0.42750      0.00000
 63.50000      0.46850      0.00000
 63.51000      0.53228      0.00000
 63.52000      0.61267      0.00000
 63.53000      0.69173      0.00000
 63.54000      0.73725      0.00000
 63.55000      0.72228      0.00000
 63.56000      0.65469      0.00000
 63.57000      0.56769      0.00000
 63.58000      0.48866      0.00000
 63.59000      0.43032      0.00000
 63.60000      0.39683      0.00000
 63.61000      0.38972      0.00000
 63.62000      0.41105      0.00000
 63.63000      0.46504      0.00000
 63.64000      0.55828      0.00000
 63.65000      0.69852      0.00000
 63.66000      0.89138      0.00000
 63.67000      1.13376      0.00000
 63.68000      1.40023      0.00000
 63.69000      1.62407      0.00000
 63.70000      1.70700      0.00000
 63.71000      1.59953      0.00000
 63.72000      1.35918      0.00000
 63.73000      1.08322      0.00000
 63.74000      0.83358      0.00000
 63.75000      0.63228      0.00000
 63.76000      0.48055      0.00000
 63.77000      0.37102      0.00000
 63.78000      0.29383      0.00000
 63.79000      0.23960      0.00000
 63.80000      0.20089      0.00000
 63.81000      0.17237      0.00000
 63.82000      0.15062      0.00000
 63.83000      0.13349      0.00000
 63.84000      0.11966      0.00000
 63.85000      0.10830      0.00000
 63.86000      0.09886      0.00000
 63.87000      0.09093      0.00000
 63.88000      0.08423      0.00000
 63.89000      0.07854      0.00000
 63.90000      0.07370      0.00000
 63.91000      0.06958      0.00000
 63.92000      0.06608      0.00000
 63.93000      0.06312      0.00000
 63.94000      0.06064      0.00000
 63.95000      0.05860      0.00000
 63.96000      0.05697      0.00000
 63.97000      0.05573      0.00000
 63.98000      0.05488      0.00000
 63.99000      0.05441      0.00000
 64.00000      0.05434      0.00000
 64.01000      0.05471      0.00000
 64.02000      0.05556      0.00000
 64.03000      0.05697      0.00000
 64.04000      0.05909      0.00000
 64.05000      0.06198      0.00000
 64.06000      0.06592      0.00000
 64.07000      0.07129      0.00000
 64.08000      0.07871      0.00000
 64.09000      0.08920      0.00000
 64.10000      0.10430      0.00000
 64.11000      0.12625      0.00000
 64.12000      0.15786      0.00000
 64.13000      0.20219      0.00000
 64.14000      0.26168      0.00000
 64.15000      0.33653      0.00000
 64.16000      0.42113      0.00000
 64.17000      0.49832      0.00000
 64.18000      0.53885      0.00000
 64.19000      0.52075      0.00000
 64.20000      0.45402      0.00000
 64.21000      0.36860      0.00000
 64.22000      0.28756      0.00000
 64.23000      0.22055      0.00000
 64.24000      0.16923      0.00000
 64.25000      0.13178      0.00000
 64.26000      0.10525      0.00000
 64.27000      0.08665      0.00000
 64.28000      0.07347      0.00000
 64.29000      0.06388      0.00000
 64.30000      0.05666      0.00000
 64.31000      0.05103      0.00000
 64.32000      0.04652      0.00000
 64.33000      0.04283      0.00000
 64.34000      0.03977      0.00000
 64.35000      0.03721      0.00000
 64.36000      0.03505      0.00000
 64.37000      0.03321      0.00000
 64.38000      0.03164      0.00000
 64.39000      0.03028      0.00000
 64.40000      0.02912      0.00000
 64.41000      0.02811      0.00000
 64.42000      0.02725      0.00000
 64.43000      0.02650      0.00000
 64.44000      0.02585      0.00000
 64.45000      0.02524      0.00000
 64.46000      0.02477      0.00000
 64.47000      0.02438      0.00000
 64.48000      0.02406      0.00000
 64.49000      0.02380      0.00000
 64.50000      0.02360      0.00000
 64.51000      0.02346      0.00000
 64.52000      0.02337      0.00000
 64.53000      0.02333      0.00000
 64.54000      0.02334      0.00000
 64.55000      0.02341      0.00000
 64.56000      0.02353      0.00000
 64.57000      0.02370      0.00000
 64.58000      0.02392      0.00000
 64.59000      0.02420      0.00000
 64.60000      0.02454      0.00000
 64.61000      0.02494      0.00000
 64.62000      0.02541      0.00000
 64.63000      0.02595      0.00000
 64.64000      0.02657      0.00000
 64.65000      0.02728      0.00000
 64.66000      0.02809      0.00000
 64.67000      0.02901      0.00000
 64.68000      0.03004      0.00000
 64.69000      0.03122      0.00000
 64.70000      0.03256      0.00000
 64.71000      0.03409      0.00000
 64.72000      0.03583      0.00000
 64.73000      0.03783      0.00000
 64.74000      0.04012      0.00000
 64.75000      0.04277      0.00000
 64.76000      0.04586      0.00000
 64.77000      0.04947      0.00000
 64.78000      0.05372      0.00000
 64.79000      0.05879      0.00000
 64.80000      0.06488      0.00000
 64.81000      0.07232      0.00000
 64.82000      0.08159      0.00000
 64.83000      0.09347      0.00000
 64.84000      0.10919      0.00000
 64.85000      0.13072      0.00000
 64.86000      0.16093      0.00000
 64.87000      0.20393      0.00000
 64.88000      0.26442      0.00000
 64.89000      0.34721      0.00000
 64.90000      0.45526      0.00000
 64.91000      0.58661      0.00000
 64.92000      0.72733      0.00000
 64.93000      0.84278      0.00000
 64.94000      0.88439      0.00000
 64.95000      0.82956      0.00000
 64.96000      0.70786      0.00000
 64.97000      0.56767      0.00000
 64.98000      0.44023      0.00000
 64.99000      0.33704      0.00000
 65.00000      0.25899      0.00000
 65.01000      0.20260      0.00000
 65.02000      0.16303      0.00000
 65.03000      0.13559      0.00000
 65.04000      0.11648      0.00000
 65.05000      0.10296      0.00000
 65.06000      0.09324      0.00000
 65.07000      0.08623      0.00000
 65.08000      0.08131      0.00000
 65.09000      0.07822      0.00000
 65.10000      0.07690      0.00000
 65.11000      0.07749      0.00000
 65.12000      0.08027      0.00000
 65.13000      0.08557      0.00000
 65.14000      0.09364      0.00000
 65.15000      0.10430      0.00000
 65.16000      0.11667      0.00000
 65.17000      0.12796      0.00000
 65.18000      0.13377      0.00000
 65.19000      0.13112      0.00000
 65.20000      0.12171      0.00000
 65.21000      0.10994      0.00000
 65.22000      0.09914      0.00000
 65.23000      0.09072      0.00000
 65.24000      0.08496      0.00000
 65.25000      0.08162      0.00000
 65.26000      0.08031      0.00000
 65.27000      0.08063      0.00000
 65.28000      0.08226      0.00000
 65.29000      0.08496      0.00000
 65.30000      0.08864      0.00000
 65.31000      0.09326      0.00000
 65.32000      0.09885      0.00000
 65.33000      0.10550      0.00000
 65.34000      0.11335      0.00000
 65.35000      0.12258      0.00000
 65.36000      0.13344      0.00000
 65.37000      0.14627      0.00000
 65.38000      0.16147      0.00000
 65.39000      0.17959      0.00000
 65.40000      0.20140      0.00000
 65.41000      0.22794      0.00000
 65.42000      0.26077      0.00000
 65.43000      0.30231      0.00000
 65.44000      0.35645      0.00000
 65.45000      0.42938      0.00000
 65.46000      0.53066      0.00000
 65.47000      0.67392      0.00000
 65.48000      0.87671      0.00000
 65.49000      1.15864      0.00000
 65.50000      1.53690      0.00000
 65.51000      2.01761      0.00000
 65.52000      2.57781      0.00000
 65.53000      3.13265      0.00000
 65.54000      3.51182      0.00000
 65.55000      3.53631      0.00000
 65.56000      3.19220      0.00000
 65.57000      2.64732      0.00000
 65.58000      2.08060      0.00000
 65.59000      1.58730      0.00000
 65.60000      1.19594      0.00000
 65.61000      0.90267      0.00000
 65.62000      0.69098      0.00000
 65.63000      0.54122      0.00000
 65.64000      0.43541      0.00000
 65.65000      0.35937      0.00000
 65.66000      0.30309      0.00000
 65.67000      0.25999      0.00000
 65.68000      0.22595      0.00000
 65.69000      0.19842      0.00000
 65.70000      0.17573      0.00000
 65.71000      0.15680      0.00000
 65.72000      0.14087      0.00000
 65.73000      0.12727      0.00000
 65.74000      0.11560      0.00000
 65.75000      0.10552      0.00000
 65.76000      0.09676      0.00000
 65.77000      0.08913      0.00000
 65.78000      0.08239      0.00000
 65.79000      0.07644      0.00000
 65.80000      0.07116      0.00000
 65.81000      0.06645      0.00000
 65.82000      0.06223      0.00000
 65.83000      0.05845      0.00000
 65.84000      0.05504      0.00000
 65.85000      0.05195      0.00000
 65.86000      0.04916      0.00000
 65.87000      0.04662      0.00000
 65.88000      0.04431      0.00000
 65.89000      0.04219      0.00000
 65.90000      0.04026      0.00000
 65.91000      0.03849      0.00000
 65.92000      0.03687      0.00000
 65.93000      0.03537      0.00000
 65.94000      0.03399      0.00000
 65.95000      0.03273      0.00000
 65.96000      0.03156      0.00000
 65.97000      0.03048      0.00000
 65.98000      0.02948      0.00000
 65.99000      0.02856      0.00000
 66.00000      0.02771      0.00000
 66.01000      0.02693      0.00000
 66.02000      0.02620      0.00000
 66.03000      0.02554      0.00000
 66.04000      0.02492      0.00000
 66.05000      0.02436      0.00000
 66.06000      0.02385      0.00000
 66.07000      0.02338      0.00000
 66.08000      0.02296      0.00000
 66.09000      0.02258      0.00000
 66.10000      0.02224      0.00000
 66.11000      0.02194      0.00000
 66.12000      0.02168      0.00000
 66.13000      0.02146      0.00000
 66.14000      0.02128      0.00000
 66.15000      0.02114      0.00000
 66.16000      0.02104      0.00000
 66.17000      0.02098      0.00000
 66.18000      0.02097      0.00000
 66.19000      0.02101      0.00000
 66.20000      0.02109      0.00000
 66.21000      0.02123      0.00000
 66.22000      0.02142      0.00000
 66.23000      0.02168      0.00000
 66.24000      0.02201      0.00000
 66.25000      0.02241      0.00000
 66.26000      0.02290      0.00000
 66.27000      0.02349      0.00000
 66.28000      0.02420      0.00000
 66.29000      0.02498      0.00000
 66.30000      0.02597      0.00000
 66.31000      0.02715      0.00000
 66.32000      0.02854      0.00000
 66.33000      0.03021      0.00000
 66.34000      0.03220      0.00000
 66.35000      0.03459      0.00000
 66.36000      0.03750      0.00000
 66.37000      0.04107      0.00000
 66.38000      0.04555      0.00000
 66.39000      0.05130      0.00000
 66.40000      0.05892      0.00000
 66.41000      0.06934      0.00000
 66.42000      0.08391      0.00000
 66.43000      0.10447      0.00000
 66.44000      0.13323      0.00000
 66.45000      0.17242      0.00000
 66.46000      0.22362      0.00000
 66.47000      0.28635      0.00000
 66.48000      0.35535      0.00000
 66.49000      0.41644      0.00000
 66.50000      0.44733      0.00000
 66.51000      0.43240      0.00000
 66.52000      0.37952      0.00000
 66.53000      0.31113      0.00000
 66.54000      0.24508      0.00000
 66.55000      0.18944      0.00000
 66.56000      0.14601      0.00000
 66.57000      0.11372      0.00000
 66.58000      0.09049      0.00000
 66.59000      0.07402      0.00000
 66.60000      0.06233      0.00000
 66.61000      0.05388      0.00000
 66.62000      0.04758      0.00000
 66.63000      0.04275      0.00000
 66.64000      0.03895      0.00000
 66.65000      0.03588      0.00000
 66.66000      0.03339      0.00000
 66.67000      0.03134      0.00000
 66.68000      0.02964      0.00000
 66.69000      0.02824      0.00000
 66.70000      0.02707      0.00000
 66.71000      0.02611      0.00000
 66.72000      0.02533      0.00000
 66.73000      0.02463      0.00000
 66.74000      0.02412      0.00000
 66.75000      0.02373      0.00000
 66.76000      0.02344      0.00000
 66.77000      0.02325      0.00000
 66.78000      0.02314      0.00000
 66.79000      0.02311      0.00000
 66.80000      0.02316      0.00000
 66.81000      0.02328      0.00000
 66.82000      0.02348      0.00000
 66.83000      0.02375      0.00000
 66.84000      0.02410      0.00000
 66.85000      0.02452      0.00000
 66.86000      0.02501      0.00000
 66.87000      0.02559      0.00000
 66.88000      0.02625      0.00000
 66.89000      0.02701      0.00000
 66.90000      0.02786      0.00000
 66.91000      0.02882      0.00000
 66.92000      0.02989      0.00000
 66.93000      0.03110      0.00000
 66.94000      0.03245      0.00000
 66.95000      0.03396      0.00000
 66.96000      0.03565      0.00000
 66.97000      0.03754      0.00000
 66.98000      0.03967      0.00000
 66.99000      0.04207      0.00000
 67.00000      0.04477      0.00000
 67.01000      0.04784      0.00000
 67.02000      0.05132      0.00000
 67.03000      0.05530      0.00000
 67.04000      0.05987      0.00000
 67.05000      0.06514      0.00000
 67.06000      0.07125      0.00000
 67.07000      0.07840      0.00000
 67.08000      0.08682      0.00000
 67.09000      0.09683      0.00000
 67.10000      0.10888      0.00000
 67.11000      0.12359      0.00000
 67.12000      0.14194      0.00000
 67.13000      0.16546      0.00000
 67.14000      0.19657      0.00000
 67.15000      0.23898      0.00000
 67.16000      0.29807      0.00000
 67.17000      0.38094      0.00000
 67.18000      0.49593      0.00000
 67.19000      0.65116      0.00000
 67.20000      0.85185      0.00000
 67.21000      1.09488      0.00000
 67.22000      1.35801      0.00000
 67.23000      1.58533      0.00000
 67.24000      1.69274      0.00000
 67.25000      1.62676      0.00000
 67.26000      1.42139      0.00000
 67.27000      1.16061      0.00000
 67.28000      0.90974      0.00000
 67.29000      0.69818      0.00000
 67.30000      0.53251      0.00000
 67.31000      0.40890      0.00000
 67.32000      0.31959      0.00000
 67.33000      0.25612      0.00000
 67.34000      0.21101      0.00000
 67.35000      0.17845      0.00000
 67.36000      0.15436      0.00000
 67.37000      0.13605      0.00000
 67.38000      0.12183      0.00000
 67.39000      0.11064      0.00000
 67.40000      0.10184      0.00000
 67.41000      0.09491      0.00000
 67.42000      0.08970      0.00000
 67.43000      0.08596      0.00000
 67.44000      0.08362      0.00000
 67.45000      0.08268      0.00000
 67.46000      0.08325      0.00000
 67.47000      0.08563      0.00000
 67.48000      0.09032      0.00000
 67.49000      0.09818      0.00000
 67.50000      0.11049      0.00000
 67.51000      0.12899      0.00000
 67.52000      0.15575      0.00000
 67.53000      0.19277      0.00000
 67.54000      0.24163      0.00000
 67.55000      0.30179      0.00000
 67.56000      0.36836      0.00000
 67.57000      0.42828      0.00000
 67.58000      0.46045      0.00000
 67.59000      0.44888      0.00000
 67.60000      0.39901      0.00000
 67.61000      0.33167      0.00000
 67.62000      0.26494      0.00000
 67.63000      0.20762      0.00000
 67.64000      0.16211      0.00000
 67.65000      0.12772      0.00000
 67.66000      0.10257      0.00000
 67.67000      0.08449      0.00000
 67.68000      0.07149      0.00000
 67.69000      0.06200      0.00000
 67.70000      0.05488      0.00000
 67.71000      0.04937      0.00000
 67.72000      0.04500      0.00000
 67.73000      0.04145      0.00000
 67.74000      0.03853      0.00000
 67.75000      0.03610      0.00000
 67.76000      0.03407      0.00000
 67.77000      0.03236      0.00000
 67.78000      0.03093      0.00000
 67.79000      0.02974      0.00000
 67.80000      0.02874      0.00000
 67.81000      0.02793      0.00000
 67.82000      0.02727      0.00000
 67.83000      0.02675      0.00000
 67.84000      0.02637      0.00000
 67.85000      0.02612      0.00000
 67.86000      0.02603      0.00000
 67.87000      0.02600      0.00000
 67.88000      0.02610      0.00000
 67.89000      0.02631      0.00000
 67.90000      0.02664      0.00000
 67.91000      0.02709      0.00000
 67.92000      0.02769      0.00000
 67.93000      0.02842      0.00000
 67.94000      0.02932      0.00000
 67.95000      0.03040      0.00000
 67.96000      0.03167      0.00000
 67.97000      0.03318      0.00000
 67.98000      0.03495      0.00000
 67.99000      0.03703      0.00000
 68.00000      0.03947      0.00000
 68.01000      0.04235      0.00000
 68.02000      0.04575      0.00000
 68.03000      0.04978      0.00000
 68.04000      0.05460      0.00000
 68.05000      0.06041      0.00000
 68.06000      0.06750      0.00000
 68.07000      0.07631      0.00000
 68.08000      0.08751      0.00000
 68.09000      0.10217      0.00000
 68.10000      0.12195      0.00000
 68.11000      0.14926      0.00000
 68.12000      0.18741      0.00000
 68.13000      0.24046      0.00000
 68.14000      0.31269      0.00000
 68.15000      0.40760      0.00000
 68.16000      0.52587      0.00000
 68.17000      0.66143      0.00000
 68.18000      0.79448      0.00000
 68.19000      0.88712      0.00000
 68.20000      0.89926      0.00000
 68.21000      0.82462      0.00000
 68.22000      0.69766      0.00000
 68.23000      0.55974      0.00000
 68.24000      0.43556      0.00000
 68.25000      0.33408      0.00000
 68.26000      0.25588      0.00000
 68.27000      0.19796      0.00000
 68.28000      0.15610      0.00000
 68.29000      0.12609      0.00000
 68.30000      0.10441      0.00000
 68.31000      0.08840      0.00000
 68.32000      0.07621      0.00000
 68.33000      0.06665      0.00000
 68.34000      0.05895      0.00000
 68.35000      0.05263      0.00000
 68.36000      0.04735      0.00000
 68.37000      0.04289      0.00000
 68.38000      0.03910      0.00000
 68.39000      0.03584      0.00000
 68.40000      0.03302      0.00000
 68.41000      0.03057      0.00000
 68.42000      0.02836      0.00000
 68.43000      0.02647      0.00000
 68.44000      0.02480      0.00000
 68.45000      0.02331      0.00000
 68.46000      0.02199      0.00000
 68.47000      0.02080      0.00000
 68.48000      0.01973      0.00000
 68.49000      0.01877      0.00000
 68.50000      0.01790      0.00000
 68.51000      0.01711      0.00000
 68.52000      0.01640      0.00000
 68.53000      0.01574      0.00000
 68.54000      0.01515      0.00000
 68.55000      0.01460      0.00000
 68.56000      0.01410      0.00000
 68.57000      0.01364      0.00000
 68.58000      0.01322      0.00000
 68.59000      0.01283      0.00000
 68.60000      0.01248      0.00000
 68.61000      0.01215      0.00000
 68.62000      0.01184      0.00000
 68.63000      0.01156      0.00000
 68.64000      0.01130      0.00000
 68.65000      0.01106      0.00000
 68.66000      0.01084      0.00000
 68.67000      0.01064      0.00000
 68.68000      0.01045      0.00000
 68.69000      0.01028      0.00000
 68.70000      0.01012      0.00000
 68.71000      0.00998      0.00000
 68.72000      0.00985      0.00000
 68.73000      0.00973      0.00000
 68.74000      0.00962      0.00000
 68.75000      0.00952      0.00000
 68.76000      0.00943      0.00000
 68.77000      0.00935      0.00000
 68.78000      0.00928      0.00000
 68.79000      0.00922      0.00000
 68.80000      0.00917      0.00000
 68.81000      0.00913      0.00000
 68.82000      0.00909      0.00000
 68.83000      0.00907      0.00000
 68.84000      0.00905      0.00000
 68.85000      0.00904      0.00000
 68.86000      0.00904      0.00000
 68.87000      0.00905      0.00000
 68.88000      0.00906      0.00000
 68.89000      0.00909      0.00000
 68.90000      0.00912      0.00000
 68.91000      0.00916      0.00000
 68.92000      0.00920      0.00000
 68.93000      0.00926      0.00000
 68.94000      0.00933      0.00000
 68.95000      0.00940      0.00000
 68.96000      0.00949      0.00000
 68.97000      0.00958      0.00000
 68.98000      0.00968      0.00000
 68.99000      0.00980      0.00000
 69.00000      0.00981      0.00000
 69.01000      0.00995      0.00000
 69.02000      0.01010      0.00000
 69.03000      0.01027      0.00000
 69.04000      0.01044      0.00000
 69.05000      0.01064      0.00000
 69.06000      0.01084      0.00000
 69.07000      0.01107      0.00000
 69.08000      0.01131      0.00000
 69.09000      0.01157      0.00000
 69.10000      0.01185      0.00000
 69.11000      0.01216      0.00000
 69.12000      0.01249      0.00000
 69.13000      0.01284      0.00000
 69.14000      0.01322      0.00000
 69.15000      0.01364      0.00000
 69.16000      0.01409      0.00000
 69.17000      0.01458      0.00000
 69.18000      0.01511      0.00000
 69.19000      0.01568      0.00000
 69.20000      0.01631      0.00000
 69.21000      0.01699      0.00000
 69.22000      0.01773      0.00000
 69.23000      0.01855      0.00000
 69.24000      0.01945      0.00000
 69.25000      0.02043      0.00000
 69.26000      0.02152      0.00000
 69.27000      0.02272      0.00000
 69.28000      0.02406      0.00000
 69.29000      0.02555      0.00000
 69.30000      0.02721      0.00000
 69.31000      0.02908      0.00000
 69.32000      0.03119      0.00000
 69.33000      0.03357      0.00000
 69.34000      0.03629      0.00000
 69.35000      0.03941      0.00000
 69.36000      0.04300      0.00000
 69.37000      0.04717      0.00000
 69.38000      0.05204      0.00000
 69.39000      0.05780      0.00000
 69.40000      0.06468      0.00000
 69.41000      0.07303      0.00000
 69.42000      0.08337      0.00000
 69.43000      0.09653      0.00000
 69.44000      0.11373      0.00000
 69.45000      0.13690      0.00000
 69.46000      0.16870      0.00000
 69.47000      0.21263      0.00000
 69.48000      0.27275      0.00000
 69.49000      0.35306      0.00000
 69.50000      0.45633      0.00000
 69.51000      0.58184      0.00000
 69.52000      0.72089      0.00000
 69.53000      0.85012      0.00000
 69.54000      0.93015      0.00000
 69.55000      0.92632      0.00000
 69.56000      0.84096      0.00000
 69.57000      0.71099      0.00000
 69.58000      0.57466      0.00000
 69.59000      0.45362      0.00000
 69.60000      0.35549      0.00000
 69.61000      0.28053      0.00000
 69.62000      0.22588      0.00000
 69.63000      0.18768      0.00000
 69.64000      0.16216      0.00000
 69.65000      0.14639      0.00000
 69.66000      0.13843      0.00000
 69.67000      0.13745      0.00000
 69.68000      0.14355      0.00000
 69.69000      0.15751      0.00000
 69.70000      0.18049      0.00000
 69.71000      0.21346      0.00000
 69.72000      0.25644      0.00000
 69.73000      0.30703      0.00000
 69.74000      0.35784      0.00000
 69.75000      0.39473      0.00000
 69.76000      0.40171      0.00000
 69.77000      0.37413      0.00000
 69.78000      0.32347      0.00000
 69.79000      0.26606      0.00000
 69.80000      0.21276      0.00000
 69.81000      0.16809      0.00000
 69.82000      0.13283      0.00000
 69.83000      0.10608      0.00000
 69.84000      0.08629      0.00000
 69.85000      0.07180      0.00000
 69.86000      0.06115      0.00000
 69.87000      0.05313      0.00000
 69.88000      0.04704      0.00000
 69.89000      0.04219      0.00000
 69.90000      0.03824      0.00000
 69.91000      0.03497      0.00000
 69.92000      0.03222      0.00000
 69.93000      0.02988      0.00000
 69.94000      0.02786      0.00000
 69.95000      0.02612      0.00000
 69.96000      0.02461      0.00000
 69.97000      0.02328      0.00000
 69.98000      0.02212      0.00000
 69.99000      0.02110      0.00000
 70.00000      0.02019      0.00000
 70.01000      0.01939      0.00000
 70.02000      0.01868      0.00000
 70.03000      0.01806      0.00000
 70.04000      0.01750      0.00000
 70.05000      0.01701      0.00000
 70.06000      0.01658      0.00000
 70.07000      0.01621      0.00000
 70.08000      0.01588      0.00000
 70.09000      0.01559      0.00000
 70.10000      0.01535      0.00000
 70.11000      0.01515      0.00000
 70.12000      0.01499      0.00000
 70.13000      0.01486      0.00000
 70.14000      0.01477      0.00000
 70.15000      0.01472      0.00000
 70.16000      0.01469      0.00000
 70.17000      0.01470      0.00000
 70.18000      0.01474      0.00000
 70.19000      0.01482      0.00000
 70.20000      0.01494      0.00000
 70.21000      0.01503      0.00000
 70.22000      0.01521      0.00000
 70.23000      0.01544      0.00000
 70.24000      0.01571      0.00000
 70.25000      0.01602      0.00000
 70.26000      0.01638      0.00000
 70.27000      0.01679      0.00000
 70.28000      0.01726      0.00000
 70.29000      0.01779      0.00000
 70.30000      0.01840      0.00000
 70.31000      0.01907      0.00000
 70.32000      0.01984      0.00000
 70.33000      0.02064      0.00000
 70.34000      0.02161      0.00000
 70.35000      0.02270      0.00000
 70.36000      0.02394      0.00000
 70.37000      0.02534      0.00000
 70.38000      0.02694      0.00000
 70.39000      0.02876      0.00000
 70.40000      0.03084      0.00000
 70.41000      0.03324      0.00000
 70.42000      0.03601      0.00000
 70.43000      0.03923      0.00000
 70.44000      0.04301      0.00000
 70.45000      0.04746      0.00000
 70.46000      0.05277      0.00000
 70.47000      0.05919      0.00000
 70.48000      0.06708      0.00000
 70.49000      0.07702      0.00000
 70.50000      0.08986      0.00000
 70.51000      0.10694      0.00000
 70.52000      0.13018      0.00000
 70.53000      0.16216      0.00000
 70.54000      0.20604      0.00000
 70.55000      0.26525      0.00000
 70.56000      0.34274      0.00000
 70.57000      0.43974      0.00000
 70.58000      0.55326      0.00000
 70.59000      0.67150      0.00000
 70.60000      0.76899      0.00000
 70.61000      0.81138      0.00000
 70.62000      0.77931      0.00000
 70.63000      0.68760      0.00000
 70.64000      0.57027      0.00000
 70.65000      0.45489      0.00000
 70.66000      0.35504      0.00000
 70.67000      0.27465      0.00000
 70.68000      0.21291      0.00000
 70.69000      0.16698      0.00000
 70.70000      0.13346      0.00000
 70.71000      0.10912      0.00000
 70.72000      0.09126      0.00000
 70.73000      0.07788      0.00000
 70.74000      0.06757      0.00000
 70.75000      0.05941      0.00000
 70.76000      0.05278      0.00000
 70.77000      0.04731      0.00000
 70.78000      0.04272      0.00000
 70.79000      0.03883      0.00000
 70.80000      0.03550      0.00000
 70.81000      0.03264      0.00000
 70.82000      0.03016      0.00000
 70.83000      0.02799      0.00000
 70.84000      0.02610      0.00000
 70.85000      0.02443      0.00000
 70.86000      0.02295      0.00000
 70.87000      0.02164      0.00000
 70.88000      0.02048      0.00000
 70.89000      0.01943      0.00000
 70.90000      0.01850      0.00000
 70.91000      0.01766      0.00000
 70.92000      0.01690      0.00000
 70.93000      0.01623      0.00000
 70.94000      0.01562      0.00000
 70.95000      0.01505      0.00000
 70.96000      0.01455      0.00000
 70.97000      0.01408      0.00000
 70.98000      0.01366      0.00000
 70.99000      0.01328      0.00000
 71.00000      0.01294      0.00000
 71.01000      0.01262      0.00000
 71.02000      0.01229      0.00000
 71.03000      0.01203      0.00000
 71.04000      0.01180      0.00000
 71.05000      0.01158      0.00000
 71.06000      0.01139      0.00000
 71.07000      0.01122      0.00000
 71.08000      0.01107      0.00000
 71.09000      0.01093      0.00000
 71.10000      0.01081      0.00000
 71.11000      0.01070      0.00000
 71.12000      0.01061      0.00000
 71.13000      0.01054      0.00000
 71.14000      0.01048      0.00000
 71.15000      0.01043      0.00000
 71.16000      0.01039      0.00000
 71.17000      0.01036      0.00000
 71.18000      0.01035      0.00000
 71.19000      0.01035      0.00000
 71.20000      0.01036      0.00000
 71.21000      0.01038      0.00000
 71.22000      0.01042      0.00000
 71.23000      0.01046      0.00000
 71.24000      0.01052      0.00000
 71.25000      0.01058      0.00000
 71.26000      0.01066      0.00000
 71.27000      0.01075      0.00000
 71.28000      0.01086      0.00000
 71.29000      0.01097      0.00000
 71.30000      0.01110      0.00000
 71.31000      0.01125      0.00000
 71.32000      0.01140      0.00000
 71.33000      0.01157      0.00000
 71.34000      0.01178      0.00000
 71.35000      0.01198      0.00000
 71.36000      0.01220      0.00000
 71.37000      0.01244      0.00000
 71.38000      0.01270      0.00000
 71.39000      0.01298      0.00000
 71.40000      0.01328      0.00000
 71.41000      0.01360      0.00000
 71.42000      0.01395      0.00000
 71.43000      0.01432      0.00000
 71.44000      0.01472      0.00000
 71.45000      0.01516      0.00000
 71.46000      0.01563      0.00000
 71.47000      0.01613      0.00000
 71.48000      0.01668      0.00000
 71.49000      0.01727      0.00000
 71.50000      0.01791      0.00000
 71.51000      0.01860      0.00000
 71.52000      0.01936      0.00000
 71.53000      0.02017      0.00000
 71.54000      0.02107      0.00000
 71.55000      0.02204      0.00000
 71.56000      0.02310      0.00000
 71.57000      0.02427      0.00000
 71.58000      0.02555      0.00000
 71.59000      0.02696      0.00000
 71.60000      0.02852      0.00000
 71.61000      0.03025      0.00000
 71.62000      0.03217      0.00000
 71.63000      0.03431      0.00000
 71.64000      0.03671      0.00000
 71.65000      0.03942      0.00000
 71.66000      0.04247      0.00000
 71.67000      0.04594      0.00000
 71.68000      0.04990      0.00000
 71.69000      0.05445      0.00000
 71.70000      0.05971      0.00000
 71.71000      0.06582      0.00000
 71.72000      0.07300      0.00000
 71.73000      0.08152      0.00000
 71.74000      0.09177      0.00000
 71.75000      0.10435      0.00000
 71.76000      0.12005      0.00000
 71.77000      0.14024      0.00000
 71.78000      0.16690      0.00000
 71.79000      0.20291      0.00000
 71.80000      0.25206      0.00000
 71.81000      0.31905      0.00000
 71.82000      0.40890      0.00000
 71.83000      0.52610      0.00000
 71.84000      0.67280      0.00000
 71.85000      0.84554      0.00000
 71.86000      1.02913      0.00000
 71.87000      1.18915      0.00000
 71.88000      1.27519      0.00000
 71.89000      1.25072      0.00000
 71.90000      1.12682      0.00000
 71.91000      0.95116      0.00000
 71.92000      0.76931      0.00000
 71.93000      0.60684      0.00000
 71.94000      0.47297      0.00000
 71.95000      0.36818      0.00000
 71.96000      0.28901      0.00000
 71.97000      0.23057      0.00000
 71.98000      0.18790      0.00000
 71.99000      0.15664      0.00000
 72.00000      0.13339      0.00000
 72.01000      0.11569      0.00000
 72.02000      0.10185      0.00000
 72.03000      0.09077      0.00000
 72.04000      0.08174      0.00000
 72.05000      0.07426      0.00000
 72.06000      0.06803      0.00000
 72.07000      0.06279      0.00000
 72.08000      0.05838      0.00000
 72.09000      0.05467      0.00000
 72.10000      0.05154      0.00000
 72.11000      0.04891      0.00000
 72.12000      0.04673      0.00000
 72.13000      0.04495      0.00000
 72.14000      0.04353      0.00000
 72.15000      0.04243      0.00000
 72.16000      0.04165      0.00000
 72.17000      0.04118      0.00000
 72.18000      0.04100      0.00000
 72.19000      0.04114      0.00000
 72.20000      0.04159      0.00000
 72.21000      0.04239      0.00000
 72.22000      0.04357      0.00000
 72.23000      0.04518      0.00000
 72.24000      0.04729      0.00000
 72.25000      0.05000      0.00000
 72.26000      0.05344      0.00000
 72.27000      0.05781      0.00000
 72.28000      0.06341      0.00000
 72.29000      0.07072      0.00000
 72.30000      0.08044      0.00000
 72.31000      0.09362      0.00000
 72.32000      0.11171      0.00000
 72.33000      0.13654      0.00000
 72.34000      0.17028      0.00000
 72.35000      0.21505      0.00000
 72.36000      0.27246      0.00000
 72.37000      0.34257      0.00000
 72.38000      0.42202      0.00000
 72.39000      0.50087      0.00000
 72.40000      0.56044      0.00000
 72.41000      0.57910      0.00000
 72.42000      0.54848      0.00000
 72.43000      0.48162      0.00000
 72.44000      0.40068      0.00000
 72.45000      0.32235      0.00000
 72.46000      0.25466      0.00000
 72.47000      0.19989      0.00000
 72.48000      0.15747      0.00000
 72.49000      0.12558      0.00000
 72.50000      0.10205      0.00000
 72.51000      0.08476      0.00000
 72.52000      0.07197      0.00000
 72.53000      0.06231      0.00000
 72.54000      0.05483      0.00000
 72.55000      0.04888      0.00000
 72.56000      0.04404      0.00000
 72.57000      0.04002      0.00000
 72.58000      0.03664      0.00000
 72.59000      0.03377      0.00000
 72.60000      0.03130      0.00000
 72.61000      0.02916      0.00000
 72.62000      0.02731      0.00000
 72.63000      0.02569      0.00000
 72.64000      0.02426      0.00000
 72.65000      0.02300      0.00000
 72.66000      0.02189      0.00000
 72.67000      0.02090      0.00000
 72.68000      0.02001      0.00000
 72.69000      0.01922      0.00000
 72.70000      0.01846      0.00000
 72.71000      0.01782      0.00000
 72.72000      0.01725      0.00000
 72.73000      0.01673      0.00000
 72.74000      0.01626      0.00000
 72.75000      0.01583      0.00000
 72.76000      0.01545      0.00000
 72.77000      0.01511      0.00000
 72.78000      0.01479      0.00000
 72.79000      0.01451      0.00000
 72.80000      0.01426      0.00000
 72.81000      0.01403      0.00000
 72.82000      0.01382      0.00000
 72.83000      0.01364      0.00000
 72.84000      0.01347      0.00000
 72.85000      0.01333      0.00000
 72.86000      0.01320      0.00000
 72.87000      0.01309      0.00000
 72.88000      0.01300      0.00000
 72.89000      0.01291      0.00000
 72.90000      0.01285      0.00000
 72.91000      0.01280      0.00000
 72.92000      0.01276      0.00000
 72.93000      0.01273      0.00000
 72.94000      0.01271      0.00000
 72.95000      0.01271      0.00000
 72.96000      0.01272      0.00000
 72.97000      0.01274      0.00000
 72.98000      0.01277      0.00000
 72.99000      0.01281      0.00000
 73.00000      0.01286      0.00000
 73.01000      0.01292      0.00000
 73.02000      0.01299      0.00000
 73.03000      0.01307      0.00000
 73.04000      0.01316      0.00000
 73.05000      0.01326      0.00000
 73.06000      0.01338      0.00000
 73.07000      0.01350      0.00000
 73.08000      0.01363      0.00000
 73.09000      0.01378      0.00000
 73.10000      0.01394      0.00000
 73.11000      0.01410      0.00000
 73.12000      0.01429      0.00000
 73.13000      0.01443      0.00000
 73.14000      0.01463      0.00000
 73.15000      0.01485      0.00000
 73.16000      0.01509      0.00000
 73.17000      0.01534      0.00000
 73.18000      0.01560      0.00000
 73.19000      0.01588      0.00000
 73.20000      0.01617      0.00000
 73.21000      0.01649      0.00000
 73.22000      0.01682      0.00000
 73.23000      0.01717      0.00000
 73.24000      0.01755      0.00000
 73.25000      0.01794      0.00000
 73.26000      0.01836      0.00000
 73.27000      0.01880      0.00000
 73.28000      0.01927      0.00000
 73.29000      0.01977      0.00000
 73.30000      0.02030      0.00000
 73.31000      0.02086      0.00000
 73.32000      0.02146      0.00000
 73.33000      0.02205      0.00000
 73.34000      0.02273      0.00000
 73.35000      0.02345      0.00000
 73.36000      0.02422      0.00000
 73.37000      0.02505      0.00000
 73.38000      0.02593      0.00000
 73.39000      0.02687      0.00000
 73.40000      0.02789      0.00000
 73.41000      0.02898      0.00000
 73.42000      0.03016      0.00000
 73.43000      0.03144      0.00000
 73.44000      0.03282      0.00000
 73.45000      0.03432      0.00000
 73.46000      0.03595      0.00000
 73.47000      0.03774      0.00000
 73.48000      0.03970      0.00000
 73.49000      0.04181      0.00000
 73.50000      0.04420      0.00000
 73.51000      0.04685      0.00000
 73.52000      0.04983      0.00000
 73.53000      0.05317      0.00000
 73.54000      0.05697      0.00000
 73.55000      0.06133      0.00000
 73.56000      0.06643      0.00000
 73.57000      0.07248      0.00000
 73.58000      0.07983      0.00000
 73.59000      0.08892      0.00000
 73.60000      0.10035      0.00000
 73.61000      0.11482      0.00000
 73.62000      0.13308      0.00000
 73.63000      0.15582      0.00000
 73.64000      0.18345      0.00000
 73.65000      0.21565      0.00000
 73.66000      0.25069      0.00000
 73.67000      0.28445      0.00000
 73.68000      0.31084      0.00000
 73.69000      0.32535      0.00000
 73.70000      0.32970      0.00000
 73.71000      0.33137      0.00000
 73.72000      0.33900      0.00000
 73.73000      0.35977      0.00000
 73.74000      0.39955      0.00000
 73.75000      0.46371      0.00000
 73.76000      0.55733      0.00000
 73.77000      0.68454      0.00000
 73.78000      0.84694      0.00000
 73.79000      1.04039      0.00000
 73.80000      1.24901      0.00000
 73.81000      1.43743      0.00000
 73.82000      1.55212      0.00000
 73.83000      1.54847      0.00000
 73.84000      1.42828      0.00000
 73.85000      1.23800      0.00000
 73.86000      1.03020      0.00000
 73.87000      0.83842      0.00000
 73.88000      0.67702      0.00000
 73.89000      0.54901      0.00000
 73.90000      0.45193      0.00000
 73.91000      0.38105      0.00000
 73.92000      0.33110      0.00000
 73.93000      0.29719      0.00000
 73.94000      0.27537      0.00000
 73.95000      0.26275      0.00000
 73.96000      0.25745      0.00000
 73.97000      0.25848      0.00000
 73.98000      0.26557      0.00000
 73.99000      0.27919      0.00000
 74.00000      0.30058      0.00000
 74.01000      0.33196      0.00000
 74.02000      0.37683      0.00000
 74.03000      0.44012      0.00000
 74.04000      0.52831      0.00000
 74.05000      0.64901      0.00000
 74.06000      0.81012      0.00000
 74.07000      1.01813      0.00000
 74.08000      1.27523      0.00000
 74.09000      1.57377      0.00000
 74.10000      1.88653      0.00000
 74.11000      2.15598      0.00000
 74.12000      2.30107      0.00000
 74.13000      2.26341      0.00000
 74.14000      2.05814      0.00000
 74.15000      1.75960      0.00000
 74.16000      1.44319      0.00000
 74.17000      1.15428      0.00000
 74.18000      0.91124      0.00000
 74.19000      0.71704      0.00000
 74.20000      0.56728      0.00000
 74.21000      0.45457      0.00000
 74.22000      0.37084      0.00000
 74.23000      0.30871      0.00000
 74.24000      0.26211      0.00000
 74.25000      0.22642      0.00000
 74.26000      0.19842      0.00000
 74.27000      0.17589      0.00000
 74.28000      0.15733      0.00000
 74.29000      0.14185      0.00000
 74.30000      0.12874      0.00000
 74.31000      0.11752      0.00000
 74.32000      0.10784      0.00000
 74.33000      0.09944      0.00000
 74.34000      0.09210      0.00000
 74.35000      0.08565      0.00000
 74.36000      0.07997      0.00000
 74.37000      0.07493      0.00000
 74.38000      0.07045      0.00000
 74.39000      0.06645      0.00000
 74.40000      0.06288      0.00000
 74.41000      0.05967      0.00000
 74.42000      0.05678      0.00000
 74.43000      0.05417      0.00000
 74.44000      0.05182      0.00000
 74.45000      0.04969      0.00000
 74.46000      0.04777      0.00000
 74.47000      0.04603      0.00000
 74.48000      0.04445      0.00000
 74.49000      0.04302      0.00000
 74.50000      0.04172      0.00000
 74.51000      0.04055      0.00000
 74.52000      0.03949      0.00000
 74.53000      0.03855      0.00000
 74.54000      0.03769      0.00000
 74.55000      0.03694      0.00000
 74.56000      0.03626      0.00000
 74.57000      0.03567      0.00000
 74.58000      0.03516      0.00000
 74.59000      0.03472      0.00000
 74.60000      0.03436      0.00000
 74.61000      0.03406      0.00000
 74.62000      0.03383      0.00000
 74.63000      0.03367      0.00000
 74.64000      0.03357      0.00000
 74.65000      0.03354      0.00000
 74.66000      0.03357      0.00000
 74.67000      0.03367      0.00000
 74.68000      0.03383      0.00000
 74.69000      0.03407      0.00000
 74.70000      0.03437      0.00000
 74.71000      0.03475      0.00000
 74.72000      0.03521      0.00000
 74.73000      0.03574      0.00000
 74.74000      0.03636      0.00000
 74.75000      0.03707      0.00000
 74.76000      0.03788      0.00000
 74.77000      0.03879      0.00000
 74.78000      0.03981      0.00000
 74.79000      0.04095      0.00000
 74.80000      0.04223      0.00000
 74.81000      0.04366      0.00000
 74.82000      0.04525      0.00000
 74.83000      0.04701      0.00000
 74.84000      0.04898      0.00000
 74.85000      0.05121      0.00000
 74.86000      0.05366      0.00000
 74.87000      0.05639      0.00000
 74.88000      0.05945      0.00000
 74.89000      0.06288      0.00000
 74.90000      0.06674      0.00000
 74.91000      0.07110      0.00000
 74.92000      0.07603      0.00000
 74.93000      0.08164      0.00000
 74.94000      0.08805      0.00000
 74.95000      0.09541      0.00000
 74.96000      0.10391      0.00000
 74.97000      0.11380      0.00000
 74.98000      0.12539      0.00000
 74.99000      0.13914      0.00000
 75.00000      0.15567      0.00000
 75.01000      0.17593      0.00000
 75.02000      0.20131      0.00000
 75.03000      0.23389      0.00000
 75.04000      0.27666      0.00000
 75.05000      0.33372      0.00000
 75.06000      0.41033      0.00000
 75.07000      0.51261      0.00000
 75.08000      0.64690      0.00000
 75.09000      0.81853      0.00000
 75.10000      1.02959      0.00000
 75.11000      1.27500      0.00000
 75.12000      1.53523      0.00000
 75.13000      1.76777      0.00000
 75.14000      1.90946      0.00000
 75.15000      1.90800      0.00000
 75.16000      1.76470      0.00000
 75.17000      1.53338      0.00000
 75.18000      1.27696      0.00000
 75.19000      1.03733      0.00000
 75.20000      0.83354      0.00000
 75.21000      0.67069      0.00000
 75.22000      0.54697      0.00000
 75.23000      0.45756      0.00000
 75.24000      0.39666      0.00000
 75.25000      0.35861      0.00000
 75.26000      0.33825      0.00000
 75.27000      0.33081      0.00000
 75.28000      0.33105      0.00000
 75.29000      0.33250      0.00000
 75.30000      0.32803      0.00000
 75.31000      0.31317      0.00000
 75.32000      0.28909      0.00000
 75.33000      0.26095      0.00000
 75.34000      0.23379      0.00000
 75.35000      0.21062      0.00000
 75.36000      0.19276      0.00000
 75.37000      0.18061      0.00000
 75.38000      0.17425      0.00000
 75.39000      0.17384      0.00000
 75.40000      0.17985      0.00000
 75.41000      0.19321      0.00000
 75.42000      0.21536      0.00000
 75.43000      0.24823      0.00000
 75.44000      0.29391      0.00000
 75.45000      0.35423      0.00000
 75.46000      0.42994      0.00000
 75.47000      0.51927      0.00000
 75.48000      0.61532      0.00000
 75.49000      0.70281      0.00000
 75.50000      0.75837      0.00000
 75.51000      0.76122      0.00000
 75.52000      0.70957      0.00000
 75.53000      0.62222      0.00000
 75.54000      0.52315      0.00000
 75.55000      0.42903      0.00000
 75.56000      0.34776      0.00000
 75.57000      0.28162      0.00000
 75.58000      0.23003      0.00000
 75.59000      0.19111      0.00000
 75.60000      0.16261      0.00000
 75.61000      0.14235      0.00000
 75.62000      0.12855      0.00000
 75.63000      0.11994      0.00000
 75.64000      0.11581      0.00000
 75.65000      0.11590      0.00000
 75.66000      0.12030      0.00000
 75.67000      0.12928      0.00000
 75.68000      0.14312      0.00000
 75.69000      0.16176      0.00000
 75.70000      0.18439      0.00000
 75.71000      0.20859      0.00000
 75.72000      0.22953      0.00000
 75.73000      0.24045      0.00000
 75.74000      0.23627      0.00000
 75.75000      0.21771      0.00000
 75.76000      0.19060      0.00000
 75.77000      0.16139      0.00000
 75.78000      0.13419      0.00000
 75.79000      0.11083      0.00000
 75.80000      0.09174      0.00000
 75.81000      0.07664      0.00000
 75.82000      0.06497      0.00000
 75.83000      0.05604      0.00000
 75.84000      0.04921      0.00000
 75.85000      0.04393      0.00000
 75.86000      0.03977      0.00000
 75.87000      0.03642      0.00000
 75.88000      0.03365      0.00000
 75.89000      0.03132      0.00000
 75.90000      0.02932      0.00000
 75.91000      0.02759      0.00000
 75.92000      0.02607      0.00000
 75.93000      0.02473      0.00000
 75.94000      0.02354      0.00000
 75.95000      0.02248      0.00000
 75.96000      0.02153      0.00000
 75.97000      0.02067      0.00000
 75.98000      0.01991      0.00000
 75.99000      0.01922      0.00000
 76.00000      0.01859      0.00000
 76.01000      0.01803      0.00000
 76.02000      0.01753      0.00000
 76.03000      0.01708      0.00000
 76.04000      0.01668      0.00000
 76.05000      0.01633      0.00000
 76.06000      0.01602      0.00000
 76.07000      0.01576      0.00000
 76.08000      0.01555      0.00000
 76.09000      0.01538      0.00000
 76.10000      0.01526      0.00000
 76.11000      0.01518      0.00000
 76.12000      0.01517      0.00000
 76.13000      0.01521      0.00000
 76.14000      0.01532      0.00000
 76.15000      0.01551      0.00000
 76.16000      0.01578      0.00000
 76.17000      0.01617      0.00000
 76.18000      0.01673      0.00000
 76.19000      0.01743      0.00000
 76.20000      0.01838      0.00000
 76.21000      0.01966      0.00000
 76.22000      0.02140      0.00000
 76.23000      0.02379      0.00000
 76.24000      0.02705      0.00000
 76.25000      0.03145      0.00000
 76.26000      0.03726      0.00000
 76.27000      0.04472      0.00000
 76.28000      0.05393      0.00000
 76.29000      0.06472      0.00000
 76.30000      0.07634      0.00000
 76.31000      0.08709      0.00000
 76.32000      0.09431      0.00000
 76.33000      0.09546      0.00000
 76.34000      0.09005      0.00000
 76.35000      0.08004      0.00000
 76.36000      0.06825      0.00000
 76.37000      0.05679      0.00000
 76.38000      0.04671      0.00000
 76.39000      0.03837      0.00000
 76.40000      0.03174      0.00000
 76.41000      0.02662      0.00000
 76.42000      0.02273      0.00000
 76.43000      0.01981      0.00000
 76.44000      0.01761      0.00000
 76.45000      0.01593      0.00000
 76.46000      0.01461      0.00000
 76.47000      0.01352      0.00000
 76.48000      0.01267      0.00000
 76.49000      0.01196      0.00000
 76.50000      0.01136      0.00000
 76.51000      0.01085      0.00000
 76.52000      0.01041      0.00000
 76.53000      0.01003      0.00000
 76.54000      0.00971      0.00000
 76.55000      0.00943      0.00000
 76.56000      0.00920      0.00000
 76.57000      0.00901      0.00000
 76.58000      0.00886      0.00000
 76.59000      0.00875      0.00000
 76.60000      0.00869      0.00000
 76.61000      0.00866      0.00000
 76.62000      0.00869      0.00000
 76.63000      0.00874      0.00000
 76.64000      0.00882      0.00000
 76.65000      0.00887      0.00000
 76.66000      0.00887      0.00000
 76.67000      0.00879      0.00000
 76.68000      0.00861      0.00000
 76.69000      0.00839      0.00000
 76.70000      0.00817      0.00000
 76.71000      0.00797      0.00000
 76.72000      0.00779      0.00000
 76.73000      0.00767      0.00000
 76.74000      0.00756      0.00000
 76.75000      0.00748      0.00000
 76.76000      0.00743      0.00000
 76.77000      0.00740      0.00000
 76.78000      0.00738      0.00000
 76.79000      0.00738      0.00000
 76.80000      0.00739      0.00000
 76.81000      0.00741      0.00000
 76.82000      0.00744      0.00000
 76.83000      0.00748      0.00000
 76.84000      0.00753      0.00000
 76.85000      0.00758      0.00000
 76.86000      0.00765      0.00000
 76.87000      0.00772      0.00000
 76.88000      0.00781      0.00000
 76.89000      0.00790      0.00000
 76.90000      0.00800      0.00000
 76.91000      0.00812      0.00000
 76.92000      0.00824      0.00000
 76.93000      0.00838      0.00000
 76.94000      0.00852      0.00000
 76.95000      0.00868      0.00000
 76.96000      0.00885      0.00000
 76.97000      0.00904      0.00000
 76.98000      0.00924      0.00000
 76.99000      0.00946      0.00000
 77.00000      0.00970      0.00000
 77.01000      0.00996      0.00000
 77.02000      0.01023      0.00000
 77.03000      0.01053      0.00000
 77.04000      0.01085      0.00000
 77.05000      0.01120      0.00000
 77.06000      0.01158      0.00000
 77.07000      0.01200      0.00000
 77.08000      0.01244      0.00000
 77.09000      0.01293      0.00000
 77.10000      0.01346      0.00000
 77.11000      0.01403      0.00000
 77.12000      0.01467      0.00000
 77.13000      0.01536      0.00000
 77.14000      0.01611      0.00000
 77.15000      0.01695      0.00000
 77.16000      0.01786      0.00000
 77.17000      0.01888      0.00000
 77.18000      0.02000      0.00000
 77.19000      0.02125      0.00000
 77.20000      0.02264      0.00000
 77.21000      0.02420      0.00000
 77.22000      0.02596      0.00000
 77.23000      0.02794      0.00000
 77.24000      0.03018      0.00000
 77.25000      0.03273      0.00000
 77.26000      0.03566      0.00000
 77.27000      0.03903      0.00000
 77.28000      0.04294      0.00000
 77.29000      0.04753      0.00000
 77.30000      0.05298      0.00000
 77.31000      0.05953      0.00000
 77.32000      0.06756      0.00000
 77.33000      0.07764      0.00000
 77.34000      0.09055      0.00000
 77.35000      0.10742      0.00000
 77.36000      0.12973      0.00000
 77.37000      0.15934      0.00000
 77.38000      0.19835      0.00000
 77.39000      0.24888      0.00000
 77.40000      0.31267      0.00000
 77.41000      0.39034      0.00000
 77.42000      0.48006      0.00000
 77.43000      0.57534      0.00000
 77.44000      0.66236      0.00000
 77.45000      0.72073      0.00000
 77.46000      0.73253      0.00000
 77.47000      0.69515      0.00000
 77.48000      0.62250      0.00000
 77.49000      0.53351      0.00000
 77.50000      0.44295      0.00000
 77.51000      0.35982      0.00000
 77.52000      0.28850      0.00000
 77.53000      0.23025      0.00000
 77.54000      0.18426      0.00000
 77.55000      0.14882      0.00000
 77.56000      0.12187      0.00000
 77.57000      0.10147      0.00000
 77.58000      0.08594      0.00000
 77.59000      0.07396      0.00000
 77.60000      0.06454      0.00000
 77.61000      0.05699      0.00000
 77.62000      0.05082      0.00000
 77.63000      0.04567      0.00000
 77.64000      0.04133      0.00000
 77.65000      0.03762      0.00000
 77.66000      0.03442      0.00000
 77.67000      0.03165      0.00000
 77.68000      0.02923      0.00000
 77.69000      0.02711      0.00000
 77.70000      0.02524      0.00000
 77.71000      0.02359      0.00000
 77.72000      0.02213      0.00000
 77.73000      0.02083      0.00000
 77.74000      0.01962      0.00000
 77.75000      0.01859      0.00000
 77.76000      0.01766      0.00000
 77.77000      0.01684      0.00000
 77.78000      0.01610      0.00000
 77.79000      0.01544      0.00000
 77.80000      0.01486      0.00000
 77.81000      0.01435      0.00000
 77.82000      0.01390      0.00000
 77.83000      0.01351      0.00000
 77.84000      0.01318      0.00000
 77.85000      0.01291      0.00000
 77.86000      0.01269      0.00000
 77.87000      0.01253      0.00000
 77.88000      0.01244      0.00000
 77.89000      0.01240      0.00000
 77.90000      0.01244      0.00000
 77.91000      0.01255      0.00000
 77.92000      0.01275      0.00000
 77.93000      0.01310      0.00000
 77.94000      0.01354      0.00000
 77.95000      0.01414      0.00000
 77.96000      0.01497      0.00000
 77.97000      0.01610      0.00000
 77.98000      0.01764      0.00000
 77.99000      0.01975      0.00000
 78.00000      0.02261      0.00000
 78.01000      0.02644      0.00000
 78.02000      0.03147      0.00000
 78.03000      0.03790      0.00000
 78.04000      0.04581      0.00000
 78.05000      0.05508      0.00000
 78.06000      0.06517      0.00000
 78.07000      0.07479      0.00000
 78.08000      0.08185      0.00000
 78.09000      0.08413      0.00000
 78.10000      0.08074      0.00000
 78.11000      0.07289      0.00000
 78.12000      0.06285      0.00000
 78.13000      0.05262      0.00000
 78.14000      0.04334      0.00000
 78.15000      0.03545      0.00000
 78.16000      0.02909      0.00000
 78.17000      0.02405      0.00000
 78.18000      0.02017      0.00000
 78.19000      0.01722      0.00000
 78.20000      0.01499      0.00000
 78.21000      0.01328      0.00000
 78.22000      0.01196      0.00000
 78.23000      0.01091      0.00000
 78.24000      0.01007      0.00000
 78.25000      0.00937      0.00000
 78.26000      0.00879      0.00000
 78.27000      0.00829      0.00000
 78.28000      0.00786      0.00000
 78.29000      0.00749      0.00000
 78.30000      0.00717      0.00000
 78.31000      0.00690      0.00000
 78.32000      0.00665      0.00000
 78.33000      0.00648      0.00000
 78.34000      0.00629      0.00000
 78.35000      0.00613      0.00000
 78.36000      0.00599      0.00000
 78.37000      0.00587      0.00000
 78.38000      0.00577      0.00000
 78.39000      0.00568      0.00000
 78.40000      0.00560      0.00000
 78.41000      0.00555      0.00000
 78.42000      0.00550      0.00000
 78.43000      0.00547      0.00000
 78.44000      0.00545      0.00000
 78.45000      0.00544      0.00000
 78.46000      0.00545      0.00000
 78.47000      0.00547      0.00000
 78.48000      0.00551      0.00000
 78.49000      0.00556      0.00000
 78.50000      0.00562      0.00000
 78.51000      0.00571      0.00000
 78.52000      0.00581      0.00000
 78.53000      0.00593      0.00000
 78.54000      0.00607      0.00000
 78.55000      0.00624      0.00000
 78.56000      0.00644      0.00000
 78.57000      0.00668      0.00000
 78.58000      0.00695      0.00000
 78.59000      0.00726      0.00000
 78.60000      0.00763      0.00000
 78.61000      0.00806      0.00000
 78.62000      0.00857      0.00000
 78.63000      0.00918      0.00000
 78.64000      0.00992      0.00000
 78.65000      0.01082      0.00000
 78.66000      0.01195      0.00000
 78.67000      0.01338      0.00000
 78.68000      0.01524      0.00000
 78.69000      0.01765      0.00000
 78.70000      0.02080      0.00000
 78.71000      0.02485      0.00000
 78.72000      0.03000      0.00000
 78.73000      0.03637      0.00000
 78.74000      0.04398      0.00000
 78.75000      0.05264      0.00000
 78.76000      0.06170      0.00000
 78.77000      0.06996      0.00000
 78.78000      0.07581      0.00000
 78.79000      0.07825      0.00000
 78.80000      0.07771      0.00000
 78.81000      0.07580      0.00000
 78.82000      0.07422      0.00000
 78.83000      0.07392      0.00000
 78.84000      0.07490      0.00000
 78.85000      0.07624      0.00000
 78.86000      0.07632      0.00000
 78.87000      0.07359      0.00000
 78.88000      0.06766      0.00000
 78.89000      0.05954      0.00000
 78.90000      0.05070      0.00000
 78.91000      0.04231      0.00000
 78.92000      0.03493      0.00000
 78.93000      0.02877      0.00000
 78.94000      0.02379      0.00000
 78.95000      0.01985      0.00000
 78.96000      0.01679      0.00000
 78.97000      0.01443      0.00000
 78.98000      0.01261      0.00000
 78.99000      0.01119      0.00000
 79.00000      0.01006      0.00000
 79.01000      0.00915      0.00000
 79.02000      0.00840      0.00000
 79.03000      0.00777      0.00000
 79.04000      0.00723      0.00000
 79.05000      0.00677      0.00000
 79.06000      0.00637      0.00000
 79.07000      0.00602      0.00000
 79.08000      0.00571      0.00000
 79.09000      0.00544      0.00000
 79.10000      0.00519      0.00000
 79.11000      0.00498      0.00000
 79.12000      0.00478      0.00000
 79.13000      0.00465      0.00000
 79.14000      0.00449      0.00000
 79.15000      0.00435      0.00000
 79.16000      0.00423      0.00000
 79.17000      0.00411      0.00000
 79.18000      0.00401      0.00000
 79.19000      0.00392      0.00000
 79.20000      0.00383      0.00000
 79.21000      0.00375      0.00000
 79.22000      0.00369      0.00000
 79.23000      0.00362      0.00000
 79.24000      0.00357      0.00000
 79.25000      0.00350      0.00000
 79.26000      0.00345      0.00000
 79.27000      0.00341      0.00000
 79.28000      0.00338      0.00000
 79.29000      0.00335      0.00000
 79.30000      0.00332      0.00000
 79.31000      0.00330      0.00000
 79.32000      0.00328      0.00000
 79.33000      0.00327      0.00000
 79.34000      0.00326      0.00000
 79.35000      0.00325      0.00000
 79.36000      0.00325      0.00000
 79.37000      0.00325      0.00000
 79.38000      0.00326      0.00000
 79.39000      0.00327      0.00000
 79.40000      0.00329      0.00000
 79.41000      0.00330      0.00000
 79.42000      0.00333      0.00000
 79.43000      0.00336      0.00000
 79.44000      0.00339      0.00000
 79.45000      0.00344      0.00000
 79.46000      0.00348      0.00000
 79.47000      0.00354      0.00000
 79.48000      0.00360      0.00000
 79.49000      0.00368      0.00000
 79.50000      0.00376      0.00000
 79.51000      0.00385      0.00000
 79.52000      0.00396      0.00000
 79.53000      0.00408      0.00000
 79.54000      0.00421      0.00000
 79.55000      0.00437      0.00000
 79.56000      0.00455      0.00000
 79.57000      0.00475      0.00000
 79.58000      0.00499      0.00000
 79.59000      0.00526      0.00000
 79.60000      0.00558      0.00000
 79.61000      0.00597      0.00000
 79.62000      0.00642      0.00000
 79.63000      0.00696      0.00000
 79.64000      0.00764      0.00000
 79.65000      0.00849      0.00000
 79.66000      0.00958      0.00000
 79.67000      0.01101      0.00000
 79.68000      0.01289      0.00000
 79.69000      0.01535      0.00000
 79.70000      0.01855      0.00000
 79.71000      0.02261      0.00000
 79.72000      0.02762      0.00000
 79.73000      0.03361      0.00000
 79.74000      0.04037      0.00000
 79.75000      0.04734      0.00000
 79.76000      0.05346      0.00000
 79.77000      0.05723      0.00000
 79.78000      0.05745      0.00000
 79.79000      0.05404      0.00000
 79.80000      0.04812      0.00000
 79.81000      0.04120      0.00000
 79.82000      0.03440      0.00000
 79.83000      0.02832      0.00000
 79.84000      0.02320      0.00000
 79.85000      0.01906      0.00000
 79.86000      0.01580      0.00000
 79.87000      0.01328      0.00000
 79.88000      0.01137      0.00000
 79.89000      0.00992      0.00000
 79.90000      0.00882      0.00000
 79.91000      0.00797      0.00000
 79.92000      0.00731      0.00000
 79.93000      0.00677      0.00000
 79.94000      0.00634      0.00000
 79.95000      0.00599      0.00000
 79.96000      0.00569      0.00000
 79.97000      0.00544      0.00000
 79.98000      0.00523      0.00000
 79.99000      0.00506      0.00000
 80.00000      0.00491      0.00000
 80.01000      0.00479      0.00000
 80.02000      0.00469      0.00000
 80.03000      0.00461      0.00000
 80.04000      0.00454      0.00000
 80.05000      0.00449      0.00000
 80.06000      0.00446      0.00000
 80.07000      0.00444      0.00000
 80.08000      0.00443      0.00000
 80.09000      0.00444      0.00000
 80.10000      0.00446      0.00000
 80.11000      0.00449      0.00000
 80.12000      0.00456      0.00000
 80.13000      0.00462      0.00000
 80.14000      0.00469      0.00000
 80.15000      0.00478      0.00000
 80.16000      0.00488      0.00000
 80.17000      0.00500      0.00000
 80.18000      0.00514      0.00000
 80.19000      0.00531      0.00000
 80.20000      0.00550      0.00000
 80.21000      0.00573      0.00000
 80.22000      0.00599      0.00000
 80.23000      0.00631      0.00000
 80.24000      0.00668      0.00000
 80.25000      0.00714      0.00000
 80.26000      0.00770      0.00000
 80.27000      0.00841      0.00000
 80.28000      0.00932      0.00000
 80.29000      0.01050      0.00000
 80.30000      0.01204      0.00000
 80.31000      0.01404      0.00000
 80.32000      0.01662      0.00000
 80.33000      0.01988      0.00000
 80.34000      0.02386      0.00000
 80.35000      0.02856      0.00000
 80.36000      0.03379      0.00000
 80.37000      0.03911      0.00000
 80.38000      0.04364      0.00000
 80.39000      0.04628      0.00000
 80.40000      0.04620      0.00000
 80.41000      0.04344      0.00000
 80.42000      0.03890      0.00000
 80.43000      0.03369      0.00000
 80.44000      0.02862      0.00000
 80.45000      0.02411      0.00000
 80.46000      0.02029      0.00000
 80.47000      0.01725      0.00000
 80.48000      0.01488      0.00000
 80.49000      0.01307      0.00000
 80.50000      0.01173      0.00000
 80.51000      0.01073      0.00000
 80.52000      0.00997      0.00000
 80.53000      0.00945      0.00000
 80.54000      0.00907      0.00000
 80.55000      0.00881      0.00000
 80.56000      0.00864      0.00000
 80.57000      0.00854      0.00000
 80.58000      0.00850      0.00000
 80.59000      0.00851      0.00000
 80.60000      0.00857      0.00000
 80.61000      0.00867      0.00000
 80.62000      0.00881      0.00000
 80.63000      0.00900      0.00000
 80.64000      0.00923      0.00000
 80.65000      0.00950      0.00000
 80.66000      0.00982      0.00000
 80.67000      0.01020      0.00000
 80.68000      0.01062      0.00000
 80.69000      0.01111      0.00000
 80.70000      0.01166      0.00000
 80.71000      0.01230      0.00000
 80.72000      0.01301      0.00000
 80.73000      0.01384      0.00000
 80.74000      0.01477      0.00000
 80.75000      0.01585      0.00000
 80.76000      0.01709      0.00000
 80.77000      0.01853      0.00000
 80.78000      0.02022      0.00000
 80.79000      0.02221      0.00000
 80.80000      0.02461      0.00000
 80.81000      0.02754      0.00000
 80.82000      0.03120      0.00000
 80.83000      0.03584      0.00000
 80.84000      0.04185      0.00000
 80.85000      0.04968      0.00000
 80.86000      0.05991      0.00000
 80.87000      0.07318      0.00000
 80.88000      0.09013      0.00000
 80.89000      0.11129      0.00000
 80.90000      0.13690      0.00000
 80.91000      0.16656      0.00000
 80.92000      0.19871      0.00000
 80.93000      0.22986      0.00000
 80.94000      0.25422      0.00000
 80.95000      0.26520      0.00000
 80.96000      0.25918      0.00000
 80.97000      0.23822      0.00000
 80.98000      0.20846      0.00000
 80.99000      0.17621      0.00000
 81.00000      0.14567      0.00000
 81.01000      0.11888      0.00000
 81.02000      0.09652      0.00000
 81.03000      0.07848      0.00000
 81.04000      0.06431      0.00000
 81.05000      0.05337      0.00000
 81.06000      0.04501      0.00000
 81.07000      0.03865      0.00000
 81.08000      0.03378      0.00000
 81.09000      0.02999      0.00000
 81.10000      0.02701      0.00000
 81.11000      0.02461      0.00000
 81.12000      0.02265      0.00000
 81.13000      0.02103      0.00000
 81.14000      0.01967      0.00000
 81.15000      0.01856      0.00000
 81.16000      0.01760      0.00000
 81.17000      0.01680      0.00000
 81.18000      0.01614      0.00000
 81.19000      0.01558      0.00000
 81.20000      0.01513      0.00000
 81.21000      0.01477      0.00000
 81.22000      0.01449      0.00000
 81.23000      0.01430      0.00000
 81.24000      0.01417      0.00000
 81.25000      0.01412      0.00000
 81.26000      0.01414      0.00000
 81.27000      0.01423      0.00000
 81.28000      0.01440      0.00000
 81.29000      0.01464      0.00000
 81.30000      0.01496      0.00000
 81.31000      0.01538      0.00000
 81.32000      0.01594      0.00000
 81.33000      0.01659      0.00000
 81.34000      0.01738      0.00000
 81.35000      0.01836      0.00000
 81.36000      0.01958      0.00000
 81.37000      0.02110      0.00000
 81.38000      0.02302      0.00000
 81.39000      0.02545      0.00000
 81.40000      0.02854      0.00000
 81.41000      0.03246      0.00000
 81.42000      0.03741      0.00000
 81.43000      0.04357      0.00000
 81.44000      0.05112      0.00000
 81.45000      0.06011      0.00000
 81.46000      0.07040      0.00000
 81.47000      0.08148      0.00000
 81.48000      0.09256      0.00000
 81.49000      0.10292      0.00000
 81.50000      0.11245      0.00000
 81.51000      0.12147      0.00000
 81.52000      0.12994      0.00000
 81.53000      0.13669      0.00000
 81.54000      0.13951      0.00000
 81.55000      0.13639      0.00000
 81.56000      0.12715      0.00000
 81.57000      0.11371      0.00000
 81.58000      0.09871      0.00000
 81.59000      0.08420      0.00000
 81.60000      0.07132      0.00000
 81.61000      0.06049      0.00000
 81.62000      0.05172      0.00000
 81.63000      0.04483      0.00000
 81.64000      0.03956      0.00000
 81.65000      0.03562      0.00000
 81.66000      0.03273      0.00000
 81.67000      0.03065      0.00000
 81.68000      0.02918      0.00000
 81.69000      0.02820      0.00000
 81.70000      0.02758      0.00000
 81.71000      0.02726      0.00000
 81.72000      0.02719      0.00000
 81.73000      0.02734      0.00000
 81.74000      0.02769      0.00000
 81.75000      0.02824      0.00000
 81.76000      0.02897      0.00000
 81.77000      0.02990      0.00000
 81.78000      0.03102      0.00000
 81.79000      0.03236      0.00000
 81.80000      0.03394      0.00000
 81.81000      0.03577      0.00000
 81.82000      0.03789      0.00000
 81.83000      0.04034      0.00000
 81.84000      0.04317      0.00000
 81.85000      0.04644      0.00000
 81.86000      0.05022      0.00000
 81.87000      0.05463      0.00000
 81.88000      0.05980      0.00000
 81.89000      0.06593      0.00000
 81.90000      0.07326      0.00000
 81.91000      0.08218      0.00000
 81.92000      0.09321      0.00000
 81.93000      0.10708      0.00000
 81.94000      0.12480      0.00000
 81.95000      0.14765      0.00000
 81.96000      0.17723      0.00000
 81.97000      0.21538      0.00000
 81.98000      0.26406      0.00000
 81.99000      0.32511      0.00000
 82.00000      0.39983      0.00000
 82.01000      0.48818      0.00000
 82.02000      0.58745      0.00000
 82.03000      0.69027      0.00000
 82.04000      0.78251      0.00000
 82.05000      0.84420      0.00000
 82.06000      0.85733      0.00000
 82.07000      0.81753      0.00000
 82.08000      0.73741      0.00000
 82.09000      0.63743      0.00000
 82.10000      0.53508      0.00000
 82.11000      0.44085      0.00000
 82.12000      0.35948      0.00000
 82.13000      0.29217      0.00000
 82.14000      0.23824      0.00000
 82.15000      0.19612      0.00000
 82.16000      0.16390      0.00000
 82.17000      0.13968      0.00000
 82.18000      0.12174      0.00000
 82.19000      0.10868      0.00000
 82.20000      0.09943      0.00000
 82.21000      0.09317      0.00000
 82.22000      0.08929      0.00000
 82.23000      0.08725      0.00000
 82.24000      0.08646      0.00000
 82.25000      0.08611      0.00000
 82.26000      0.08522      0.00000
 82.27000      0.08284      0.00000
 82.28000      0.07860      0.00000
 82.29000      0.07289      0.00000
 82.30000      0.06655      0.00000
 82.31000      0.06030      0.00000
 82.32000      0.05471      0.00000
 82.33000      0.04996      0.00000
 82.34000      0.04611      0.00000
 82.35000      0.04314      0.00000
 82.36000      0.04102      0.00000
 82.37000      0.03971      0.00000
 82.38000      0.03917      0.00000
 82.39000      0.03945      0.00000
 82.40000      0.04062      0.00000
 82.41000      0.04282      0.00000
 82.42000      0.04625      0.00000
 82.43000      0.05115      0.00000
 82.44000      0.05777      0.00000
 82.45000      0.06635      0.00000
 82.46000      0.07699      0.00000
 82.47000      0.08961      0.00000
 82.48000      0.10370      0.00000
 82.49000      0.11795      0.00000
 82.50000      0.13017      0.00000
 82.51000      0.13752      0.00000
 82.52000      0.13789      0.00000
 82.53000      0.13127      0.00000
 82.54000      0.11996      0.00000
 82.55000      0.10674      0.00000
 82.56000      0.09377      0.00000
 82.57000      0.08214      0.00000
 82.58000      0.07211      0.00000
 82.59000      0.06344      0.00000
 82.60000      0.05575      0.00000
 82.61000      0.04884      0.00000
 82.62000      0.04270      0.00000
 82.63000      0.03738      0.00000
 82.64000      0.03288      0.00000
 82.65000      0.02916      0.00000
 82.66000      0.02611      0.00000
 82.67000      0.02362      0.00000
 82.68000      0.02158      0.00000
 82.69000      0.01993      0.00000
 82.70000      0.01857      0.00000
 82.71000      0.01745      0.00000
 82.72000      0.01653      0.00000
 82.73000      0.01576      0.00000
 82.74000      0.01511      0.00000
 82.75000      0.01456      0.00000
 82.76000      0.01410      0.00000
 82.77000      0.01370      0.00000
 82.78000      0.01337      0.00000
 82.79000      0.01309      0.00000
 82.80000      0.01286      0.00000
 82.81000      0.01268      0.00000
 82.82000      0.01253      0.00000
 82.83000      0.01242      0.00000
 82.84000      0.01235      0.00000
 82.85000      0.01232      0.00000
 82.86000      0.01231      0.00000
 82.87000      0.01235      0.00000
 82.88000      0.01236      0.00000
 82.89000      0.01246      0.00000
 82.90000      0.01259      0.00000
 82.91000      0.01276      0.00000
 82.92000      0.01297      0.00000
 82.93000      0.01322      0.00000
 82.94000      0.01350      0.00000
 82.95000      0.01384      0.00000
 82.96000      0.01422      0.00000
 82.97000      0.01466      0.00000
 82.98000      0.01516      0.00000
 82.99000      0.01572      0.00000
 83.00000      0.01635      0.00000
 83.01000      0.01708      0.00000
 83.02000      0.01789      0.00000
 83.03000      0.01882      0.00000
 83.04000      0.01987      0.00000
 83.05000      0.02107      0.00000
 83.06000      0.02243      0.00000
 83.07000      0.02399      0.00000
 83.08000      0.02578      0.00000
 83.09000      0.02785      0.00000
 83.10000      0.03027      0.00000
 83.11000      0.03312      0.00000
 83.12000      0.03653      0.00000
 83.13000      0.04066      0.00000
 83.14000      0.04577      0.00000
 83.15000      0.05220      0.00000
 83.16000      0.06041      0.00000
 83.17000      0.07100      0.00000
 83.18000      0.08473      0.00000
 83.19000      0.10242      0.00000
 83.20000      0.12498      0.00000
 83.21000      0.15319      0.00000
 83.22000      0.18760      0.00000
 83.23000      0.22816      0.00000
 83.24000      0.27371      0.00000
 83.25000      0.32111      0.00000
 83.26000      0.36436      0.00000
 83.27000      0.39479      0.00000
 83.28000      0.40409      0.00000
 83.29000      0.38932      0.00000
 83.30000      0.35505      0.00000
 83.31000      0.31012      0.00000
 83.32000      0.26273      0.00000
 83.33000      0.21817      0.00000
 83.34000      0.17902      0.00000
 83.35000      0.14612      0.00000
 83.36000      0.11934      0.00000
 83.37000      0.09805      0.00000
 83.38000      0.08142      0.00000
 83.39000      0.06856      0.00000
 83.40000      0.05866      0.00000
 83.41000      0.05099      0.00000
 83.42000      0.04499      0.00000
 83.43000      0.04022      0.00000
 83.44000      0.03638      0.00000
 83.45000      0.03322      0.00000
 83.46000      0.03060      0.00000
 83.47000      0.02840      0.00000
 83.48000      0.02654      0.00000
 83.49000      0.02498      0.00000
 83.50000      0.02368      0.00000
 83.51000      0.02257      0.00000
 83.52000      0.02166      0.00000
 83.53000      0.02092      0.00000
 83.54000      0.02034      0.00000
 83.55000      0.01991      0.00000
 83.56000      0.01964      0.00000
 83.57000      0.01953      0.00000
 83.58000      0.01958      0.00000
 83.59000      0.01981      0.00000
 83.60000      0.02026      0.00000
 83.61000      0.02096      0.00000
 83.62000      0.02199      0.00000
 83.63000      0.02344      0.00000
 83.64000      0.02544      0.00000
 83.65000      0.02816      0.00000
 83.66000      0.03180      0.00000
 83.67000      0.03658      0.00000
 83.68000      0.04273      0.00000
 83.69000      0.05042      0.00000
 83.70000      0.05978      0.00000
 83.71000      0.07071      0.00000
 83.72000      0.08277      0.00000
 83.73000      0.09497      0.00000
 83.74000      0.10552      0.00000
 83.75000      0.11206      0.00000
 83.76000      0.11271      0.00000
 83.77000      0.10720      0.00000
 83.78000      0.09711      0.00000
 83.79000      0.08482      0.00000
 83.80000      0.07227      0.00000
 83.81000      0.06068      0.00000
 83.82000      0.05059      0.00000
 83.83000      0.04214      0.00000
 83.84000      0.03527      0.00000
 83.85000      0.02981      0.00000
 83.86000      0.02552      0.00000
 83.87000      0.02219      0.00000
 83.88000      0.01960      0.00000
 83.89000      0.01757      0.00000
 83.90000      0.01596      0.00000
 83.91000      0.01466      0.00000
 83.92000      0.01360      0.00000
 83.93000      0.01271      0.00000
 83.94000      0.01195      0.00000
 83.95000      0.01130      0.00000
 83.96000      0.01074      0.00000
 83.97000      0.01025      0.00000
 83.98000      0.00982      0.00000
 83.99000      0.00944      0.00000
 84.00000      0.00910      0.00000
 84.01000      0.00880      0.00000
 84.02000      0.00854      0.00000
 84.03000      0.00830      0.00000
 84.04000      0.00809      0.00000
 84.05000      0.00790      0.00000
 84.06000      0.00774      0.00000
 84.07000      0.00758      0.00000
 84.08000      0.00745      0.00000
 84.09000      0.00733      0.00000
 84.10000      0.00723      0.00000
 84.11000      0.00714      0.00000
 84.12000      0.00706      0.00000
 84.13000      0.00699      0.00000
 84.14000      0.00693      0.00000
 84.15000      0.00688      0.00000
 84.16000      0.00684      0.00000
 84.17000      0.00681      0.00000
 84.18000      0.00682      0.00000
 84.19000      0.00680      0.00000
 84.20000      0.00680      0.00000
 84.21000      0.00680      0.00000
 84.22000      0.00680      0.00000
 84.23000      0.00682      0.00000
 84.24000      0.00684      0.00000
 84.25000      0.00687      0.00000
 84.26000      0.00691      0.00000
 84.27000      0.00695      0.00000
 84.28000      0.00701      0.00000
 84.29000      0.00707      0.00000
 84.30000      0.00714      0.00000
 84.31000      0.00722      0.00000
 84.32000      0.00731      0.00000
 84.33000      0.00740      0.00000
 84.34000      0.00751      0.00000
 84.35000      0.00764      0.00000
 84.36000      0.00777      0.00000
 84.37000      0.00792      0.00000
 84.38000      0.00808      0.00000
 84.39000      0.00826      0.00000
 84.40000      0.00846      0.00000
 84.41000      0.00868      0.00000
 84.42000      0.00893      0.00000
 84.43000      0.00920      0.00000
 84.44000      0.00950      0.00000
 84.45000      0.00984      0.00000
 84.46000      0.01021      0.00000
 84.47000      0.01064      0.00000
 84.48000      0.01112      0.00000
 84.49000      0.01168      0.00000
 84.50000      0.01231      0.00000
 84.51000      0.01306      0.00000
 84.52000      0.01395      0.00000
 84.53000      0.01502      0.00000
 84.54000      0.01634      0.00000
 84.55000      0.01798      0.00000
 84.56000      0.02005      0.00000
 84.57000      0.02267      0.00000
 84.58000      0.02596      0.00000
 84.59000      0.03007      0.00000
 84.60000      0.03510      0.00000
 84.61000      0.04114      0.00000
 84.62000      0.04814      0.00000
 84.63000      0.05592      0.00000
 84.64000      0.06394      0.00000
 84.65000      0.07127      0.00000
 84.66000      0.07665      0.00000
 84.67000      0.07900      0.00000
 84.68000      0.07811      0.00000
 84.69000      0.07484      0.00000
 84.70000      0.07061      0.00000
 84.71000      0.06669      0.00000
 84.72000      0.06388      0.00000
 84.73000      0.06255      0.00000
 84.74000      0.06270      0.00000
 84.75000      0.06406      0.00000
 84.76000      0.06618      0.00000
 84.77000      0.06851      0.00000
 84.78000      0.07042      0.00000
 84.79000      0.07115      0.00000
 84.80000      0.06997      0.00000
 84.81000      0.06658      0.00000
 84.82000      0.06137      0.00000
 84.83000      0.05521      0.00000
 84.84000      0.04895      0.00000
 84.85000      0.04317      0.00000
 84.86000      0.03814      0.00000
 84.87000      0.03395      0.00000
 84.88000      0.03057      0.00000
 84.89000      0.02793      0.00000
 84.90000      0.02593      0.00000
 84.91000      0.02445      0.00000
 84.92000      0.02339      0.00000
 84.93000      0.02268      0.00000
 84.94000      0.02223      0.00000
 84.95000      0.02200      0.00000
 84.96000      0.02194      0.00000
 84.97000      0.02203      0.00000
 84.98000      0.02225      0.00000
 84.99000      0.02259      0.00000
 85.00000      0.02304      0.00000
 85.01000      0.02360      0.00000
 85.02000      0.02427      0.00000
 85.03000      0.02505      0.00000
 85.04000      0.02596      0.00000
 85.05000      0.02699      0.00000
 85.06000      0.02816      0.00000
 85.07000      0.02949      0.00000
 85.08000      0.03098      0.00000
 85.09000      0.03266      0.00000
 85.10000      0.03456      0.00000
 85.11000      0.03670      0.00000
 85.12000      0.03912      0.00000
 85.13000      0.04186      0.00000
 85.14000      0.04498      0.00000
 85.15000      0.04854      0.00000
 85.16000      0.05264      0.00000
 85.17000      0.05739      0.00000
 85.18000      0.06296      0.00000
 85.19000      0.06956      0.00000
 85.20000      0.07751      0.00000
 85.21000      0.08726      0.00000
 85.22000      0.09939      0.00000
 85.23000      0.11474      0.00000
 85.24000      0.13435      0.00000
 85.25000      0.15949      0.00000
 85.26000      0.19165      0.00000
 85.27000      0.23237      0.00000
 85.28000      0.28311      0.00000
 85.29000      0.34496      0.00000
 85.30000      0.41821      0.00000
 85.31000      0.50154      0.00000
 85.32000      0.59085      0.00000
 85.33000      0.67762      0.00000
 85.34000      0.74822      0.00000
 85.35000      0.78685      0.00000
 85.36000      0.78274      0.00000
 85.37000      0.73729      0.00000
 85.38000      0.66296      0.00000
 85.39000      0.57548      0.00000
 85.40000      0.48734      0.00000
 85.41000      0.40602      0.00000
 85.42000      0.33500      0.00000
 85.43000      0.27528      0.00000
 85.44000      0.22648      0.00000
 85.45000      0.18743      0.00000
 85.46000      0.15668      0.00000
 85.47000      0.13267      0.00000
 85.48000      0.11398      0.00000
 85.49000      0.09935      0.00000
 85.50000      0.08780      0.00000
 85.51000      0.07853      0.00000
 85.52000      0.07099      0.00000
 85.53000      0.06474      0.00000
 85.54000      0.05949      0.00000
 85.55000      0.05503      0.00000
 85.56000      0.05120      0.00000
 85.57000      0.04789      0.00000
 85.58000      0.04502      0.00000
 85.59000      0.04252      0.00000
 85.60000      0.04033      0.00000
 85.61000      0.03841      0.00000
 85.62000      0.03673      0.00000
 85.63000      0.03526      0.00000
 85.64000      0.03397      0.00000
 85.65000      0.03284      0.00000
 85.66000      0.03185      0.00000
 85.67000      0.03100      0.00000
 85.68000      0.03026      0.00000
 85.69000      0.02963      0.00000
 85.70000      0.02909      0.00000
 85.71000      0.02864      0.00000
 85.72000      0.02828      0.00000
 85.73000      0.02800      0.00000
 85.74000      0.02778      0.00000
 85.75000      0.02764      0.00000
 85.76000      0.02757      0.00000
 85.77000      0.02755      0.00000
 85.78000      0.02761      0.00000
 85.79000      0.02772      0.00000
 85.80000      0.02789      0.00000
 85.81000      0.02812      0.00000
 85.82000      0.02842      0.00000
 85.83000      0.02877      0.00000
 85.84000      0.02919      0.00000
 85.85000      0.02967      0.00000
 85.86000      0.03021      0.00000
 85.87000      0.03083      0.00000
 85.88000      0.03152      0.00000
 85.89000      0.03228      0.00000
 85.90000      0.03312      0.00000
 85.91000      0.03405      0.00000
 85.92000      0.03507      0.00000
 85.93000      0.03618      0.00000
 85.94000      0.03741      0.00000
 85.95000      0.03874      0.00000
 85.96000      0.04021      0.00000
 85.97000      0.04181      0.00000
 85.98000      0.04355      0.00000
 85.99000      0.04546      0.00000
 86.00000      0.04756      0.00000
 86.01000      0.04987      0.00000
 86.02000      0.05240      0.00000
 86.03000      0.05520      0.00000
 86.04000      0.05829      0.00000
 86.05000      0.06171      0.00000
 86.06000      0.06552      0.00000
 86.07000      0.06978      0.00000
 86.08000      0.07457      0.00000
 86.09000      0.07999      0.00000
 86.10000      0.08617      0.00000
 86.11000      0.09324      0.00000
 86.12000      0.10138      0.00000
 86.13000      0.11079      0.00000
 86.14000      0.12171      0.00000
 86.15000      0.13440      0.00000
 86.16000      0.14914      0.00000
 86.17000      0.16625      0.00000
 86.18000      0.18605      0.00000
 86.19000      0.20887      0.00000
 86.20000      0.23503      0.00000
 86.21000      0.26503      0.00000
 86.22000      0.29995      0.00000
 86.23000      0.34186      0.00000
 86.24000      0.39394      0.00000
 86.25000      0.46006      0.00000
 86.26000      0.54422      0.00000
 86.27000      0.65003      0.00000
 86.28000      0.78014      0.00000
 86.29000      0.93540      0.00000
 86.30000      1.11355      0.00000
 86.31000      1.30710      0.00000
 86.32000      1.50108      0.00000
 86.33000      1.67169      0.00000
 86.34000      1.78884      0.00000
 86.35000      1.82537      0.00000
 86.36000      1.77097      0.00000
 86.37000      1.63972      0.00000
 86.38000      1.46232      0.00000
 86.39000      1.27063      0.00000
 86.40000      1.08777      0.00000
 86.41000      0.92686      0.00000
 86.42000      0.79371      0.00000
 86.43000      0.68974      0.00000
 86.44000      0.61385      0.00000
 86.45000      0.56353      0.00000
 86.46000      0.53531      0.00000
 86.47000      0.52486      0.00000
 86.48000      0.52660      0.00000
 86.49000      0.53330      0.00000
 86.50000      0.53620      0.00000
 86.51000      0.52707      0.00000
 86.52000      0.50161      0.00000
 86.53000      0.46150      0.00000
 86.54000      0.41259      0.00000
 86.55000      0.36130      0.00000
 86.56000      0.31228      0.00000
 86.57000      0.26810      0.00000
 86.58000      0.22977      0.00000
 86.59000      0.19738      0.00000
 86.60000      0.17051      0.00000
 86.61000      0.14852      0.00000
 86.62000      0.13065      0.00000
 86.63000      0.11615      0.00000
 86.64000      0.10434      0.00000
 86.65000      0.09465      0.00000
 86.66000      0.08659      0.00000
 86.67000      0.07980      0.00000
 86.68000      0.07400      0.00000
 86.69000      0.06898      0.00000
 86.70000      0.06460      0.00000
 86.71000      0.06075      0.00000
 86.72000      0.05734      0.00000
 86.73000      0.05431      0.00000
 86.74000      0.05161      0.00000
 86.75000      0.04920      0.00000
 86.76000      0.04706      0.00000
 86.77000      0.04514      0.00000
 86.78000      0.04344      0.00000
 86.79000      0.04194      0.00000
 86.80000      0.04062      0.00000
 86.81000      0.03948      0.00000
 86.82000      0.03850      0.00000
 86.83000      0.03769      0.00000
 86.84000      0.03704      0.00000
 86.85000      0.03655      0.00000
 86.86000      0.03624      0.00000
 86.87000      0.03611      0.00000
 86.88000      0.03617      0.00000
 86.89000      0.03647      0.00000
 86.90000      0.03703      0.00000
 86.91000      0.03792      0.00000
 86.92000      0.03921      0.00000
 86.93000      0.04101      0.00000
 86.94000      0.04348      0.00000
 86.95000      0.04680      0.00000
 86.96000      0.05123      0.00000
 86.97000      0.05704      0.00000
 86.98000      0.06453      0.00000
 86.99000      0.07401      0.00000
 87.00000      0.08571      0.00000
 87.01000      0.09978      0.00000
 87.02000      0.11611      0.00000
 87.03000      0.13412      0.00000
 87.04000      0.15262      0.00000
 87.05000      0.16950      0.00000
 87.06000      0.18197      0.00000
 87.07000      0.18747      0.00000
 87.08000      0.18476      0.00000
 87.09000      0.17449      0.00000
 87.10000      0.15879      0.00000
 87.11000      0.14032      0.00000
 87.12000      0.12143      0.00000
 87.13000      0.10371      0.00000
 87.14000      0.08800      0.00000
 87.15000      0.07459      0.00000
 87.16000      0.06347      0.00000
 87.17000      0.05444      0.00000
 87.18000      0.04721      0.00000
 87.19000      0.04148      0.00000
 87.20000      0.03695      0.00000
 87.21000      0.03336      0.00000
 87.22000      0.03050      0.00000
 87.23000      0.02819      0.00000
 87.24000      0.02631      0.00000
 87.25000      0.02474      0.00000
 87.26000      0.02342      0.00000
 87.27000      0.02231      0.00000
 87.28000      0.02135      0.00000
 87.29000      0.02053      0.00000
 87.30000      0.01982      0.00000
 87.31000      0.01922      0.00000
 87.32000      0.01870      0.00000
 87.33000      0.01825      0.00000
 87.34000      0.01788      0.00000
 87.35000      0.01757      0.00000
 87.36000      0.01733      0.00000
 87.37000      0.01713      0.00000
 87.38000      0.01700      0.00000
 87.39000      0.01691      0.00000
 87.40000      0.01687      0.00000
 87.41000      0.01689      0.00000
 87.42000      0.01696      0.00000
 87.43000      0.01707      0.00000
 87.44000      0.01725      0.00000
 87.45000      0.01748      0.00000
 87.46000      0.01777      0.00000
 87.47000      0.01812      0.00000
 87.48000      0.01854      0.00000
 87.49000      0.01905      0.00000
 87.50000      0.01963      0.00000
 87.51000      0.02032      0.00000
 87.52000      0.02111      0.00000
 87.53000      0.02202      0.00000
 87.54000      0.02308      0.00000
 87.55000      0.02429      0.00000
 87.56000      0.02570      0.00000
 87.57000      0.02734      0.00000
 87.58000      0.02925      0.00000
 87.59000      0.03151      0.00000
 87.60000      0.03419      0.00000
 87.61000      0.03744      0.00000
 87.62000      0.04141      0.00000
 87.63000      0.04635      0.00000
 87.64000      0.05258      0.00000
 87.65000      0.06048      0.00000
 87.66000      0.07055      0.00000
 87.67000      0.08333      0.00000
 87.68000      0.09943      0.00000
 87.69000      0.11940      0.00000
 87.70000      0.14372      0.00000
 87.71000      0.17258      0.00000
 87.72000      0.20571      0.00000
 87.73000      0.24198      0.00000
 87.74000      0.27885      0.00000
 87.75000      0.31195      0.00000
 87.76000      0.33532      0.00000
 87.77000      0.34340      0.00000
 87.78000      0.33398      0.00000
 87.79000      0.30959      0.00000
 87.80000      0.27591      0.00000
 87.81000      0.23883      0.00000
 87.82000      0.20259      0.00000
 87.83000      0.16962      0.00000
 87.84000      0.14098      0.00000
 87.85000      0.11687      0.00000
 87.86000      0.09708      0.00000
 87.87000      0.08113      0.00000
 87.88000      0.06845      0.00000
 87.89000      0.05845      0.00000
 87.90000      0.05057      0.00000
 87.91000      0.04434      0.00000
 87.92000      0.03936      0.00000
 87.93000      0.03533      0.00000
 87.94000      0.03201      0.00000
 87.95000      0.02923      0.00000
 87.96000      0.02688      0.00000
 87.97000      0.02486      0.00000
 87.98000      0.02311      0.00000
 87.99000      0.02157      0.00000
 88.00000      0.02022      0.00000
 88.01000      0.01903      0.00000
 88.02000      0.01797      0.00000
 88.03000      0.01703      0.00000
 88.04000      0.01619      0.00000
 88.05000      0.01543      0.00000
 88.06000      0.01475      0.00000
 88.07000      0.01414      0.00000
 88.08000      0.01359      0.00000
 88.09000      0.01310      0.00000
 88.10000      0.01265      0.00000
 88.11000      0.01225      0.00000
 88.12000      0.01188      0.00000
 88.13000      0.01155      0.00000
 88.14000      0.01126      0.00000
 88.15000      0.01099      0.00000
 88.16000      0.01076      0.00000
 88.17000      0.01054      0.00000
 88.18000      0.01036      0.00000
 88.19000      0.01020      0.00000
 88.20000      0.01006      0.00000
 88.21000      0.00994      0.00000
 88.22000      0.00984      0.00000
 88.23000      0.00977      0.00000
 88.24000      0.00971      0.00000
 88.25000      0.00968      0.00000
 88.26000      0.00966      0.00000
 88.27000      0.00967      0.00000
 88.28000      0.00970      0.00000
 88.29000      0.00975      0.00000
 88.30000      0.00982      0.00000
 88.31000      0.00992      0.00000
 88.32000      0.01004      0.00000
 88.33000      0.01020      0.00000
 88.34000      0.01038      0.00000
 88.35000      0.01064      0.00000
 88.36000      0.01090      0.00000
 88.37000      0.01120      0.00000
 88.38000      0.01154      0.00000
 88.39000      0.01195      0.00000
 88.40000      0.01243      0.00000
 88.41000      0.01301      0.00000
 88.42000      0.01366      0.00000
 88.43000      0.01443      0.00000
 88.44000      0.01535      0.00000
 88.45000      0.01646      0.00000
 88.46000      0.01777      0.00000
 88.47000      0.01946      0.00000
 88.48000      0.02157      0.00000
 88.49000      0.02423      0.00000
 88.50000      0.02758      0.00000
 88.51000      0.03178      0.00000
 88.52000      0.03697      0.00000
 88.53000      0.04330      0.00000
 88.54000      0.05085      0.00000
 88.55000      0.05961      0.00000
 88.56000      0.06938      0.00000
 88.57000      0.07968      0.00000
 88.58000      0.08956      0.00000
 88.59000      0.09762      0.00000
 88.60000      0.10228      0.00000
 88.61000      0.10245      0.00000
 88.62000      0.09823      0.00000
 88.63000      0.09080      0.00000
 88.64000      0.08177      0.00000
 88.65000      0.07252      0.00000
 88.66000      0.06394      0.00000
 88.67000      0.05651      0.00000
 88.68000      0.05041      0.00000
 88.69000      0.04568      0.00000
 88.70000      0.04227      0.00000
 88.71000      0.04010      0.00000
 88.72000      0.03909      0.00000
 88.73000      0.03920      0.00000
 88.74000      0.04044      0.00000
 88.75000      0.04290      0.00000
 88.76000      0.04671      0.00000
 88.77000      0.05210      0.00000
 88.78000      0.05934      0.00000
 88.79000      0.06874      0.00000
 88.80000      0.08061      0.00000
 88.81000      0.09518      0.00000
 88.82000      0.11255      0.00000
 88.83000      0.13251      0.00000
 88.84000      0.15439      0.00000
 88.85000      0.17667      0.00000
 88.86000      0.19676      0.00000
 88.87000      0.21120      0.00000
 88.88000      0.21662      0.00000
 88.89000      0.21154      0.00000
 88.90000      0.19725      0.00000
 88.91000      0.17698      0.00000
 88.92000      0.15426      0.00000
 88.93000      0.13175      0.00000
 88.94000      0.11103      0.00000
 88.95000      0.09284      0.00000
 88.96000      0.07738      0.00000
 88.97000      0.06457      0.00000
 88.98000      0.05416      0.00000
 88.99000      0.04581      0.00000
 89.00000      0.03917      0.00000
 89.01000      0.03391      0.00000
 89.02000      0.02972      0.00000
 89.03000      0.02637      0.00000
 89.04000      0.02365      0.00000
 89.05000      0.02142      0.00000
 89.06000      0.01954      0.00000
 89.07000      0.01795      0.00000
 89.08000      0.01659      0.00000
 89.09000      0.01540      0.00000
 89.10000      0.01436      0.00000
 89.11000      0.01344      0.00000
 89.12000      0.01262      0.00000
 89.13000      0.01190      0.00000
 89.14000      0.01125      0.00000
 89.15000      0.01066      0.00000
 89.16000      0.01013      0.00000
 89.17000      0.00966      0.00000
 89.18000      0.00922      0.00000
 89.19000      0.00883      0.00000
 89.20000      0.00847      0.00000
 89.21000      0.00814      0.00000
 89.22000      0.00785      0.00000
 89.23000      0.00757      0.00000
 89.24000      0.00732      0.00000
 89.25000      0.00709      0.00000
 89.26000      0.00688      0.00000
 89.27000      0.00669      0.00000
 89.28000      0.00652      0.00000
 89.29000      0.00636      0.00000
 89.30000      0.00621      0.00000
 89.31000      0.00608      0.00000
 89.32000      0.00595      0.00000
 89.33000      0.00585      0.00000
 89.34000      0.00575      0.00000
 89.35000      0.00566      0.00000
 89.36000      0.00559      0.00000
 89.37000      0.00552      0.00000
 89.38000      0.00546      0.00000
 89.39000      0.00542      0.00000
 89.40000      0.00539      0.00000
 89.41000      0.00537      0.00000
 89.42000      0.00537      0.00000
 89.43000      0.00538      0.00000
 89.44000      0.00540      0.00000
 89.45000      0.00544      0.00000
 89.46000      0.00549      0.00000
 89.47000      0.00557      0.00000
 89.48000      0.00567      0.00000
 89.49000      0.00580      0.00000
 89.50000      0.00597      0.00000
 89.51000      0.00618      0.00000
 89.52000      0.00645      0.00000
 89.53000      0.00680      0.00000
 89.54000      0.00724      0.00000
 89.55000      0.00781      0.00000
 89.56000      0.00854      0.00000
 89.57000      0.00948      0.00000
 89.58000      0.01066      0.00000
 89.59000      0.01214      0.00000
 89.60000      0.01397      0.00000
 89.61000      0.01612      0.00000
 89.62000      0.01862      0.00000
 89.63000      0.02142      0.00000
 89.64000      0.02436      0.00000
 89.65000      0.02720      0.00000
 89.66000      0.02954      0.00000
 89.67000      0.03090      0.00000
 89.68000      0.03097      0.00000
 89.69000      0.02971      0.00000
 89.70000      0.02743      0.00000
 89.71000      0.02458      0.00000
 89.72000      0.02158      0.00000
 89.73000      0.01871      0.00000
 89.74000      0.01611      0.00000
 89.75000      0.01386      0.00000
 89.76000      0.01197      0.00000
 89.77000      0.01040      0.00000
 89.78000      0.00913      0.00000
 89.79000      0.00811      0.00000
 89.80000      0.00730      0.00000
 89.81000      0.00666      0.00000
 89.82000      0.00615      0.00000
 89.83000      0.00573      0.00000
 89.84000      0.00540      0.00000
 89.85000      0.00512      0.00000
 89.86000      0.00488      0.00000
 89.87000      0.00468      0.00000
 89.88000      0.00451      0.00000
 89.89000      0.00437      0.00000
 89.90000      0.00424      0.00000
 89.91000      0.00412      0.00000
 89.92000      0.00402      0.00000
 89.93000      0.00394      0.00000
 89.94000      0.00386      0.00000
 89.95000      0.00380      0.00000
 89.96000      0.00374      0.00000
 89.97000      0.00369      0.00000
 89.98000      0.00364      0.00000
 89.99000      0.00361      0.00000
 90.00000      0.00358      0.00000
 90.01000      0.00356      0.00000
 90.02000      0.00354      0.00000
 90.03000      0.00352      0.00000
 90.04000      0.00351      0.00000
 90.05000      0.00351      0.00000
 90.06000      0.00351      0.00000
 90.07000      0.00352      0.00000
 90.08000      0.00353      0.00000
 90.09000      0.00355      0.00000
 90.10000      0.00358      0.00000
 90.11000      0.00361      0.00000
 90.12000      0.00366      0.00000
 90.13000      0.00371      0.00000
 90.14000      0.00377      0.00000
 90.15000      0.00384      0.00000
 90.16000      0.00393      0.00000
 90.17000      0.00403      0.00000
 90.18000      0.00415      0.00000
 90.19000      0.00431      0.00000
 90.20000      0.00449      0.00000
 90.21000      0.00471      0.00000
 90.22000      0.00499      0.00000
 90.23000      0.00537      0.00000
 90.24000      0.00581      0.00000
 90.25000      0.00637      0.00000
 90.26000      0.00707      0.00000
 90.27000      0.00794      0.00000
 90.28000      0.00904      0.00000
 90.29000      0.01033      0.00000
 90.30000      0.01185      0.00000
 90.31000      0.01359      0.00000
 90.32000      0.01549      0.00000
 90.33000      0.01744      0.00000
 90.34000      0.01924      0.00000
 90.35000      0.02061      0.00000
 90.36000      0.02127      0.00000
 90.37000      0.02106      0.00000
 90.38000      0.02003      0.00000
 90.39000      0.01841      0.00000
 90.40000      0.01651      0.00000
 90.41000      0.01456      0.00000
 90.42000      0.01273      0.00000
 90.43000      0.01109      0.00000
 90.44000      0.00968      0.00000
 90.45000      0.00849      0.00000
 90.46000      0.00752      0.00000
 90.47000      0.00673      0.00000
 90.48000      0.00610      0.00000
 90.49000      0.00560      0.00000
 90.50000      0.00521      0.00000
 90.51000      0.00489      0.00000
 90.52000      0.00467      0.00000
 90.53000      0.00446      0.00000
 90.54000      0.00429      0.00000
 90.55000      0.00415      0.00000
 90.56000      0.00404      0.00000
 90.57000      0.00394      0.00000
 90.58000      0.00385      0.00000
 90.59000      0.00378      0.00000
 90.60000      0.00371      0.00000
 90.61000      0.00366      0.00000
 90.62000      0.00361      0.00000
 90.63000      0.00358      0.00000
 90.64000      0.00354      0.00000
 90.65000      0.00351      0.00000
 90.66000      0.00349      0.00000
 90.67000      0.00346      0.00000
 90.68000      0.00344      0.00000
 90.69000      0.00343      0.00000
 90.70000      0.00341      0.00000
 90.71000      0.00340      0.00000
 90.72000      0.00339      0.00000
 90.73000      0.00339      0.00000
 90.74000      0.00338      0.00000
 90.75000      0.00338      0.00000
 90.76000      0.00338      0.00000
 90.77000      0.00338      0.00000
 90.78000      0.00338      0.00000
 90.79000      0.00338      0.00000
 90.80000      0.00339      0.00000
 90.81000      0.00340      0.00000
 90.82000      0.00340      0.00000
 90.83000      0.00341      0.00000
 90.84000      0.00342      0.00000
 90.85000      0.00343      0.00000
 90.86000      0.00344      0.00000
 90.87000      0.00346      0.00000
 90.88000      0.00347      0.00000
 90.89000      0.00348      0.00000
 90.90000      0.00350      0.00000
 90.91000      0.00352      0.00000
 90.92000      0.00353      0.00000
 90.93000      0.00355      0.00000
 90.94000      0.00359      0.00000
 90.95000      0.00361      0.00000
 90.96000      0.00363      0.00000
 90.97000      0.00365      0.00000
 90.98000      0.00368      0.00000
 90.99000      0.00370      0.00000
 91.00000      0.00372      0.00000
 91.01000      0.00378      0.00000
 91.02000      0.00380      0.00000
 91.03000      0.00383      0.00000
 91.04000      0.00386      0.00000
 91.05000      0.00388      0.00000
 91.06000      0.00391      0.00000
 91.07000      0.00394      0.00000
 91.08000      0.00397      0.00000
 91.09000      0.00400      0.00000
 91.10000      0.00403      0.00000
 91.11000      0.00407      0.00000
 91.12000      0.00410      0.00000
 91.13000      0.00413      0.00000
 91.14000      0.00417      0.00000
 91.15000      0.00421      0.00000
 91.16000      0.00425      0.00000
 91.17000      0.00428      0.00000
 91.18000      0.00432      0.00000
 91.19000      0.00434      0.00000
 91.20000      0.00439      0.00000
 91.21000      0.00443      0.00000
 91.22000      0.00448      0.00000
 91.23000      0.00452      0.00000
 91.24000      0.00457      0.00000
 91.25000      0.00462      0.00000
 91.26000      0.00466      0.00000
 91.27000      0.00472      0.00000
 91.28000      0.00477      0.00000
 91.29000      0.00482      0.00000
 91.30000      0.00488      0.00000
 91.31000      0.00493      0.00000
 91.32000      0.00499      0.00000
 91.33000      0.00505      0.00000
 91.34000      0.00511      0.00000
 91.35000      0.00517      0.00000
 91.36000      0.00523      0.00000
 91.37000      0.00530      0.00000
 91.38000      0.00537      0.00000
 91.39000      0.00540      0.00000
 91.40000      0.00547      0.00000
 91.41000      0.00554      0.00000
 91.42000      0.00562      0.00000
 91.43000      0.00570      0.00000
 91.44000      0.00578      0.00000
 91.45000      0.00586      0.00000
 91.46000      0.00594      0.00000
 91.47000      0.00603      0.00000
 91.48000      0.00612      0.00000
 91.49000      0.00621      0.00000
 91.50000      0.00630      0.00000
 91.51000      0.00640      0.00000
 91.52000      0.00650      0.00000
 91.53000      0.00660      0.00000
 91.54000      0.00671      0.00000
 91.55000      0.00681      0.00000
 91.56000      0.00693      0.00000
 91.57000      0.00704      0.00000
 91.58000      0.00716      0.00000
 91.59000      0.00728      0.00000
 91.60000      0.00741      0.00000
 91.61000      0.00754      0.00000
 91.62000      0.00768      0.00000
 91.63000      0.00782      0.00000
 91.64000      0.00796      0.00000
 91.65000      0.00811      0.00000
 91.66000      0.00827      0.00000
 91.67000      0.00843      0.00000
 91.68000      0.00859      0.00000
 91.69000      0.00876      0.00000
 91.70000      0.00894      0.00000
 91.71000      0.00912      0.00000
 91.72000      0.00931      0.00000
 91.73000      0.00951      0.00000
 91.74000      0.00971      0.00000
 91.75000      0.00993      0.00000
 91.76000      0.01015      0.00000
 91.77000      0.01038      0.00000
 91.78000      0.01062      0.00000
 91.79000      0.01086      0.00000
 91.80000      0.01112      0.00000
 91.81000      0.01139      0.00000
 91.82000      0.01167      0.00000
 91.83000      0.01196      0.00000
 91.84000      0.01227      0.00000
 91.85000      0.01261      0.00000
 91.86000      0.01294      0.00000
 91.87000      0.01329      0.00000
 91.88000      0.01365      0.00000
 91.89000      0.01403      0.00000
 91.90000      0.01443      0.00000
 91.91000      0.01485      0.00000
 91.92000      0.01528      0.00000
 91.93000      0.01574      0.00000
 91.94000      0.01622      0.00000
 91.95000      0.01673      0.00000
 91.96000      0.01726      0.00000
 91.97000      0.01783      0.00000
 91.98000      0.01842      0.00000
 91.99000      0.01903      0.00000
 92.00000      0.01969      0.00000
 92.01000      0.02039      0.00000
 92.02000      0.02113      0.00000
 92.03000      0.02191      0.00000
 92.04000      0.02274      0.00000
 92.05000      0.02363      0.00000
 92.06000      0.02457      0.00000
 92.07000      0.02557      0.00000
 92.08000      0.02661      0.00000
 92.09000      0.02775      0.00000
 92.10000      0.02898      0.00000
 92.11000      0.03029      0.00000
 92.12000      0.03170      0.00000
 92.13000      0.03321      0.00000
 92.14000      0.03485      0.00000
 92.15000      0.03661      0.00000
 92.16000      0.03852      0.00000
 92.17000      0.04059      0.00000
 92.18000      0.04284      0.00000
 92.19000      0.04529      0.00000
 92.20000      0.04796      0.00000
 92.21000      0.05089      0.00000
 92.22000      0.05410      0.00000
 92.23000      0.05763      0.00000
 92.24000      0.06153      0.00000
 92.25000      0.06585      0.00000
 92.26000      0.07066      0.00000
 92.27000      0.07603      0.00000
 92.28000      0.08205      0.00000
 92.29000      0.08884      0.00000
 92.30000      0.09655      0.00000
 92.31000      0.10539      0.00000
 92.32000      0.11560      0.00000
 92.33000      0.12757      0.00000
 92.34000      0.14174      0.00000
 92.35000      0.15878      0.00000
 92.36000      0.17954      0.00000
 92.37000      0.20512      0.00000
 92.38000      0.23689      0.00000
 92.39000      0.27649      0.00000
 92.40000      0.32578      0.00000
 92.41000      0.38676      0.00000
 92.42000      0.46141      0.00000
 92.43000      0.55145      0.00000
 92.44000      0.65799      0.00000
 92.45000      0.78104      0.00000
 92.46000      0.91865      0.00000
 92.47000      1.06560      0.00000
 92.48000      1.21180      0.00000
 92.49000      1.34123      0.00000
 92.50000      1.43345      0.00000
 92.51000      1.46970      0.00000
 92.52000      1.44154      0.00000
 92.53000      1.35562      0.00000
 92.54000      1.22990      0.00000
 92.55000      1.08503      0.00000
 92.56000      0.93776      0.00000
 92.57000      0.79890      0.00000
 92.58000      0.67418      0.00000
 92.59000      0.56588      0.00000
 92.60000      0.47418      0.00000
 92.61000      0.39807      0.00000
 92.62000      0.33589      0.00000
 92.63000      0.28567      0.00000
 92.64000      0.24542      0.00000
 92.65000      0.21325      0.00000
 92.66000      0.18751      0.00000
 92.67000      0.16680      0.00000
 92.68000      0.15000      0.00000
 92.69000      0.13624      0.00000
 92.70000      0.12489      0.00000
 92.71000      0.11548      0.00000
 92.72000      0.10767      0.00000
 92.73000      0.10126      0.00000
 92.74000      0.09608      0.00000
 92.75000      0.09205      0.00000
 92.76000      0.08910      0.00000
 92.77000      0.08717      0.00000
 92.78000      0.08627      0.00000
 92.79000      0.08633      0.00000
 92.80000      0.08723      0.00000
 92.81000      0.08880      0.00000
 92.82000      0.09073      0.00000
 92.83000      0.09251      0.00000
 92.84000      0.09352      0.00000
 92.85000      0.09311      0.00000
 92.86000      0.09092      0.00000
 92.87000      0.08703      0.00000
 92.88000      0.08192      0.00000
 92.89000      0.07621      0.00000
 92.90000      0.07045      0.00000
 92.91000      0.06501      0.00000
 92.92000      0.06009      0.00000
 92.93000      0.05577      0.00000
 92.94000      0.05208      0.00000
 92.95000      0.04894      0.00000
 92.96000      0.04638      0.00000
 92.97000      0.04429      0.00000
 92.98000      0.04262      0.00000
 92.99000      0.04130      0.00000
 93.00000      0.04027      0.00000
 93.01000      0.03949      0.00000
 93.02000      0.03893      0.00000
 93.03000      0.03855      0.00000
 93.04000      0.03833      0.00000
 93.05000      0.03826      0.00000
 93.06000      0.03832      0.00000
 93.07000      0.03852      0.00000
 93.08000      0.03885      0.00000
 93.09000      0.03931      0.00000
 93.10000      0.03990      0.00000
 93.11000      0.04063      0.00000
 93.12000      0.04150      0.00000
 93.13000      0.04253      0.00000
 93.14000      0.04372      0.00000
 93.15000      0.04509      0.00000
 93.16000      0.04666      0.00000
 93.17000      0.04844      0.00000
 93.18000      0.05046      0.00000
 93.19000      0.05275      0.00000
 93.20000      0.05535      0.00000
 93.21000      0.05829      0.00000
 93.22000      0.06163      0.00000
 93.23000      0.06543      0.00000
 93.24000      0.06978      0.00000
 93.25000      0.07480      0.00000
 93.26000      0.08062      0.00000
 93.27000      0.08744      0.00000
 93.28000      0.09552      0.00000
 93.29000      0.10523      0.00000
 93.30000      0.11703      0.00000
 93.31000      0.13150      0.00000
 93.32000      0.14941      0.00000
 93.33000      0.17162      0.00000
 93.34000      0.19916      0.00000
 93.35000      0.23309      0.00000
 93.36000      0.27451      0.00000
 93.37000      0.32437      0.00000
 93.38000      0.38336      0.00000
 93.39000      0.45161      0.00000
 93.40000      0.52828      0.00000
 93.41000      0.61097      0.00000
 93.42000      0.69485      0.00000
 93.43000      0.77198      0.00000
 93.44000      0.83172      0.00000
 93.45000      0.86333      0.00000
 93.46000      0.86048      0.00000
 93.47000      0.82462      0.00000
 93.48000      0.76429      0.00000
 93.49000      0.69090      0.00000
 93.50000      0.61474      0.00000
 93.51000      0.54306      0.00000
 93.52000      0.48023      0.00000
 93.53000      0.42849      0.00000
 93.54000      0.38871      0.00000
 93.55000      0.36093      0.00000
 93.56000      0.34462      0.00000
 93.57000      0.33881      0.00000
 93.58000      0.34208      0.00000
 93.59000      0.35252      0.00000
 93.60000      0.36744      0.00000
 93.61000      0.38328      0.00000
 93.62000      0.39569      0.00000
 93.63000      0.40014      0.00000
 93.64000      0.39336      0.00000
 93.65000      0.37475      0.00000
 93.66000      0.34655      0.00000
 93.67000      0.31258      0.00000
 93.68000      0.27670      0.00000
 93.69000      0.24179      0.00000
 93.70000      0.20959      0.00000
 93.71000      0.18092      0.00000
 93.72000      0.15605      0.00000
 93.73000      0.13489      0.00000
 93.74000      0.11715      0.00000
 93.75000      0.10243      0.00000
 93.76000      0.09026      0.00000
 93.77000      0.08028      0.00000
 93.78000      0.07207      0.00000
 93.79000      0.06526      0.00000
 93.80000      0.05958      0.00000
 93.81000      0.05477      0.00000
 93.82000      0.05066      0.00000
 93.83000      0.04709      0.00000
 93.84000      0.04397      0.00000
 93.85000      0.04122      0.00000
 93.86000      0.03876      0.00000
 93.87000      0.03655      0.00000
 93.88000      0.03456      0.00000
 93.89000      0.03276      0.00000
 93.90000      0.03111      0.00000
 93.91000      0.02961      0.00000
 93.92000      0.02824      0.00000
 93.93000      0.02698      0.00000
 93.94000      0.02582      0.00000
 93.95000      0.02474      0.00000
 93.96000      0.02375      0.00000
 93.97000      0.02283      0.00000
 93.98000      0.02198      0.00000
 93.99000      0.02117      0.00000
 94.00000      0.02043      0.00000
 94.01000      0.01974      0.00000
 94.02000      0.01910      0.00000
 94.03000      0.01849      0.00000
 94.04000      0.01793      0.00000
 94.05000      0.01741      0.00000
 94.06000      0.01692      0.00000
 94.07000      0.01645      0.00000
 94.08000      0.01601      0.00000
 94.09000      0.01560      0.00000
 94.10000      0.01521      0.00000
 94.11000      0.01485      0.00000
 94.12000      0.01451      0.00000
 94.13000      0.01418      0.00000
 94.14000      0.01388      0.00000
 94.15000      0.01359      0.00000
 94.16000      0.01332      0.00000
 94.17000      0.01307      0.00000
 94.18000      0.01283      0.00000
 94.19000      0.01260      0.00000
 94.20000      0.01239      0.00000
 94.21000      0.01219      0.00000
 94.22000      0.01201      0.00000
 94.23000      0.01184      0.00000
 94.24000      0.01167      0.00000
 94.25000      0.01152      0.00000
 94.26000      0.01138      0.00000
 94.27000      0.01126      0.00000
 94.28000      0.01114      0.00000
 94.29000      0.01103      0.00000
 94.30000      0.01094      0.00000
 94.31000      0.01085      0.00000
 94.32000      0.01078      0.00000
 94.33000      0.01071      0.00000
 94.34000      0.01066      0.00000
 94.35000      0.01062      0.00000
 94.36000      0.01059      0.00000
 94.37000      0.01057      0.00000
 94.38000      0.01056      0.00000
 94.39000      0.01057      0.00000
 94.40000      0.01059      0.00000
 94.41000      0.01063      0.00000
 94.42000      0.01068      0.00000
 94.43000      0.01075      0.00000
 94.44000      0.01084      0.00000
 94.45000      0.01095      0.00000
 94.46000      0.01108      0.00000
 94.47000      0.01124      0.00000
 94.48000      0.01143      0.00000
 94.49000      0.01165      0.00000
 94.50000      0.01190      0.00000
 94.51000      0.01221      0.00000
 94.52000      0.01256      0.00000
 94.53000      0.01298      0.00000
 94.54000      0.01348      0.00000
 94.55000      0.01408      0.00000
 94.56000      0.01480      0.00000
 94.57000      0.01568      0.00000
 94.58000      0.01677      0.00000
 94.59000      0.01812      0.00000
 94.60000      0.01980      0.00000
 94.61000      0.02188      0.00000
 94.62000      0.02446      0.00000
 94.63000      0.02760      0.00000
 94.64000      0.03140      0.00000
 94.65000      0.03592      0.00000
 94.66000      0.04117      0.00000
 94.67000      0.04714      0.00000
 94.68000      0.05368      0.00000
 94.69000      0.06049      0.00000
 94.70000      0.06707      0.00000
 94.71000      0.07265      0.00000
 94.72000      0.07635      0.00000
 94.73000      0.07744      0.00000
 94.74000      0.07568      0.00000
 94.75000      0.07146      0.00000
 94.76000      0.06558      0.00000
 94.77000      0.05890      0.00000
 94.78000      0.05215      0.00000
 94.79000      0.04576      0.00000
 94.80000      0.04000      0.00000
 94.81000      0.03496      0.00000
 94.82000      0.03066      0.00000
 94.83000      0.02707      0.00000
 94.84000      0.02411      0.00000
 94.85000      0.02171      0.00000
 94.86000      0.01977      0.00000
 94.87000      0.01822      0.00000
 94.88000      0.01698      0.00000
 94.89000      0.01599      0.00000
 94.90000      0.01519      0.00000
 94.91000      0.01455      0.00000
 94.92000      0.01403      0.00000
 94.93000      0.01360      0.00000
 94.94000      0.01325      0.00000
 94.95000      0.01297      0.00000
 94.96000      0.01274      0.00000
 94.97000      0.01255      0.00000
 94.98000      0.01240      0.00000
 94.99000      0.01229      0.00000
 95.00000      0.01222      0.00000
 95.01000      0.01217      0.00000
 95.02000      0.01214      0.00000
 95.03000      0.01215      0.00000
 95.04000      0.01217      0.00000
 95.05000      0.01222      0.00000
 95.06000      0.01230      0.00000
 95.07000      0.01239      0.00000
 95.08000      0.01251      0.00000
 95.09000      0.01264      0.00000
 95.10000      0.01280      0.00000
 95.11000      0.01298      0.00000
 95.12000      0.01319      0.00000
 95.13000      0.01341      0.00000
 95.14000      0.01367      0.00000
 95.15000      0.01394      0.00000
 95.16000      0.01424      0.00000
 95.17000      0.01458      0.00000
 95.18000      0.01494      0.00000
 95.19000      0.01533      0.00000
 95.20000      0.01576      0.00000
 95.21000      0.01623      0.00000
 95.22000      0.01673      0.00000
 95.23000      0.01728      0.00000
 95.24000      0.01789      0.00000
 95.25000      0.01854      0.00000
 95.26000      0.01925      0.00000
 95.27000      0.02004      0.00000
 95.28000      0.02089      0.00000
 95.29000      0.02183      0.00000
 95.30000      0.02286      0.00000
 95.31000      0.02400      0.00000
 95.32000      0.02527      0.00000
 95.33000      0.02668      0.00000
 95.34000      0.02826      0.00000
 95.35000      0.03004      0.00000
 95.36000      0.03205      0.00000
 95.37000      0.03435      0.00000
 95.38000      0.03697      0.00000
 95.39000      0.04000      0.00000
 95.40000      0.04348      0.00000
 95.41000      0.04752      0.00000
 95.42000      0.05222      0.00000
 95.43000      0.05770      0.00000
 95.44000      0.06406      0.00000
 95.45000      0.07146      0.00000
 95.46000      0.08006      0.00000
 95.47000      0.09002      0.00000
 95.48000      0.10149      0.00000
 95.49000      0.11465      0.00000
 95.50000      0.12976      0.00000
 95.51000      0.14724      0.00000
 95.52000      0.16774      0.00000
 95.53000      0.19197      0.00000
 95.54000      0.22062      0.00000
 95.55000      0.25409      0.00000
 95.56000      0.29230      0.00000
 95.57000      0.33447      0.00000
 95.58000      0.37872      0.00000
 95.59000      0.42174      0.00000
 95.60000      0.45863      0.00000
 95.61000      0.48363      0.00000
 95.62000      0.49181      0.00000
 95.63000      0.48130      0.00000
 95.64000      0.45423      0.00000
 95.65000      0.41560      0.00000
 95.66000      0.37115      0.00000
 95.67000      0.32565      0.00000
 95.68000      0.28228      0.00000
 95.69000      0.24285      0.00000
 95.70000      0.20816      0.00000
 95.71000      0.17836      0.00000
 95.72000      0.15323      0.00000
 95.73000      0.13232      0.00000
 95.74000      0.11511      0.00000
 95.75000      0.10108      0.00000
 95.76000      0.08971      0.00000
 95.77000      0.08057      0.00000
 95.78000      0.07327      0.00000
 95.79000      0.06748      0.00000
 95.80000      0.06295      0.00000
 95.81000      0.05950      0.00000
 95.82000      0.05699      0.00000
 95.83000      0.05534      0.00000
 95.84000      0.05451      0.00000
 95.85000      0.05448      0.00000
 95.86000      0.05526      0.00000
 95.87000      0.05684      0.00000
 95.88000      0.05922      0.00000
 95.89000      0.06236      0.00000
 95.90000      0.06618      0.00000
 95.91000      0.07048      0.00000
 95.92000      0.07494      0.00000
 95.93000      0.07907      0.00000
 95.94000      0.08223      0.00000
 95.95000      0.08379      0.00000
 95.96000      0.08337      0.00000
 95.97000      0.08103      0.00000
 95.98000      0.07724      0.00000
 95.99000      0.07266      0.00000
 96.00000      0.06793      0.00000
 96.01000      0.06353      0.00000
 96.02000      0.05978      0.00000
 96.03000      0.05689      0.00000
 96.04000      0.05497      0.00000
 96.05000      0.05411      0.00000
 96.06000      0.05438      0.00000
 96.07000      0.05581      0.00000
 96.08000      0.05845      0.00000
 96.09000      0.06230      0.00000
 96.10000      0.06735      0.00000
 96.11000      0.07353      0.00000
 96.12000      0.08069      0.00000
 96.13000      0.08851      0.00000
 96.14000      0.09647      0.00000
 96.15000      0.10376      0.00000
 96.16000      0.10937      0.00000
 96.17000      0.11228      0.00000
 96.18000      0.11190      0.00000
 96.19000      0.10831      0.00000
 96.20000      0.10224      0.00000
 96.21000      0.09471      0.00000
 96.22000      0.08670      0.00000
 96.23000      0.07890      0.00000
 96.24000      0.07178      0.00000
 96.25000      0.06554      0.00000
 96.26000      0.06030      0.00000
 96.27000      0.05607      0.00000
 96.28000      0.05276      0.00000
 96.29000      0.05033      0.00000
 96.30000      0.04869      0.00000
 96.31000      0.04778      0.00000
 96.32000      0.04751      0.00000
 96.33000      0.04785      0.00000
 96.34000      0.04876      0.00000
 96.35000      0.05025      0.00000
 96.36000      0.05236      0.00000
 96.37000      0.05516      0.00000
 96.38000      0.05876      0.00000
 96.39000      0.06333      0.00000
 96.40000      0.06906      0.00000
 96.41000      0.07623      0.00000
 96.42000      0.08511      0.00000
 96.43000      0.09602      0.00000
 96.44000      0.10931      0.00000
 96.45000      0.12527      0.00000
 96.46000      0.14417      0.00000
 96.47000      0.16614      0.00000
 96.48000      0.19111      0.00000
 96.49000      0.21870      0.00000
 96.50000      0.24795      0.00000
 96.51000      0.27720      0.00000
 96.52000      0.30386      0.00000
 96.53000      0.32479      0.00000
 96.54000      0.33710      0.00000
 96.55000      0.33940      0.00000
 96.56000      0.33257      0.00000
 96.57000      0.31936      0.00000
 96.58000      0.30325      0.00000
 96.59000      0.28731      0.00000
 96.60000      0.27366      0.00000
 96.61000      0.26342      0.00000
 96.62000      0.25677      0.00000
 96.63000      0.25310      0.00000
 96.64000      0.25102      0.00000
 96.65000      0.24859      0.00000
 96.66000      0.24375      0.00000
 96.67000      0.23502      0.00000
 96.68000      0.22206      0.00000
 96.69000      0.20580      0.00000
 96.70000      0.18769      0.00000
 96.71000      0.16931      0.00000
 96.72000      0.15179      0.00000
 96.73000      0.13584      0.00000
 96.74000      0.12182      0.00000
 96.75000      0.10983      0.00000
 96.76000      0.09984      0.00000
 96.77000      0.09173      0.00000
 96.78000      0.08535      0.00000
 96.79000      0.08054      0.00000
 96.80000      0.07714      0.00000
 96.81000      0.07503      0.00000
 96.82000      0.07411      0.00000
 96.83000      0.07435      0.00000
 96.84000      0.07575      0.00000
 96.85000      0.07838      0.00000
 96.86000      0.08236      0.00000
 96.87000      0.08786      0.00000
 96.88000      0.09506      0.00000
 96.89000      0.10421      0.00000
 96.90000      0.11551      0.00000
 96.91000      0.12916      0.00000
 96.92000      0.14527      0.00000
 96.93000      0.16381      0.00000
 96.94000      0.18455      0.00000
 96.95000      0.20686      0.00000
 96.96000      0.22961      0.00000
 96.97000      0.25098      0.00000
 96.98000      0.26859      0.00000
 96.99000      0.28000      0.00000
 97.00000      0.28361      0.00000
 97.01000      0.27948      0.00000
 97.02000      0.26934      0.00000
 97.03000      0.25589      0.00000
 97.04000      0.24187      0.00000
 97.05000      0.22957      0.00000
 97.06000      0.22058      0.00000
 97.07000      0.21607      0.00000
 97.08000      0.21681      0.00000
 97.09000      0.22338      0.00000
 97.10000      0.23616      0.00000
 97.11000      0.25534      0.00000
 97.12000      0.28091      0.00000
 97.13000      0.31251      0.00000
 97.14000      0.34928      0.00000
 97.15000      0.38956      0.00000
 97.16000      0.43055      0.00000
 97.17000      0.46805      0.00000
 97.18000      0.49674      0.00000
 97.19000      0.51133      0.00000
 97.20000      0.50849      0.00000
 97.21000      0.48836      0.00000
 97.22000      0.45443      0.00000
 97.23000      0.41193      0.00000
 97.24000      0.36593      0.00000
 97.25000      0.32030      0.00000
 97.26000      0.27749      0.00000
 97.27000      0.23883      0.00000
 97.28000      0.20485      0.00000
 97.29000      0.17561      0.00000
 97.30000      0.15086      0.00000
 97.31000      0.13018      0.00000
 97.32000      0.11308      0.00000
 97.33000      0.09904      0.00000
 97.34000      0.08753      0.00000
 97.35000      0.07810      0.00000
 97.36000      0.07034      0.00000
 97.37000      0.06390      0.00000
 97.38000      0.05850      0.00000
 97.39000      0.05394      0.00000
 97.40000      0.05003      0.00000
 97.41000      0.04665      0.00000
 97.42000      0.04370      0.00000
 97.43000      0.04111      0.00000
 97.44000      0.03882      0.00000
 97.45000      0.03680      0.00000
 97.46000      0.03501      0.00000
 97.47000      0.03343      0.00000
 97.48000      0.03203      0.00000
 97.49000      0.03080      0.00000
 97.50000      0.02972      0.00000
 97.51000      0.02879      0.00000
 97.52000      0.02797      0.00000
 97.53000      0.02727      0.00000
 97.54000      0.02664      0.00000
 97.55000      0.02606      0.00000
 97.56000      0.02549      0.00000
 97.57000      0.02490      0.00000
 97.58000      0.02425      0.00000
 97.59000      0.02355      0.00000
 97.60000      0.02279      0.00000
 97.61000      0.02203      0.00000
 97.62000      0.02127      0.00000
 97.63000      0.02055      0.00000
 97.64000      0.01988      0.00000
 97.65000      0.01926      0.00000
 97.66000      0.01869      0.00000
 97.67000      0.01818      0.00000
 97.68000      0.01772      0.00000
 97.69000      0.01731      0.00000
 97.70000      0.01694      0.00000
 97.71000      0.01661      0.00000
 97.72000      0.01632      0.00000
 97.73000      0.01606      0.00000
 97.74000      0.01582      0.00000
 97.75000      0.01560      0.00000
 97.76000      0.01541      0.00000
 97.77000      0.01524      0.00000
 97.78000      0.01509      0.00000
 97.79000      0.01495      0.00000
 97.80000      0.01483      0.00000
 97.81000      0.01472      0.00000
 97.82000      0.01462      0.00000
 97.83000      0.01454      0.00000
 97.84000      0.01447      0.00000
 97.85000      0.01441      0.00000
 97.86000      0.01437      0.00000
 97.87000      0.01433      0.00000
 97.88000      0.01431      0.00000
 97.89000      0.01429      0.00000
 97.90000      0.01429      0.00000
 97.91000      0.01430      0.00000
 97.92000      0.01432      0.00000
 97.93000      0.01434      0.00000
 97.94000      0.01438      0.00000
 97.95000      0.01443      0.00000
 97.96000      0.01449      0.00000
 97.97000      0.01456      0.00000
 97.98000      0.01464      0.00000
 97.99000      0.01474      0.00000
 98.00000      0.01484      0.00000
 98.01000      0.01496      0.00000
 98.02000      0.01508      0.00000
 98.03000      0.01522      0.00000
 98.04000      0.01538      0.00000
 98.05000      0.01555      0.00000
 98.06000      0.01573      0.00000
 98.07000      0.01593      0.00000
 98.08000      0.01615      0.00000
 98.09000      0.01639      0.00000
 98.10000      0.01664      0.00000
 98.11000      0.01691      0.00000
 98.12000      0.01719      0.00000
 98.13000      0.01750      0.00000
 98.14000      0.01781      0.00000
 98.15000      0.01814      0.00000
 98.16000      0.01849      0.00000
 98.17000      0.01884      0.00000
 98.18000      0.01922      0.00000
 98.19000      0.01961      0.00000
 98.20000      0.02004      0.00000
 98.21000      0.02050      0.00000
 98.22000      0.02099      0.00000
 98.23000      0.02153      0.00000
 98.24000      0.02211      0.00000
 98.25000      0.02275      0.00000
 98.26000      0.02344      0.00000
 98.27000      0.02419      0.00000
 98.28000      0.02501      0.00000
 98.29000      0.02592      0.00000
 98.30000      0.02691      0.00000
 98.31000      0.02801      0.00000
 98.32000      0.02924      0.00000
 98.33000      0.03062      0.00000
 98.34000      0.03219      0.00000
 98.35000      0.03399      0.00000
 98.36000      0.03608      0.00000
 98.37000      0.03852      0.00000
 98.38000      0.04141      0.00000
 98.39000      0.04484      0.00000
 98.40000      0.04893      0.00000
 98.41000      0.05379      0.00000
 98.42000      0.05957      0.00000
 98.43000      0.06636      0.00000
 98.44000      0.07428      0.00000
 98.45000      0.08337      0.00000
 98.46000      0.09363      0.00000
 98.47000      0.10492      0.00000
 98.48000      0.11696      0.00000
 98.49000      0.12917      0.00000
 98.50000      0.14067      0.00000
 98.51000      0.15029      0.00000
 98.52000      0.15678      0.00000
 98.53000      0.15922      0.00000
 98.54000      0.15744      0.00000
 98.55000      0.15207      0.00000
 98.56000      0.14429      0.00000
 98.57000      0.13538      0.00000
 98.58000      0.12638      0.00000
 98.59000      0.11802      0.00000
 98.60000      0.11076      0.00000
 98.61000      0.10477      0.00000
 98.62000      0.10017      0.00000
 98.63000      0.09697      0.00000
 98.64000      0.09513      0.00000
 98.65000      0.09460      0.00000
 98.66000      0.09533      0.00000
 98.67000      0.09724      0.00000
 98.68000      0.10034      0.00000
 98.69000      0.10464      0.00000
 98.70000      0.11023      0.00000
 98.71000      0.11726      0.00000
 98.72000      0.12595      0.00000
 98.73000      0.13660      0.00000
 98.74000      0.14965      0.00000
 98.75000      0.16561      0.00000
 98.76000      0.18513      0.00000
 98.77000      0.20892      0.00000
 98.78000      0.23782      0.00000
 98.79000      0.27264      0.00000
 98.80000      0.31421      0.00000
 98.81000      0.36323      0.00000
 98.82000      0.42017      0.00000
 98.83000      0.48514      0.00000
 98.84000      0.55755      0.00000
 98.85000      0.63580      0.00000
 98.86000      0.71673      0.00000
 98.87000      0.79516      0.00000
 98.88000      0.86387      0.00000
 98.89000      0.91469      0.00000
 98.90000      0.94096      0.00000
 98.91000      0.94034      0.00000
 98.92000      0.91613      0.00000
 98.93000      0.87595      0.00000
 98.94000      0.82889      0.00000
 98.95000      0.78296      0.00000
 98.96000      0.74402      0.00000
 98.97000      0.71562      0.00000
 98.98000      0.69940      0.00000
 98.99000      0.69537      0.00000
 99.00000      0.70198      0.00000
 99.01000      0.71607      0.00000
 99.02000      0.73269      0.00000
 99.03000      0.74543      0.00000
 99.04000      0.74754      0.00000
 99.05000      0.73388      0.00000
 99.06000      0.70284      0.00000
 99.07000      0.65675      0.00000
 99.08000      0.60056      0.00000
 99.09000      0.53977      0.00000
 99.10000      0.47898      0.00000
 99.11000      0.42132      0.00000
 99.12000      0.36860      0.00000
 99.13000      0.32166      0.00000
 99.14000      0.28070      0.00000
 99.15000      0.24553      0.00000
 99.16000      0.21572      0.00000
 99.17000      0.19071      0.00000
 99.18000      0.16990      0.00000
 99.19000      0.15267      0.00000
 99.20000      0.13844      0.00000
 99.21000      0.12668      0.00000
 99.22000      0.11694      0.00000
 99.23000      0.10883      0.00000
 99.24000      0.10205      0.00000
 99.25000      0.09632      0.00000
 99.26000      0.09152      0.00000
 99.27000      0.08746      0.00000
 99.28000      0.08404      0.00000
 99.29000      0.08118      0.00000
 99.30000      0.07882      0.00000
 99.31000      0.07693      0.00000
 99.32000      0.07548      0.00000
 99.33000      0.07446      0.00000
 99.34000      0.07388      0.00000
 99.35000      0.07376      0.00000
 99.36000      0.07414      0.00000
 99.37000      0.07507      0.00000
 99.38000      0.07662      0.00000
 99.39000      0.07890      0.00000
 99.40000      0.08201      0.00000
 99.41000      0.08610      0.00000
 99.42000      0.09130      0.00000
 99.43000      0.09777      0.00000
 99.44000      0.10567      0.00000
 99.45000      0.11513      0.00000
 99.46000      0.12625      0.00000
 99.47000      0.13906      0.00000
 99.48000      0.15349      0.00000
 99.49000      0.16925      0.00000
 99.50000      0.18580      0.00000
 99.51000      0.20226      0.00000
 99.52000      0.21744      0.00000
 99.53000      0.23014      0.00000
 99.54000      0.23955      0.00000
 99.55000      0.24566      0.00000
 99.56000      0.24928      0.00000
 99.57000      0.25174      0.00000
 99.58000      0.25427      0.00000
 99.59000      0.25766      0.00000
 99.60000      0.26201      0.00000
 99.61000      0.26667      0.00000
 99.62000      0.27031      0.00000
 99.63000      0.27126      0.00000
 99.64000      0.26801      0.00000
 99.65000      0.25985      0.00000
 99.66000      0.24717      0.00000
 99.67000      0.23131      0.00000
 99.68000      0.21384      0.00000
 99.69000      0.19628      0.00000
 99.70000      0.17970      0.00000
 99.71000      0.16476      0.00000
 99.72000      0.15178      0.00000
 99.73000      0.14088      0.00000
 99.74000      0.13206      0.00000
 99.75000      0.12523      0.00000
 99.76000      0.12025      0.00000
 99.77000      0.11699      0.00000
 99.78000      0.11532      0.00000
 99.79000      0.11512      0.00000
 99.80000      0.11631      0.00000
 99.81000      0.11886      0.00000
 99.82000      0.12278      0.00000
 99.83000      0.12815      0.00000
 99.84000      0.13511      0.00000
 99.85000      0.14387      0.00000
 99.86000      0.15474      0.00000
 99.87000      0.16812      0.00000
 99.88000      0.18449      0.00000
 99.89000      0.20446      0.00000
 99.90000      0.22873      0.00000
 99.91000      0.25810      0.00000
 99.92000      0.29340      0.00000
 99.93000      0.33547      0.00000
 99.94000      0.38504      0.00000
 99.95000      0.44261      0.00000
 99.96000      0.50828      0.00000
 99.97000      0.58165      0.00000
 99.98000      0.66180      0.00000
 99.99000      0.74729      0.00000
100.00000      0.83614      0.00000
100.01000      0.92540      0.00000
100.02000      1.01045      0.00000
100.03000      1.08443      0.00000
100.04000      1.13871      0.00000
100.05000      1.16480      0.00000
100.06000      1.15728      0.00000
100.07000      1.11610      0.00000
100.08000      1.04671      0.00000
100.09000      0.95808      0.00000
100.10000      0.85981      0.00000
100.11000      0.75999      0.00000
100.12000      0.66431      0.00000
100.13000      0.57623      0.00000
100.14000      0.49746      0.00000
100.15000      0.42858      0.00000
100.16000      0.36939      0.00000
100.17000      0.31927      0.00000
100.18000      0.27734      0.00000
100.19000      0.24260      0.00000
100.20000      0.21404      0.00000
100.21000      0.19069      0.00000
100.22000      0.17168      0.00000
100.23000      0.15627      0.00000
100.24000      0.14382      0.00000
100.25000      0.13384      0.00000
100.26000      0.12598      0.00000
100.27000      0.11997      0.00000
100.28000      0.11564      0.00000
100.29000      0.11288      0.00000
100.30000      0.11165      0.00000
100.31000      0.11193      0.00000
100.32000      0.11372      0.00000
100.33000      0.11699      0.00000
100.34000      0.12169      0.00000
100.35000      0.12771      0.00000
100.36000      0.13479      0.00000
100.37000      0.14252      0.00000
100.38000      0.15020      0.00000
100.39000      0.15689      0.00000
100.40000      0.16143      0.00000
100.41000      0.16276      0.00000
100.42000      0.16027      0.00000
100.43000      0.15404      0.00000
100.44000      0.14484      0.00000
100.45000      0.13373      0.00000
100.46000      0.12180      0.00000
100.47000      0.10990      0.00000
100.48000      0.09859      0.00000
100.49000      0.08820      0.00000
100.50000      0.07887      0.00000
100.51000      0.07066      0.00000
100.52000      0.06352      0.00000
100.53000      0.05738      0.00000
100.54000      0.05214      0.00000
100.55000      0.04769      0.00000
100.56000      0.04392      0.00000
100.57000      0.04071      0.00000
100.58000      0.03798      0.00000
100.59000      0.03564      0.00000
100.60000      0.03360      0.00000
100.61000      0.03182      0.00000
100.62000      0.03025      0.00000
100.63000      0.02885      0.00000
100.64000      0.02759      0.00000
100.65000      0.02645      0.00000
100.66000      0.02540      0.00000
100.67000      0.02444      0.00000
100.68000      0.02356      0.00000
100.69000      0.02274      0.00000
100.70000      0.02198      0.00000
100.71000      0.02127      0.00000
100.72000      0.02061      0.00000
100.73000      0.01999      0.00000
100.74000      0.01941      0.00000
100.75000      0.01887      0.00000
100.76000      0.01835      0.00000
100.77000      0.01787      0.00000
100.78000      0.01741      0.00000
100.79000      0.01698      0.00000
100.80000      0.01657      0.00000
100.81000      0.01619      0.00000
100.82000      0.01582      0.00000
100.83000      0.01547      0.00000
100.84000      0.01514      0.00000
100.85000      0.01483      0.00000
100.86000      0.01453      0.00000
100.87000      0.01424      0.00000
100.88000      0.01397      0.00000
100.89000      0.01371      0.00000
100.90000      0.01346      0.00000
100.91000      0.01322      0.00000
100.92000      0.01300      0.00000
100.93000      0.01278      0.00000
100.94000      0.01257      0.00000
100.95000      0.01237      0.00000
100.96000      0.01218      0.00000
100.97000      0.01200      0.00000
100.98000      0.01183      0.00000
100.99000      0.01166      0.00000
101.00000      0.01150      0.00000
101.01000      0.01135      0.00000
101.02000      0.01121      0.00000
101.03000      0.01107      0.00000
101.04000      0.01093      0.00000
101.05000      0.01081      0.00000
101.06000      0.01068      0.00000
101.07000      0.01057      0.00000
101.08000      0.01046      0.00000
101.09000      0.01035      0.00000
101.10000      0.01025      0.00000
101.11000      0.01015      0.00000
101.12000      0.01006      0.00000
101.13000      0.00997      0.00000
101.14000      0.00989      0.00000
101.15000      0.00981      0.00000
101.16000      0.00973      0.00000
101.17000      0.00966      0.00000
101.18000      0.00960      0.00000
101.19000      0.00953      0.00000
101.20000      0.00948      0.00000
101.21000      0.00942      0.00000
101.22000      0.00937      0.00000
101.23000      0.00932      0.00000
101.24000      0.00928      0.00000
101.25000      0.00924      0.00000
101.26000      0.00921      0.00000
101.27000      0.00917      0.00000
101.28000      0.00915      0.00000
101.29000      0.00912      0.00000
101.30000      0.00910      0.00000
101.31000      0.00908      0.00000
101.32000      0.00907      0.00000
101.33000      0.00906      0.00000
101.34000      0.00906      0.00000
101.35000      0.00906      0.00000
101.36000      0.00906      0.00000
101.37000      0.00907      0.00000
101.38000      0.00909      0.00000
101.39000      0.00910      0.00000
101.40000      0.00914      0.00000
101.41000      0.00917      0.00000
101.42000      0.00920      0.00000
101.43000      0.00924      0.00000
101.44000      0.00928      0.00000
101.45000      0.00934      0.00000
101.46000      0.00939      0.00000
101.47000      0.00946      0.00000
101.48000      0.00953      0.00000
101.49000      0.00961      0.00000
101.50000      0.00970      0.00000
101.51000      0.00982      0.00000
101.52000      0.00993      0.00000
101.53000      0.01004      0.00000
101.54000      0.01017      0.00000
101.55000      0.01031      0.00000
101.56000      0.01046      0.00000
101.57000      0.01063      0.00000
101.58000      0.01083      0.00000
101.59000      0.01102      0.00000
101.60000      0.01124      0.00000
101.61000      0.01150      0.00000
101.62000      0.01176      0.00000
101.63000      0.01204      0.00000
101.64000      0.01235      0.00000
101.65000      0.01269      0.00000
101.66000      0.01307      0.00000
101.67000      0.01348      0.00000
101.68000      0.01394      0.00000
101.69000      0.01445      0.00000
101.70000      0.01501      0.00000
101.71000      0.01565      0.00000
101.72000      0.01636      0.00000
101.73000      0.01717      0.00000
101.74000      0.01809      0.00000
101.75000      0.01916      0.00000
101.76000      0.02040      0.00000
101.77000      0.02187      0.00000
101.78000      0.02360      0.00000
101.79000      0.02568      0.00000
101.80000      0.02818      0.00000
101.81000      0.03119      0.00000
101.82000      0.03482      0.00000
101.83000      0.03917      0.00000
101.84000      0.04437      0.00000
101.85000      0.05052      0.00000
101.86000      0.05771      0.00000
101.87000      0.06601      0.00000
101.88000      0.07542      0.00000
101.89000      0.08587      0.00000
101.90000      0.09715      0.00000
101.91000      0.10887      0.00000
101.92000      0.12037      0.00000
101.93000      0.13072      0.00000
101.94000      0.13875      0.00000
101.95000      0.14335      0.00000
101.96000      0.14376      0.00000
101.97000      0.13993      0.00000
101.98000      0.13249      0.00000
101.99000      0.12255      0.00000
102.00000      0.11127      0.00000
102.01000      0.09965      0.00000
102.02000      0.08836      0.00000
102.03000      0.07785      0.00000
102.04000      0.06835      0.00000
102.05000      0.05996      0.00000
102.06000      0.05268      0.00000
102.07000      0.04646      0.00000
102.08000      0.04120      0.00000
102.09000      0.03681      0.00000
102.10000      0.03317      0.00000
102.11000      0.03017      0.00000
102.12000      0.02770      0.00000
102.13000      0.02566      0.00000
102.14000      0.02398      0.00000
102.15000      0.02259      0.00000
102.16000      0.02143      0.00000
102.17000      0.02046      0.00000
102.18000      0.01963      0.00000
102.19000      0.01893      0.00000
102.20000      0.01835      0.00000
102.21000      0.01783      0.00000
102.22000      0.01739      0.00000
102.23000      0.01702      0.00000
102.24000      0.01670      0.00000
102.25000      0.01643      0.00000
102.26000      0.01621      0.00000
102.27000      0.01603      0.00000
102.28000      0.01585      0.00000
102.29000      0.01574      0.00000
102.30000      0.01567      0.00000
102.31000      0.01563      0.00000
102.32000      0.01562      0.00000
102.33000      0.01564      0.00000
102.34000      0.01569      0.00000
102.35000      0.01577      0.00000
102.36000      0.01587      0.00000
102.37000      0.01601      0.00000
102.38000      0.01617      0.00000
102.39000      0.01636      0.00000
102.40000      0.01657      0.00000
102.41000      0.01679      0.00000
102.42000      0.01704      0.00000
102.43000      0.01729      0.00000
102.44000      0.01756      0.00000
102.45000      0.01783      0.00000
102.46000      0.01811      0.00000
102.47000      0.01841      0.00000
102.48000      0.01874      0.00000
102.49000      0.01907      0.00000
102.50000      0.01946      0.00000
102.51000      0.01989      0.00000
102.52000      0.02037      0.00000
102.53000      0.02090      0.00000
102.54000      0.02148      0.00000
102.55000      0.02211      0.00000
102.56000      0.02281      0.00000
102.57000      0.02358      0.00000
102.58000      0.02442      0.00000
102.59000      0.02535      0.00000
102.60000      0.02637      0.00000
102.61000      0.02750      0.00000
102.62000      0.02874      0.00000
102.63000      0.03012      0.00000
102.64000      0.03168      0.00000
102.65000      0.03344      0.00000
102.66000      0.03545      0.00000
102.67000      0.03775      0.00000
102.68000      0.04043      0.00000
102.69000      0.04356      0.00000
102.70000      0.04726      0.00000
102.71000      0.05164      0.00000
102.72000      0.05687      0.00000
102.73000      0.06310      0.00000
102.74000      0.07048      0.00000
102.75000      0.07926      0.00000
102.76000      0.08959      0.00000
102.77000      0.10161      0.00000
102.78000      0.11544      0.00000
102.79000      0.13111      0.00000
102.80000      0.14852      0.00000
102.81000      0.16741      0.00000
102.82000      0.18723      0.00000
102.83000      0.20703      0.00000
102.84000      0.22542      0.00000
102.85000      0.24065      0.00000
102.86000      0.25083      0.00000
102.87000      0.25453      0.00000
102.88000      0.25128      0.00000
102.89000      0.24175      0.00000
102.90000      0.22751      0.00000
102.91000      0.21044      0.00000
102.92000      0.19228      0.00000
102.93000      0.17436      0.00000
102.94000      0.15751      0.00000
102.95000      0.14225      0.00000
102.96000      0.12884      0.00000
102.97000      0.11735      0.00000
102.98000      0.10774      0.00000
102.99000      0.09990      0.00000
103.00000      0.09368      0.00000
103.01000      0.08895      0.00000
103.02000      0.08552      0.00000
103.03000      0.08324      0.00000
103.04000      0.08197      0.00000
103.05000      0.08159      0.00000
103.06000      0.08200      0.00000
103.07000      0.08315      0.00000
103.08000      0.08499      0.00000
103.09000      0.08751      0.00000
103.10000      0.09071      0.00000
103.11000      0.09464      0.00000
103.12000      0.09938      0.00000
103.13000      0.10502      0.00000
103.14000      0.11171      0.00000
103.15000      0.11967      0.00000
103.16000      0.12915      0.00000
103.17000      0.14049      0.00000
103.18000      0.15411      0.00000
103.19000      0.17052      0.00000
103.20000      0.19034      0.00000
103.21000      0.21424      0.00000
103.22000      0.24301      0.00000
103.23000      0.27744      0.00000
103.24000      0.31834      0.00000
103.25000      0.36647      0.00000
103.26000      0.42243      0.00000
103.27000      0.48660      0.00000
103.28000      0.55891      0.00000
103.29000      0.63871      0.00000
103.30000      0.72434      0.00000
103.31000      0.81275      0.00000
103.32000      0.89903      0.00000
103.33000      0.97631      0.00000
103.34000      1.03628      0.00000
103.35000      1.07091      0.00000
103.36000      1.07491      0.00000
103.37000      1.04774      0.00000
103.38000      0.99383      0.00000
103.39000      0.92088      0.00000
103.40000      0.83730      0.00000
103.41000      0.75039      0.00000
103.42000      0.66546      0.00000
103.43000      0.58595      0.00000
103.44000      0.51378      0.00000
103.45000      0.44983      0.00000
103.46000      0.39430      0.00000
103.47000      0.34692      0.00000
103.48000      0.30720      0.00000
103.49000      0.27446      0.00000
103.50000      0.24801      0.00000
103.51000      0.22715      0.00000
103.52000      0.21125      0.00000
103.53000      0.19977      0.00000
103.54000      0.19231      0.00000
103.55000      0.18858      0.00000
103.56000      0.18841      0.00000
103.57000      0.19177      0.00000
103.58000      0.19868      0.00000
103.59000      0.20924      0.00000
103.60000      0.22355      0.00000
103.61000      0.24169      0.00000
103.62000      0.26368      0.00000
103.63000      0.28934      0.00000
103.64000      0.31825      0.00000
103.65000      0.34959      0.00000
103.66000      0.38195      0.00000
103.67000      0.41310      0.00000
103.68000      0.44014      0.00000
103.69000      0.45968      0.00000
103.70000      0.46866      0.00000
103.71000      0.46530      0.00000
103.72000      0.44981      0.00000
103.73000      0.42425      0.00000
103.74000      0.39182      0.00000
103.75000      0.35580      0.00000
103.76000      0.31894      0.00000
103.77000      0.28320      0.00000
103.78000      0.24982      0.00000
103.79000      0.21947      0.00000
103.80000      0.19242      0.00000
103.81000      0.16871      0.00000
103.82000      0.14818      0.00000
103.83000      0.13060      0.00000
103.84000      0.11567      0.00000
103.85000      0.10307      0.00000
103.86000      0.09245      0.00000
103.87000      0.08353      0.00000
103.88000      0.07601      0.00000
103.89000      0.06964      0.00000
103.90000      0.06420      0.00000
103.91000      0.05954      0.00000
103.92000      0.05549      0.00000
103.93000      0.05194      0.00000
103.94000      0.04881      0.00000
103.95000      0.04599      0.00000
103.96000      0.04348      0.00000
103.97000      0.04122      0.00000
103.98000      0.03917      0.00000
103.99000      0.03730      0.00000
104.00000      0.03558      0.00000
104.01000      0.03402      0.00000
104.02000      0.03257      0.00000
104.03000      0.03123      0.00000
104.04000      0.02999      0.00000
104.05000      0.02885      0.00000
104.06000      0.02778      0.00000
104.07000      0.02678      0.00000
104.08000      0.02586      0.00000
104.09000      0.02499      0.00000
104.10000      0.02419      0.00000
104.11000      0.02343      0.00000
104.12000      0.02272      0.00000
104.13000      0.02206      0.00000
104.14000      0.02143      0.00000
104.15000      0.02085      0.00000
104.16000      0.02030      0.00000
104.17000      0.01978      0.00000
104.18000      0.01929      0.00000
104.19000      0.01883      0.00000
104.20000      0.01840      0.00000
104.21000      0.01799      0.00000
104.22000      0.01761      0.00000
104.23000      0.01725      0.00000
104.24000      0.01691      0.00000
104.25000      0.01659      0.00000
104.26000      0.01629      0.00000
104.27000      0.01601      0.00000
104.28000      0.01575      0.00000
104.29000      0.01550      0.00000
104.30000      0.01528      0.00000
104.31000      0.01507      0.00000
104.32000      0.01487      0.00000
104.33000      0.01469      0.00000
104.34000      0.01453      0.00000
104.35000      0.01438      0.00000
104.36000      0.01425      0.00000
104.37000      0.01413      0.00000
104.38000      0.01403      0.00000
104.39000      0.01395      0.00000
104.40000      0.01389      0.00000
104.41000      0.01384      0.00000
104.42000      0.01381      0.00000
104.43000      0.01381      0.00000
104.44000      0.01382      0.00000
104.45000      0.01387      0.00000
104.46000      0.01393      0.00000
104.47000      0.01404      0.00000
104.48000      0.01417      0.00000
104.49000      0.01436      0.00000
104.50000      0.01459      0.00000
104.51000      0.01488      0.00000
104.52000      0.01525      0.00000
104.53000      0.01572      0.00000
104.54000      0.01629      0.00000
104.55000      0.01699      0.00000
104.56000      0.01784      0.00000
104.57000      0.01888      0.00000
104.58000      0.02013      0.00000
104.59000      0.02161      0.00000
104.60000      0.02336      0.00000
104.61000      0.02538      0.00000
104.62000      0.02769      0.00000
104.63000      0.03028      0.00000
104.64000      0.03312      0.00000
104.65000      0.03615      0.00000
104.66000      0.03925      0.00000
104.67000      0.04227      0.00000
104.68000      0.04497      0.00000
104.69000      0.04711      0.00000
104.70000      0.04846      0.00000
104.71000      0.04883      0.00000
104.72000      0.04822      0.00000
104.73000      0.04670      0.00000
104.74000      0.04444      0.00000
104.75000      0.04169      0.00000
104.76000      0.03869      0.00000
104.77000      0.03564      0.00000
104.78000      0.03270      0.00000
104.79000      0.02996      0.00000
104.80000      0.02750      0.00000
104.81000      0.02532      0.00000
104.82000      0.02344      0.00000
104.83000      0.02184      0.00000
104.84000      0.02050      0.00000
104.85000      0.01940      0.00000
104.86000      0.01851      0.00000
104.87000      0.01782      0.00000
104.88000      0.01728      0.00000
104.89000      0.01689      0.00000
104.90000      0.01663      0.00000
104.91000      0.01647      0.00000
104.92000      0.01642      0.00000
104.93000      0.01646      0.00000
104.94000      0.01659      0.00000
104.95000      0.01681      0.00000
104.96000      0.01713      0.00000
104.97000      0.01756      0.00000
104.98000      0.01811      0.00000
104.99000      0.01880      0.00000
105.00000      0.01966      0.00000
105.01000      0.02070      0.00000
105.02000      0.02197      0.00000
105.03000      0.02350      0.00000
105.04000      0.02533      0.00000
105.05000      0.02748      0.00000
105.06000      0.03000      0.00000
105.07000      0.03289      0.00000
105.08000      0.03619      0.00000
105.09000      0.03987      0.00000
105.10000      0.04390      0.00000
105.11000      0.04818      0.00000
105.12000      0.05258      0.00000
105.13000      0.05686      0.00000
105.14000      0.06071      0.00000
105.15000      0.06375      0.00000
105.16000      0.06564      0.00000
105.17000      0.06615      0.00000
105.18000      0.06528      0.00000
105.19000      0.06321      0.00000
105.20000      0.06030      0.00000
105.21000      0.05691      0.00000
105.22000      0.05339      0.00000
105.23000      0.04999      0.00000
105.24000      0.04688      0.00000
105.25000      0.04417      0.00000
105.26000      0.04192      0.00000
105.27000      0.04017      0.00000
105.28000      0.03892      0.00000
105.29000      0.03818      0.00000
105.30000      0.03796      0.00000
105.31000      0.03827      0.00000
105.32000      0.03912      0.00000
105.33000      0.04056      0.00000
105.34000      0.04261      0.00000
105.35000      0.04537      0.00000
105.36000      0.04891      0.00000
105.37000      0.05335      0.00000
105.38000      0.05881      0.00000
105.39000      0.06543      0.00000
105.40000      0.07335      0.00000
105.41000      0.08269      0.00000
105.42000      0.09358      0.00000
105.43000      0.10607      0.00000
105.44000      0.12019      0.00000
105.45000      0.13585      0.00000
105.46000      0.15283      0.00000
105.47000      0.17066      0.00000
105.48000      0.18860      0.00000
105.49000      0.20551      0.00000
105.50000      0.21995      0.00000
105.51000      0.23029      0.00000
105.52000      0.23513      0.00000
105.53000      0.23374      0.00000
105.54000      0.22631      0.00000
105.55000      0.21390      0.00000
105.56000      0.19804      0.00000
105.57000      0.18032      0.00000
105.58000      0.16207      0.00000
105.59000      0.14427      0.00000
105.60000      0.12755      0.00000
105.61000      0.11227      0.00000
105.62000      0.09859      0.00000
105.63000      0.08654      0.00000
105.64000      0.07607      0.00000
105.65000      0.06709      0.00000
105.66000      0.05945      0.00000
105.67000      0.05301      0.00000
105.68000      0.04761      0.00000
105.69000      0.04310      0.00000
105.70000      0.03934      0.00000
105.71000      0.03620      0.00000
105.72000      0.03357      0.00000
105.73000      0.03136      0.00000
105.74000      0.02950      0.00000
105.75000      0.02792      0.00000
105.76000      0.02658      0.00000
105.77000      0.02544      0.00000
105.78000      0.02446      0.00000
105.79000      0.02364      0.00000
105.80000      0.02296      0.00000
105.81000      0.02240      0.00000
105.82000      0.02197      0.00000
105.83000      0.02165      0.00000
105.84000      0.02147      0.00000
105.85000      0.02141      0.00000
105.86000      0.02148      0.00000
105.87000      0.02172      0.00000
105.88000      0.02212      0.00000
105.89000      0.02270      0.00000
105.90000      0.02347      0.00000
105.91000      0.02445      0.00000
105.92000      0.02564      0.00000
105.93000      0.02705      0.00000
105.94000      0.02867      0.00000
105.95000      0.03047      0.00000
105.96000      0.03241      0.00000
105.97000      0.03440      0.00000
105.98000      0.03632      0.00000
105.99000      0.03805      0.00000
106.00000      0.03938      0.00000
106.01000      0.04014      0.00000
106.02000      0.04022      0.00000
106.03000      0.03962      0.00000
106.04000      0.03843      0.00000
106.05000      0.03681      0.00000
106.06000      0.03495      0.00000
106.07000      0.03301      0.00000
106.08000      0.03113      0.00000
106.09000      0.02938      0.00000
106.10000      0.02783      0.00000
106.11000      0.02651      0.00000
106.12000      0.02543      0.00000
106.13000      0.02461      0.00000
106.14000      0.02405      0.00000
106.15000      0.02375      0.00000
106.16000      0.02372      0.00000
106.17000      0.02396      0.00000
106.18000      0.02448      0.00000
106.19000      0.02530      0.00000
106.20000      0.02643      0.00000
106.21000      0.02789      0.00000
106.22000      0.02970      0.00000
106.23000      0.03186      0.00000
106.24000      0.03440      0.00000
106.25000      0.03730      0.00000
106.26000      0.04055      0.00000
106.27000      0.04409      0.00000
106.28000      0.04782      0.00000
106.29000      0.05159      0.00000
106.30000      0.05518      0.00000
106.31000      0.05830      0.00000
106.32000      0.06063      0.00000
106.33000      0.06190      0.00000
106.34000      0.06197      0.00000
106.35000      0.06089      0.00000
106.36000      0.05883      0.00000
106.37000      0.05611      0.00000
106.38000      0.05306      0.00000
106.39000      0.04994      0.00000
106.40000      0.04695      0.00000
106.41000      0.04425      0.00000
106.42000      0.04186      0.00000
106.43000      0.03983      0.00000
106.44000      0.03814      0.00000
106.45000      0.03675      0.00000
106.46000      0.03562      0.00000
106.47000      0.03467      0.00000
106.48000      0.03383      0.00000
106.49000      0.03308      0.00000
106.50000      0.03238      0.00000
106.51000      0.03174      0.00000
106.52000      0.03118      0.00000
106.53000      0.03073      0.00000
106.54000      0.03040      0.00000
106.55000      0.03021      0.00000
106.56000      0.03016      0.00000
106.57000      0.03027      0.00000
106.58000      0.03053      0.00000
106.59000      0.03095      0.00000
106.60000      0.03152      0.00000
106.61000      0.03226      0.00000
106.62000      0.03317      0.00000
106.63000      0.03426      0.00000
106.64000      0.03554      0.00000
106.65000      0.03704      0.00000
106.66000      0.03877      0.00000
106.67000      0.04077      0.00000
106.68000      0.04309      0.00000
106.69000      0.04577      0.00000
106.70000      0.04890      0.00000
106.71000      0.05256      0.00000
106.72000      0.05685      0.00000
106.73000      0.06192      0.00000
106.74000      0.06791      0.00000
106.75000      0.07499      0.00000
106.76000      0.08337      0.00000
106.77000      0.09325      0.00000
106.78000      0.10486      0.00000
106.79000      0.11839      0.00000
106.80000      0.13405      0.00000
106.81000      0.15199      0.00000
106.82000      0.17227      0.00000
106.83000      0.19485      0.00000
106.84000      0.21953      0.00000
106.85000      0.24588      0.00000
106.86000      0.27319      0.00000
106.87000      0.30046      0.00000
106.88000      0.32633      0.00000
106.89000      0.34914      0.00000
106.90000      0.36707      0.00000
106.91000      0.37847      0.00000
106.92000      0.38225      0.00000
106.93000      0.37816      0.00000
106.94000      0.36688      0.00000
106.95000      0.34965      0.00000
106.96000      0.32800      0.00000
106.97000      0.30344      0.00000
106.98000      0.27736      0.00000
106.99000      0.25097      0.00000
107.00000      0.22528      0.00000
107.01000      0.20104      0.00000
107.02000      0.17875      0.00000
107.03000      0.15867      0.00000
107.04000      0.14089      0.00000
107.05000      0.12536      0.00000
107.06000      0.11195      0.00000
107.07000      0.10049      0.00000
107.08000      0.09077      0.00000
107.09000      0.08258      0.00000
107.10000      0.07571      0.00000
107.11000      0.06997      0.00000
107.12000      0.06518      0.00000
107.13000      0.06119      0.00000
107.14000      0.05787      0.00000
107.15000      0.05511      0.00000
107.16000      0.05281      0.00000
107.17000      0.05091      0.00000
107.18000      0.04933      0.00000
107.19000      0.04805      0.00000
107.20000      0.04700      0.00000
107.21000      0.04618      0.00000
107.22000      0.04555      0.00000
107.23000      0.04510      0.00000
107.24000      0.04481      0.00000
107.25000      0.04468      0.00000
107.26000      0.04470      0.00000
107.27000      0.04486      0.00000
107.28000      0.04516      0.00000
107.29000      0.04561      0.00000
107.30000      0.04620      0.00000
107.31000      0.04693      0.00000
107.32000      0.04781      0.00000
107.33000      0.04885      0.00000
107.34000      0.05005      0.00000
107.35000      0.05143      0.00000
107.36000      0.05299      0.00000
107.37000      0.05475      0.00000
107.38000      0.05674      0.00000
107.39000      0.05897      0.00000
107.40000      0.06147      0.00000
107.41000      0.06430      0.00000
107.42000      0.06748      0.00000
107.43000      0.07106      0.00000
107.44000      0.07513      0.00000
107.45000      0.07978      0.00000
107.46000      0.08512      0.00000
107.47000      0.09129      0.00000
107.48000      0.09847      0.00000
107.49000      0.10687      0.00000
107.50000      0.11675      0.00000
107.51000      0.12837      0.00000
107.52000      0.14206      0.00000
107.53000      0.15818      0.00000
107.54000      0.17711      0.00000
107.55000      0.19921      0.00000
107.56000      0.22484      0.00000
107.57000      0.25433      0.00000
107.58000      0.28790      0.00000
107.59000      0.32567      0.00000
107.60000      0.36754      0.00000
107.61000      0.41311      0.00000
107.62000      0.46155      0.00000
107.63000      0.51141      0.00000
107.64000      0.56048      0.00000
107.65000      0.60580      0.00000
107.66000      0.64392      0.00000
107.67000      0.67154      0.00000
107.68000      0.68650      0.00000
107.69000      0.68848      0.00000
107.70000      0.67926      0.00000
107.71000      0.66217      0.00000
107.72000      0.64109      0.00000
107.73000      0.61965      0.00000
107.74000      0.60069      0.00000
107.75000      0.58608      0.00000
107.76000      0.57673      0.00000
107.77000      0.57272      0.00000
107.78000      0.57318      0.00000
107.79000      0.57651      0.00000
107.80000      0.58028      0.00000
107.81000      0.58155      0.00000
107.82000      0.57735      0.00000
107.83000      0.56542      0.00000
107.84000      0.54479      0.00000
107.85000      0.51609      0.00000
107.86000      0.48117      0.00000
107.87000      0.44244      0.00000
107.88000      0.40229      0.00000
107.89000      0.36262      0.00000
107.90000      0.32478      0.00000
107.91000      0.28965      0.00000
107.92000      0.25765      0.00000
107.93000      0.22896      0.00000
107.94000      0.20355      0.00000
107.95000      0.18127      0.00000
107.96000      0.16192      0.00000
107.97000      0.14522      0.00000
107.98000      0.13089      0.00000
107.99000      0.11864      0.00000
108.00000      0.10818      0.00000
108.01000      0.09925      0.00000
108.02000      0.09161      0.00000
108.03000      0.08506      0.00000
108.04000      0.07940      0.00000
108.05000      0.07449      0.00000
108.06000      0.07021      0.00000
108.07000      0.06644      0.00000
108.08000      0.06311      0.00000
108.09000      0.06015      0.00000
108.10000      0.05751      0.00000
108.11000      0.05514      0.00000
108.12000      0.05301      0.00000
108.13000      0.05109      0.00000
108.14000      0.04937      0.00000
108.15000      0.04782      0.00000
108.16000      0.04642      0.00000
108.17000      0.04517      0.00000
108.18000      0.04405      0.00000
108.19000      0.04306      0.00000
108.20000      0.04219      0.00000
108.21000      0.04143      0.00000
108.22000      0.04078      0.00000
108.23000      0.04022      0.00000
108.24000      0.03976      0.00000
108.25000      0.03940      0.00000
108.26000      0.03912      0.00000
108.27000      0.03893      0.00000
108.28000      0.03881      0.00000
108.29000      0.03876      0.00000
108.30000      0.03879      0.00000
108.31000      0.03888      0.00000
108.32000      0.03905      0.00000
108.33000      0.03929      0.00000
108.34000      0.03964      0.00000
108.35000      0.04010      0.00000
108.36000      0.04070      0.00000
108.37000      0.04146      0.00000
108.38000      0.04243      0.00000
108.39000      0.04362      0.00000
108.40000      0.04509      0.00000
108.41000      0.04687      0.00000
108.42000      0.04902      0.00000
108.43000      0.05159      0.00000
108.44000      0.05464      0.00000
108.45000      0.05824      0.00000
108.46000      0.06245      0.00000
108.47000      0.06730      0.00000
108.48000      0.07286      0.00000
108.49000      0.07914      0.00000
108.50000      0.08615      0.00000
108.51000      0.09382      0.00000
108.52000      0.10205      0.00000
108.53000      0.11065      0.00000
108.54000      0.11931      0.00000
108.55000      0.12759      0.00000
108.56000      0.13496      0.00000
108.57000      0.14082      0.00000
108.58000      0.14472      0.00000
108.59000      0.14642      0.00000
108.60000      0.14604      0.00000
108.61000      0.14403      0.00000
108.62000      0.14101      0.00000
108.63000      0.13767      0.00000
108.64000      0.13463      0.00000
108.65000      0.13240      0.00000
108.66000      0.13132      0.00000
108.67000      0.13166      0.00000
108.68000      0.13356      0.00000
108.69000      0.13710      0.00000
108.70000      0.14226      0.00000
108.71000      0.14895      0.00000
108.72000      0.15697      0.00000
108.73000      0.16598      0.00000
108.74000      0.17548      0.00000
108.75000      0.18479      0.00000
108.76000      0.19305      0.00000
108.77000      0.19938      0.00000
108.78000      0.20301      0.00000
108.79000      0.20352      0.00000
108.80000      0.20097      0.00000
108.81000      0.19588      0.00000
108.82000      0.18908      0.00000
108.83000      0.18146      0.00000
108.84000      0.17388      0.00000
108.85000      0.16699      0.00000
108.86000      0.16133      0.00000
108.87000      0.15727      0.00000
108.88000      0.15510      0.00000
108.89000      0.15503      0.00000
108.90000      0.15722      0.00000
108.91000      0.16182      0.00000
108.92000      0.16892      0.00000
108.93000      0.17858      0.00000
108.94000      0.19083      0.00000
108.95000      0.20565      0.00000
108.96000      0.22290      0.00000
108.97000      0.24234      0.00000
108.98000      0.26356      0.00000
108.99000      0.28586      0.00000
109.00000      0.30827      0.00000
109.01000      0.32944      0.00000
109.02000      0.34777      0.00000
109.03000      0.36163      0.00000
109.04000      0.36973      0.00000
109.05000      0.37147      0.00000
109.06000      0.36719      0.00000
109.07000      0.35804      0.00000
109.08000      0.34566      0.00000
109.09000      0.33183      0.00000
109.10000      0.31820      0.00000
109.11000      0.30613      0.00000
109.12000      0.29670      0.00000
109.13000      0.29074      0.00000
109.14000      0.28893      0.00000
109.15000      0.29176      0.00000
109.16000      0.29967      0.00000
109.17000      0.31303      0.00000
109.18000      0.33214      0.00000
109.19000      0.35720      0.00000
109.20000      0.38833      0.00000
109.21000      0.42544      0.00000
109.22000      0.46834      0.00000
109.23000      0.51642      0.00000
109.24000      0.56862      0.00000
109.25000      0.62327      0.00000
109.26000      0.67785      0.00000
109.27000      0.72891      0.00000
109.28000      0.77227      0.00000
109.29000      0.80349      0.00000
109.30000      0.81890      0.00000
109.31000      0.81659      0.00000
109.32000      0.79704      0.00000
109.33000      0.76299      0.00000
109.34000      0.71858      0.00000
109.35000      0.66827      0.00000
109.36000      0.61605      0.00000
109.37000      0.56500      0.00000
109.38000      0.51726      0.00000
109.39000      0.47415      0.00000
109.40000      0.43636      0.00000
109.41000      0.40407      0.00000
109.42000      0.37706      0.00000
109.43000      0.35485      0.00000
109.44000      0.33660      0.00000
109.45000      0.32123      0.00000
109.46000      0.30752      0.00000
109.47000      0.29426      0.00000
109.48000      0.28046      0.00000
109.49000      0.26552      0.00000
109.50000      0.24935      0.00000
109.51000      0.23223      0.00000
109.52000      0.21470      0.00000
109.53000      0.19732      0.00000
109.54000      0.18056      0.00000
109.55000      0.16476      0.00000
109.56000      0.15013      0.00000
109.57000      0.13676      0.00000
109.58000      0.12467      0.00000
109.59000      0.11385      0.00000
109.60000      0.10422      0.00000
109.61000      0.09570      0.00000
109.62000      0.08820      0.00000
109.63000      0.08162      0.00000
109.64000      0.07585      0.00000
109.65000      0.07080      0.00000
109.66000      0.06635      0.00000
109.67000      0.06246      0.00000
109.68000      0.05904      0.00000
109.69000      0.05600      0.00000
109.70000      0.05331      0.00000
109.71000      0.05090      0.00000
109.72000      0.04873      0.00000
109.73000      0.04678      0.00000
109.74000      0.04502      0.00000
109.75000      0.04342      0.00000
109.76000      0.04196      0.00000
109.77000      0.04062      0.00000
109.78000      0.03941      0.00000
109.79000      0.03829      0.00000
109.80000      0.03728      0.00000
109.81000      0.03635      0.00000
109.82000      0.03550      0.00000
109.83000      0.03473      0.00000
109.84000      0.03404      0.00000
109.85000      0.03341      0.00000
109.86000      0.03284      0.00000
109.87000      0.03234      0.00000
109.88000      0.03190      0.00000
109.89000      0.03152      0.00000
109.90000      0.03120      0.00000
109.91000      0.03093      0.00000
109.92000      0.03072      0.00000
109.93000      0.03056      0.00000
109.94000      0.03047      0.00000
109.95000      0.03043      0.00000
109.96000      0.03045      0.00000
109.97000      0.03053      0.00000
109.98000      0.03068      0.00000
109.99000      0.03090      0.00000
110.00000      0.03119      0.00000
110.01000      0.03156      0.00000
110.02000      0.03202      0.00000
110.03000      0.03259      0.00000
110.04000      0.03326      0.00000
110.05000      0.03406      0.00000
110.06000      0.03501      0.00000
110.07000      0.03613      0.00000
110.08000      0.03746      0.00000
110.09000      0.03904      0.00000
110.10000      0.04091      0.00000
110.11000      0.04313      0.00000
110.12000      0.04577      0.00000
110.13000      0.04891      0.00000
110.14000      0.05264      0.00000
110.15000      0.05704      0.00000
110.16000      0.06221      0.00000
110.17000      0.06826      0.00000
110.18000      0.07529      0.00000
110.19000      0.08336      0.00000
110.20000      0.09255      0.00000
110.21000      0.10289      0.00000
110.22000      0.11436      0.00000
110.23000      0.12686      0.00000
110.24000      0.14022      0.00000
110.25000      0.15409      0.00000
110.26000      0.16796      0.00000
110.27000      0.18108      0.00000
110.28000      0.19254      0.00000
110.29000      0.20129      0.00000
110.30000      0.20641      0.00000
110.31000      0.20729      0.00000
110.32000      0.20386      0.00000
110.33000      0.19656      0.00000
110.34000      0.18627      0.00000
110.35000      0.17400      0.00000
110.36000      0.16074      0.00000
110.37000      0.14728      0.00000
110.38000      0.13422      0.00000
110.39000      0.12193      0.00000
110.40000      0.11067      0.00000
110.41000      0.10055      0.00000
110.42000      0.09160      0.00000
110.43000      0.08383      0.00000
110.44000      0.07718      0.00000
110.45000      0.07157      0.00000
110.46000      0.06694      0.00000
110.47000      0.06318      0.00000
110.48000      0.06022      0.00000
110.49000      0.05796      0.00000
110.50000      0.05634      0.00000
110.51000      0.05529      0.00000
110.52000      0.05476      0.00000
110.53000      0.05471      0.00000
110.54000      0.05512      0.00000
110.55000      0.05598      0.00000
110.56000      0.05728      0.00000
110.57000      0.05905      0.00000
110.58000      0.06130      0.00000
110.59000      0.06407      0.00000
110.60000      0.06742      0.00000
110.61000      0.07140      0.00000
110.62000      0.07608      0.00000
110.63000      0.08152      0.00000
110.64000      0.08782      0.00000
110.65000      0.09507      0.00000
110.66000      0.10338      0.00000
110.67000      0.11290      0.00000
110.68000      0.12381      0.00000
110.69000      0.13630      0.00000
110.70000      0.15057      0.00000
110.71000      0.16677      0.00000
110.72000      0.18498      0.00000
110.73000      0.20521      0.00000
110.74000      0.22728      0.00000
110.75000      0.25082      0.00000
110.76000      0.27518      0.00000
110.77000      0.29938      0.00000
110.78000      0.32204      0.00000
110.79000      0.34144      0.00000
110.80000      0.35575      0.00000
110.81000      0.36335      0.00000
110.82000      0.36328      0.00000
110.83000      0.35550      0.00000
110.84000      0.34092      0.00000
110.85000      0.32113      0.00000
110.86000      0.29795      0.00000
110.87000      0.27310      0.00000
110.88000      0.24797      0.00000
110.89000      0.22357      0.00000
110.90000      0.20058      0.00000
110.91000      0.17939      0.00000
110.92000      0.16022      0.00000
110.93000      0.14311      0.00000
110.94000      0.12804      0.00000
110.95000      0.11491      0.00000
110.96000      0.10358      0.00000
110.97000      0.09390      0.00000
110.98000      0.08568      0.00000
110.99000      0.07875      0.00000
111.00000      0.07295      0.00000
111.01000      0.06812      0.00000
111.02000      0.06412      0.00000
111.03000      0.06082      0.00000
111.04000      0.05812      0.00000
111.05000      0.05593      0.00000
111.06000      0.05419      0.00000
111.07000      0.05282      0.00000
111.08000      0.05180      0.00000
111.09000      0.05109      0.00000
111.10000      0.05067      0.00000
111.11000      0.05053      0.00000
111.12000      0.05067      0.00000
111.13000      0.05110      0.00000
111.14000      0.05182      0.00000
111.15000      0.05287      0.00000
111.16000      0.05428      0.00000
111.17000      0.05610      0.00000
111.18000      0.05839      0.00000
111.19000      0.06122      0.00000
111.20000      0.06468      0.00000
111.21000      0.06886      0.00000
111.22000      0.07388      0.00000
111.23000      0.07987      0.00000
111.24000      0.08696      0.00000
111.25000      0.09527      0.00000
111.26000      0.10494      0.00000
111.27000      0.11610      0.00000
111.28000      0.12883      0.00000
111.29000      0.14322      0.00000
111.30000      0.15926      0.00000
111.31000      0.17689      0.00000
111.32000      0.19594      0.00000
111.33000      0.21604      0.00000
111.34000      0.23664      0.00000
111.35000      0.25691      0.00000
111.36000      0.27577      0.00000
111.37000      0.29199      0.00000
111.38000      0.30438      0.00000
111.39000      0.31206      0.00000
111.40000      0.31477      0.00000
111.41000      0.31292      0.00000
111.42000      0.30750      0.00000
111.43000      0.29978      0.00000
111.44000      0.29103      0.00000
111.45000      0.28231      0.00000
111.46000      0.27429      0.00000
111.47000      0.26730      0.00000
111.48000      0.26130      0.00000
111.49000      0.25591      0.00000
111.50000      0.25054      0.00000
111.51000      0.24447      0.00000
111.52000      0.23704      0.00000
111.53000      0.22779      0.00000
111.54000      0.21662      0.00000
111.55000      0.20375      0.00000
111.56000      0.18966      0.00000
111.57000      0.17497      0.00000
111.58000      0.16025      0.00000
111.59000      0.14598      0.00000
111.60000      0.13252      0.00000
111.61000      0.12008      0.00000
111.62000      0.10878      0.00000
111.63000      0.09866      0.00000
111.64000      0.08972      0.00000
111.65000      0.08190      0.00000
111.66000      0.07514      0.00000
111.67000      0.06936      0.00000
111.68000      0.06445      0.00000
111.69000      0.06031      0.00000
111.70000      0.05683      0.00000
111.71000      0.05390      0.00000
111.72000      0.05138      0.00000
111.73000      0.04915      0.00000
111.74000      0.04709      0.00000
111.75000      0.04510      0.00000
111.76000      0.04311      0.00000
111.77000      0.04108      0.00000
111.78000      0.03903      0.00000
111.79000      0.03697      0.00000
111.80000      0.03494      0.00000
111.81000      0.03298      0.00000
111.82000      0.03110      0.00000
111.83000      0.02934      0.00000
111.84000      0.02770      0.00000
111.85000      0.02619      0.00000
111.86000      0.02479      0.00000
111.87000      0.02354      0.00000
111.88000      0.02237      0.00000
111.89000      0.02132      0.00000
111.90000      0.02036      0.00000
111.91000      0.01949      0.00000
111.92000      0.01869      0.00000
111.93000      0.01797      0.00000
111.94000      0.01732      0.00000
111.95000      0.01672      0.00000
111.96000      0.01617      0.00000
111.97000      0.01566      0.00000
111.98000      0.01519      0.00000
111.99000      0.01476      0.00000
112.00000      0.01436      0.00000
112.01000      0.01398      0.00000
112.02000      0.01363      0.00000
112.03000      0.01330      0.00000
112.04000      0.01299      0.00000
112.05000      0.01270      0.00000
112.06000      0.01242      0.00000
112.07000      0.01217      0.00000
112.08000      0.01192      0.00000
112.09000      0.01169      0.00000
112.10000      0.01147      0.00000
112.11000      0.01126      0.00000
112.12000      0.01106      0.00000
112.13000      0.01088      0.00000
112.14000      0.01070      0.00000
112.15000      0.01053      0.00000
112.16000      0.01037      0.00000
112.17000      0.01022      0.00000
112.18000      0.01008      0.00000
112.19000      0.00995      0.00000
112.20000      0.00982      0.00000
112.21000      0.00970      0.00000
112.22000      0.00958      0.00000
112.23000      0.00947      0.00000
112.24000      0.00937      0.00000
112.25000      0.00927      0.00000
112.26000      0.00918      0.00000
112.27000      0.00910      0.00000
112.28000      0.00902      0.00000
112.29000      0.00894      0.00000
112.30000      0.00887      0.00000
112.31000      0.00881      0.00000
112.32000      0.00875      0.00000
112.33000      0.00867      0.00000
112.34000      0.00862      0.00000
112.35000      0.00858      0.00000
112.36000      0.00854      0.00000
112.37000      0.00851      0.00000
112.38000      0.00849      0.00000
112.39000      0.00847      0.00000
112.40000      0.00846      0.00000
112.41000      0.00845      0.00000
112.42000      0.00845      0.00000
112.43000      0.00845      0.00000
112.44000      0.00846      0.00000
112.45000      0.00848      0.00000
112.46000      0.00849      0.00000
112.47000      0.00851      0.00000
112.48000      0.00854      0.00000
112.49000      0.00857      0.00000
112.50000      0.00860      0.00000
112.51000      0.00863      0.00000
112.52000      0.00868      0.00000
112.53000      0.00873      0.00000
112.54000      0.00878      0.00000
112.55000      0.00885      0.00000
112.56000      0.00893      0.00000
112.57000      0.00904      0.00000
112.58000      0.00915      0.00000
112.59000      0.00928      0.00000
112.60000      0.00942      0.00000
112.61000      0.00959      0.00000
112.62000      0.00979      0.00000
112.63000      0.01002      0.00000
112.64000      0.01029      0.00000
112.65000      0.01059      0.00000
112.66000      0.01094      0.00000
112.67000      0.01135      0.00000
112.68000      0.01181      0.00000
112.69000      0.01234      0.00000
112.70000      0.01295      0.00000
112.71000      0.01361      0.00000
112.72000      0.01437      0.00000
112.73000      0.01522      0.00000
112.74000      0.01617      0.00000
112.75000      0.01719      0.00000
112.76000      0.01830      0.00000
112.77000      0.01948      0.00000
112.78000      0.02070      0.00000
112.79000      0.02193      0.00000
112.80000      0.02314      0.00000
112.81000      0.02429      0.00000
112.82000      0.02532      0.00000
112.83000      0.02623      0.00000
112.84000      0.02703      0.00000
112.85000      0.02776      0.00000
112.86000      0.02847      0.00000
112.87000      0.02925      0.00000
112.88000      0.03017      0.00000
112.89000      0.03131      0.00000
112.90000      0.03271      0.00000
112.91000      0.03441      0.00000
112.92000      0.03643      0.00000
112.93000      0.03877      0.00000
112.94000      0.04140      0.00000
112.95000      0.04426      0.00000
112.96000      0.04727      0.00000
112.97000      0.05029      0.00000
112.98000      0.05314      0.00000
112.99000      0.05559      0.00000
113.00000      0.05740      0.00000
113.01000      0.05837      0.00000
113.02000      0.05837      0.00000
113.03000      0.05738      0.00000
113.04000      0.05550      0.00000
113.05000      0.05291      0.00000
113.06000      0.04983      0.00000
113.07000      0.04649      0.00000
113.08000      0.04308      0.00000
113.09000      0.03974      0.00000
113.10000      0.03657      0.00000
113.11000      0.03363      0.00000
113.12000      0.03096      0.00000
113.13000      0.02857      0.00000
113.14000      0.02647      0.00000
113.15000      0.02466      0.00000
113.16000      0.02311      0.00000
113.17000      0.02183      0.00000
113.18000      0.02077      0.00000
113.19000      0.01994      0.00000
113.20000      0.01932      0.00000
113.21000      0.01889      0.00000
113.22000      0.01864      0.00000
113.23000      0.01856      0.00000
113.24000      0.01866      0.00000
113.25000      0.01893      0.00000
113.26000      0.01939      0.00000
113.27000      0.02003      0.00000
113.28000      0.02088      0.00000
113.29000      0.02195      0.00000
113.30000      0.02326      0.00000
113.31000      0.02482      0.00000
113.32000      0.02665      0.00000
113.33000      0.02876      0.00000
113.34000      0.03117      0.00000
113.35000      0.03386      0.00000
113.36000      0.03683      0.00000
113.37000      0.04004      0.00000
113.38000      0.04344      0.00000
113.39000      0.04693      0.00000
113.40000      0.05037      0.00000
113.41000      0.05358      0.00000
113.42000      0.05636      0.00000
113.43000      0.05845      0.00000
113.44000      0.05965      0.00000
113.45000      0.05983      0.00000
113.46000      0.05896      0.00000
113.47000      0.05715      0.00000
113.48000      0.05457      0.00000
113.49000      0.05146      0.00000
113.50000      0.04805      0.00000
113.51000      0.04452      0.00000
113.52000      0.04104      0.00000
113.53000      0.03771      0.00000
113.54000      0.03459      0.00000
113.55000      0.03173      0.00000
113.56000      0.02915      0.00000
113.57000      0.02684      0.00000
113.58000      0.02481      0.00000
113.59000      0.02304      0.00000
113.60000      0.02151      0.00000
113.61000      0.02020      0.00000
113.62000      0.01909      0.00000
113.63000      0.01816      0.00000
113.64000      0.01738      0.00000
113.65000      0.01673      0.00000
113.66000      0.01620      0.00000
113.67000      0.01577      0.00000
113.68000      0.01542      0.00000
113.69000      0.01515      0.00000
113.70000      0.01494      0.00000
113.71000      0.01479      0.00000
113.72000      0.01469      0.00000
113.73000      0.01463      0.00000
113.74000      0.01461      0.00000
113.75000      0.01462      0.00000
113.76000      0.01468      0.00000
113.77000      0.01476      0.00000
113.78000      0.01488      0.00000
113.79000      0.01503      0.00000
113.80000      0.01522      0.00000
113.81000      0.01543      0.00000
113.82000      0.01568      0.00000
113.83000      0.01597      0.00000
113.84000      0.01629      0.00000
113.85000      0.01665      0.00000
113.86000      0.01706      0.00000
113.87000      0.01751      0.00000
113.88000      0.01801      0.00000
113.89000      0.01856      0.00000
113.90000      0.01917      0.00000
113.91000      0.01986      0.00000
113.92000      0.02062      0.00000
113.93000      0.02147      0.00000
113.94000      0.02242      0.00000
113.95000      0.02349      0.00000
113.96000      0.02471      0.00000
113.97000      0.02610      0.00000
113.98000      0.02768      0.00000
113.99000      0.02953      0.00000
114.00000      0.03164      0.00000
114.01000      0.03408      0.00000
114.02000      0.03692      0.00000
114.03000      0.04022      0.00000
114.04000      0.04406      0.00000
114.05000      0.04850      0.00000
114.06000      0.05363      0.00000
114.07000      0.05951      0.00000
114.08000      0.06623      0.00000
114.09000      0.07384      0.00000
114.10000      0.08239      0.00000
114.11000      0.09188      0.00000
114.12000      0.10231      0.00000
114.13000      0.11359      0.00000
114.14000      0.12558      0.00000
114.15000      0.13802      0.00000
114.16000      0.15055      0.00000
114.17000      0.16264      0.00000
114.18000      0.17358      0.00000
114.19000      0.18261      0.00000
114.20000      0.18894      0.00000
114.21000      0.19196      0.00000
114.22000      0.19133      0.00000
114.23000      0.18715      0.00000
114.24000      0.17987      0.00000
114.25000      0.17020      0.00000
114.26000      0.15892      0.00000
114.27000      0.14680      0.00000
114.28000      0.13445      0.00000
114.29000      0.12237      0.00000
114.30000      0.11084      0.00000
114.31000      0.10009      0.00000
114.32000      0.09024      0.00000
114.33000      0.08133      0.00000
114.34000      0.07336      0.00000
114.35000      0.06633      0.00000
114.36000      0.06016      0.00000
114.37000      0.05480      0.00000
114.38000      0.05017      0.00000
114.39000      0.04621      0.00000
114.40000      0.04284      0.00000
114.41000      0.03998      0.00000
114.42000      0.03756      0.00000
114.43000      0.03552      0.00000
114.44000      0.03381      0.00000
114.45000      0.03237      0.00000
114.46000      0.03117      0.00000
114.47000      0.03017      0.00000
114.48000      0.02935      0.00000
114.49000      0.02867      0.00000
114.50000      0.02813      0.00000
114.51000      0.02771      0.00000
114.52000      0.02740      0.00000
114.53000      0.02720      0.00000
114.54000      0.02709      0.00000
114.55000      0.02708      0.00000
114.56000      0.02718      0.00000
114.57000      0.02737      0.00000
114.58000      0.02768      0.00000
114.59000      0.02811      0.00000
114.60000      0.02864      0.00000
114.61000      0.02935      0.00000
114.62000      0.03023      0.00000
114.63000      0.03130      0.00000
114.64000      0.03258      0.00000
114.65000      0.03411      0.00000
114.66000      0.03590      0.00000
114.67000      0.03800      0.00000
114.68000      0.04043      0.00000
114.69000      0.04321      0.00000
114.70000      0.04638      0.00000
114.71000      0.04995      0.00000
114.72000      0.05392      0.00000
114.73000      0.05829      0.00000
114.74000      0.06302      0.00000
114.75000      0.06807      0.00000
114.76000      0.07334      0.00000
114.77000      0.07868      0.00000
114.78000      0.08388      0.00000
114.79000      0.08869      0.00000
114.80000      0.09279      0.00000
114.81000      0.09587      0.00000
114.82000      0.09766      0.00000
114.83000      0.09803      0.00000
114.84000      0.09697      0.00000
114.85000      0.09463      0.00000
114.86000      0.09130      0.00000
114.87000      0.08728      0.00000
114.88000      0.08288      0.00000
114.89000      0.07838      0.00000
114.90000      0.07396      0.00000
114.91000      0.06979      0.00000
114.92000      0.06595      0.00000
114.93000      0.06250      0.00000
114.94000      0.05948      0.00000
114.95000      0.05689      0.00000
114.96000      0.05473      0.00000
114.97000      0.05300      0.00000
114.98000      0.05165      0.00000
114.99000      0.05068      0.00000
115.00000      0.05006      0.00000
115.01000      0.04977      0.00000
115.02000      0.04979      0.00000
115.03000      0.05009      0.00000
115.04000      0.05066      0.00000
115.05000      0.05149      0.00000
115.06000      0.05257      0.00000
115.07000      0.05391      0.00000
115.08000      0.05550      0.00000
115.09000      0.05735      0.00000
115.10000      0.05948      0.00000
115.11000      0.06191      0.00000
115.12000      0.06466      0.00000
115.13000      0.06778      0.00000
115.14000      0.07129      0.00000
115.15000      0.07525      0.00000
115.16000      0.07972      0.00000
115.17000      0.08474      0.00000
115.18000      0.09040      0.00000
115.19000      0.09676      0.00000
115.20000      0.10393      0.00000
115.21000      0.11200      0.00000
115.22000      0.12109      0.00000
115.23000      0.13130      0.00000
115.24000      0.14278      0.00000
115.25000      0.15565      0.00000
115.26000      0.17003      0.00000
115.27000      0.18604      0.00000
115.28000      0.20378      0.00000
115.29000      0.22332      0.00000
115.30000      0.24475      0.00000
115.31000      0.26818      0.00000
115.32000      0.29376      0.00000
115.33000      0.32174      0.00000
115.34000      0.35245      0.00000
115.35000      0.38625      0.00000
115.36000      0.42345      0.00000
115.37000      0.46426      0.00000
115.38000      0.50866      0.00000
115.39000      0.55631      0.00000
115.40000      0.60647      0.00000
115.41000      0.65785      0.00000
115.42000      0.70859      0.00000
115.43000      0.75615      0.00000
115.44000      0.79752      0.00000
115.45000      0.82945      0.00000
115.46000      0.84901      0.00000
115.47000      0.85419      0.00000
115.48000      0.84430      0.00000
115.49000      0.82020      0.00000
115.50000      0.78401      0.00000
115.51000      0.73865      0.00000
115.52000      0.68724      0.00000
115.53000      0.63270      0.00000
115.54000      0.57748      0.00000
115.55000      0.52343      0.00000
115.56000      0.47186      0.00000
115.57000      0.42363      0.00000
115.58000      0.37923      0.00000
115.59000      0.33887      0.00000
115.60000      0.30258      0.00000
115.61000      0.27027      0.00000
115.62000      0.24171      0.00000
115.63000      0.21666      0.00000
115.64000      0.19481      0.00000
115.65000      0.17583      0.00000
115.66000      0.15942      0.00000
115.67000      0.14524      0.00000
115.68000      0.13301      0.00000
115.69000      0.12246      0.00000
115.70000      0.11333      0.00000
115.71000      0.10542      0.00000
115.72000      0.09853      0.00000
115.73000      0.09251      0.00000
115.74000      0.08722      0.00000
115.75000      0.08255      0.00000
115.76000      0.07840      0.00000
115.77000      0.07471      0.00000
115.78000      0.07140      0.00000
115.79000      0.06843      0.00000
115.80000      0.06576      0.00000
115.81000      0.06334      0.00000
115.82000      0.06117      0.00000
115.83000      0.05920      0.00000
115.84000      0.05743      0.00000
115.85000      0.05583      0.00000
115.86000      0.05439      0.00000
115.87000      0.05310      0.00000
115.88000      0.05195      0.00000
115.89000      0.05093      0.00000
115.90000      0.05003      0.00000
115.91000      0.04925      0.00000
115.92000      0.04857      0.00000
115.93000      0.04800      0.00000
115.94000      0.04753      0.00000
115.95000      0.04716      0.00000
115.96000      0.04688      0.00000
115.97000      0.04670      0.00000
115.98000      0.04661      0.00000
115.99000      0.04662      0.00000
116.00000      0.04673      0.00000
116.01000      0.04693      0.00000
116.02000      0.04724      0.00000
116.03000      0.04765      0.00000
116.04000      0.04817      0.00000
116.05000      0.04880      0.00000
116.06000      0.04955      0.00000
116.07000      0.05043      0.00000
116.08000      0.05145      0.00000
116.09000      0.05261      0.00000
116.10000      0.05394      0.00000
116.11000      0.05545      0.00000
116.12000      0.05716      0.00000
116.13000      0.05909      0.00000
116.14000      0.06128      0.00000
116.15000      0.06377      0.00000
116.16000      0.06660      0.00000
116.17000      0.06983      0.00000
116.18000      0.07352      0.00000
116.19000      0.07775      0.00000
116.20000      0.08261      0.00000
116.21000      0.08821      0.00000
116.22000      0.09466      0.00000
116.23000      0.10209      0.00000
116.24000      0.11064      0.00000
116.25000      0.12047      0.00000
116.26000      0.13173      0.00000
116.27000      0.14457      0.00000
116.28000      0.15915      0.00000
116.29000      0.17562      0.00000
116.30000      0.19409      0.00000
116.31000      0.21464      0.00000
116.32000      0.23731      0.00000
116.33000      0.26204      0.00000
116.34000      0.28868      0.00000
116.35000      0.31690      0.00000
116.36000      0.34618      0.00000
116.37000      0.37577      0.00000
116.38000      0.40466      0.00000
116.39000      0.43165      0.00000
116.40000      0.45548      0.00000
116.41000      0.47503      0.00000
116.42000      0.48959      0.00000
116.43000      0.49899      0.00000
116.44000      0.50355      0.00000
116.45000      0.50408      0.00000
116.46000      0.50147      0.00000
116.47000      0.49652      0.00000
116.48000      0.48974      0.00000
116.49000      0.48129      0.00000
116.50000      0.47107      0.00000
116.51000      0.45888      0.00000
116.52000      0.44467      0.00000
116.53000      0.42857      0.00000
116.54000      0.41105      0.00000
116.55000      0.39278      0.00000
116.56000      0.37455      0.00000
116.57000      0.35708      0.00000
116.58000      0.34096      0.00000
116.59000      0.32656      0.00000
116.60000      0.31405      0.00000
116.61000      0.30339      0.00000
116.62000      0.29441      0.00000
116.63000      0.28685      0.00000
116.64000      0.28045      0.00000
116.65000      0.27500      0.00000
116.66000      0.27040      0.00000
116.67000      0.26665      0.00000
116.68000      0.26380      0.00000
116.69000      0.26191      0.00000
116.70000      0.26094      0.00000
116.71000      0.26072      0.00000
116.72000      0.26094      0.00000
116.73000      0.26113      0.00000
116.74000      0.26066      0.00000
116.75000      0.25888      0.00000
116.76000      0.25522      0.00000
116.77000      0.24927      0.00000
116.78000      0.24091      0.00000
116.79000      0.23033      0.00000
116.80000      0.21797      0.00000
116.81000      0.20438      0.00000
116.82000      0.19014      0.00000
116.83000      0.17578      0.00000
116.84000      0.16172      0.00000
116.85000      0.14824      0.00000
116.86000      0.13556      0.00000
116.87000      0.12379      0.00000
116.88000      0.11299      0.00000
116.89000      0.10316      0.00000
116.90000      0.09428      0.00000
116.91000      0.08632      0.00000
116.92000      0.07922      0.00000
116.93000      0.07292      0.00000
116.94000      0.06733      0.00000
116.95000      0.06240      0.00000
116.96000      0.05805      0.00000
116.97000      0.05421      0.00000
116.98000      0.05082      0.00000
116.99000      0.04782      0.00000
117.00000      0.04515      0.00000
117.01000      0.04278      0.00000
117.02000      0.04065      0.00000
117.03000      0.03874      0.00000
117.04000      0.03701      0.00000
117.05000      0.03543      0.00000
117.06000      0.03400      0.00000
117.07000      0.03268      0.00000
117.08000      0.03147      0.00000
117.09000      0.03034      0.00000
117.10000      0.02930      0.00000
117.11000      0.02833      0.00000
117.12000      0.02743      0.00000
117.13000      0.02658      0.00000
117.14000      0.02579      0.00000
117.15000      0.02505      0.00000
117.16000      0.02433      0.00000
117.17000      0.02367      0.00000
117.18000      0.02305      0.00000
117.19000      0.02247      0.00000
117.20000      0.02193      0.00000
117.21000      0.02141      0.00000
117.22000      0.02092      0.00000
117.23000      0.02045      0.00000
117.24000      0.02001      0.00000
117.25000      0.01959      0.00000
117.26000      0.01917      0.00000
117.27000      0.01880      0.00000
117.28000      0.01844      0.00000
117.29000      0.01810      0.00000
117.30000      0.01778      0.00000
117.31000      0.01747      0.00000
117.32000      0.01718      0.00000
117.33000      0.01689      0.00000
117.34000      0.01663      0.00000
117.35000      0.01638      0.00000
117.36000      0.01615      0.00000
117.37000      0.01592      0.00000
117.38000      0.01571      0.00000
117.39000      0.01550      0.00000
117.40000      0.01531      0.00000
117.41000      0.01513      0.00000
117.42000      0.01495      0.00000
117.43000      0.01479      0.00000
117.44000      0.01463      0.00000
117.45000      0.01448      0.00000
117.46000      0.01434      0.00000
117.47000      0.01421      0.00000
117.48000      0.01408      0.00000
117.49000      0.01396      0.00000
117.50000      0.01385      0.00000
117.51000      0.01375      0.00000
117.52000      0.01365      0.00000
117.53000      0.01356      0.00000
117.54000      0.01347      0.00000
117.55000      0.01339      0.00000
117.56000      0.01332      0.00000
117.57000      0.01325      0.00000
117.58000      0.01319      0.00000
117.59000      0.01313      0.00000
117.60000      0.01308      0.00000
117.61000      0.01303      0.00000
117.62000      0.01299      0.00000
117.63000      0.01296      0.00000
117.64000      0.01293      0.00000
117.65000      0.01290      0.00000
117.66000      0.01288      0.00000
117.67000      0.01287      0.00000
117.68000      0.01286      0.00000
117.69000      0.01285      0.00000
117.70000      0.01285      0.00000
117.71000      0.01286      0.00000
117.72000      0.01287      0.00000
117.73000      0.01288      0.00000
117.74000      0.01290      0.00000
117.75000      0.01292      0.00000
117.76000      0.01295      0.00000
117.77000      0.01299      0.00000
117.78000      0.01303      0.00000
117.79000      0.01308      0.00000
117.80000      0.01313      0.00000
117.81000      0.01318      0.00000
117.82000      0.01325      0.00000
117.83000      0.01331      0.00000
117.84000      0.01339      0.00000
117.85000      0.01344      0.00000
117.86000      0.01353      0.00000
117.87000      0.01362      0.00000
117.88000      0.01372      0.00000
117.89000      0.01382      0.00000
117.90000      0.01394      0.00000
117.91000      0.01406      0.00000
117.92000      0.01418      0.00000
117.93000      0.01432      0.00000
117.94000      0.01446      0.00000
117.95000      0.01461      0.00000
117.96000      0.01477      0.00000
117.97000      0.01494      0.00000
117.98000      0.01511      0.00000
117.99000      0.01530      0.00000
118.00000      0.01550      0.00000
118.01000      0.01570      0.00000
118.02000      0.01592      0.00000
118.03000      0.01615      0.00000
118.04000      0.01640      0.00000
118.05000      0.01665      0.00000
118.06000      0.01692      0.00000
118.07000      0.01720      0.00000
118.08000      0.01750      0.00000
118.09000      0.01781      0.00000
118.10000      0.01814      0.00000
118.11000      0.01849      0.00000
118.12000      0.01886      0.00000
118.13000      0.01924      0.00000
118.14000      0.01965      0.00000
118.15000      0.02008      0.00000
118.16000      0.02054      0.00000
118.17000      0.02102      0.00000
118.18000      0.02153      0.00000
118.19000      0.02206      0.00000
118.20000      0.02263      0.00000
118.21000      0.02324      0.00000
118.22000      0.02388      0.00000
118.23000      0.02456      0.00000
118.24000      0.02528      0.00000
118.25000      0.02604      0.00000
118.26000      0.02686      0.00000
118.27000      0.02773      0.00000
118.28000      0.02866      0.00000
118.29000      0.02965      0.00000
118.30000      0.03070      0.00000
118.31000      0.03184      0.00000
118.32000      0.03306      0.00000
118.33000      0.03438      0.00000
118.34000      0.03581      0.00000
118.35000      0.03735      0.00000
118.36000      0.03902      0.00000
118.37000      0.04084      0.00000
118.38000      0.04284      0.00000
118.39000      0.04503      0.00000
118.40000      0.04745      0.00000
118.41000      0.05014      0.00000
118.42000      0.05314      0.00000
118.43000      0.05651      0.00000
118.44000      0.06031      0.00000
118.45000      0.06462      0.00000
118.46000      0.06953      0.00000
118.47000      0.07514      0.00000
118.48000      0.08155      0.00000
118.49000      0.08891      0.00000
118.50000      0.09733      0.00000
118.51000      0.10698      0.00000
118.52000      0.11799      0.00000
118.53000      0.13051      0.00000
118.54000      0.14470      0.00000
118.55000      0.16068      0.00000
118.56000      0.17856      0.00000
118.57000      0.19842      0.00000
118.58000      0.22030      0.00000
118.59000      0.24415      0.00000
118.60000      0.26986      0.00000
118.61000      0.29718      0.00000
118.62000      0.32570      0.00000
118.63000      0.35480      0.00000
118.64000      0.38359      0.00000
118.65000      0.41094      0.00000
118.66000      0.43544      0.00000
118.67000      0.45555      0.00000
118.68000      0.46979      0.00000
118.69000      0.47697      0.00000
118.70000      0.47646      0.00000
118.71000      0.46835      0.00000
118.72000      0.45337      0.00000
118.73000      0.43280      0.00000
118.74000      0.40816      0.00000
118.75000      0.38096      0.00000
118.76000      0.35258      0.00000
118.77000      0.32408      0.00000
118.78000      0.29630      0.00000
118.79000      0.26981      0.00000
118.80000      0.24500      0.00000
118.81000      0.22207      0.00000
118.82000      0.20115      0.00000
118.83000      0.18225      0.00000
118.84000      0.16532      0.00000
118.85000      0.15030      0.00000
118.86000      0.13705      0.00000
118.87000      0.12546      0.00000
118.88000      0.11538      0.00000
118.89000      0.10666      0.00000
118.90000      0.09915      0.00000
118.91000      0.09272      0.00000
118.92000      0.08723      0.00000
118.93000      0.08257      0.00000
118.94000      0.07862      0.00000
118.95000      0.07529      0.00000
118.96000      0.07250      0.00000
118.97000      0.07018      0.00000
118.98000      0.06827      0.00000
118.99000      0.06672      0.00000
119.00000      0.06550      0.00000
119.01000      0.06457      0.00000
119.02000      0.06391      0.00000
119.03000      0.06352      0.00000
119.04000      0.06336      0.00000
119.05000      0.06345      0.00000
119.06000      0.06379      0.00000
119.07000      0.06437      0.00000
119.08000      0.06521      0.00000
119.09000      0.06633      0.00000
119.10000      0.06774      0.00000
119.11000      0.06949      0.00000
119.12000      0.07160      0.00000
119.13000      0.07414      0.00000
119.14000      0.07714      0.00000
119.15000      0.08069      0.00000
119.16000      0.08485      0.00000
119.17000      0.08972      0.00000
119.18000      0.09540      0.00000
119.19000      0.10199      0.00000
119.20000      0.10961      0.00000
119.21000      0.11839      0.00000
119.22000      0.12844      0.00000
119.23000      0.13988      0.00000
119.24000      0.15284      0.00000
119.25000      0.16740      0.00000
119.26000      0.18364      0.00000
119.27000      0.20161      0.00000
119.28000      0.22130      0.00000
119.29000      0.24264      0.00000
119.30000      0.26549      0.00000
119.31000      0.28957      0.00000
119.32000      0.31444      0.00000
119.33000      0.33950      0.00000
119.34000      0.36392      0.00000
119.35000      0.38660      0.00000
119.36000      0.40639      0.00000
119.37000      0.42199      0.00000
119.38000      0.43228      0.00000
119.39000      0.43648      0.00000
119.40000      0.43433      0.00000
119.41000      0.42615      0.00000
119.42000      0.41278      0.00000
119.43000      0.39540      0.00000
119.44000      0.37532      0.00000
119.45000      0.35377      0.00000
119.46000      0.33186      0.00000
119.47000      0.31045      0.00000
119.48000      0.29020      0.00000
119.49000      0.27162      0.00000
119.50000      0.25503      0.00000
119.51000      0.24067      0.00000
119.52000      0.22870      0.00000
119.53000      0.21922      0.00000
119.54000      0.21227      0.00000
119.55000      0.20788      0.00000
119.56000      0.20606      0.00000
119.57000      0.20677      0.00000
119.58000      0.20998      0.00000
119.59000      0.21563      0.00000
119.60000      0.22362      0.00000
119.61000      0.23384      0.00000
119.62000      0.24612      0.00000
119.63000      0.26025      0.00000
119.64000      0.27591      0.00000
119.65000      0.29268      0.00000
119.66000      0.31000      0.00000
119.67000      0.32716      0.00000
119.68000      0.34326      0.00000
119.69000      0.35732      0.00000
119.70000      0.36832      0.00000
119.71000      0.37534      0.00000
119.72000      0.37778      0.00000
119.73000      0.37543      0.00000
119.74000      0.36855      0.00000
119.75000      0.35779      0.00000
119.76000      0.34408      0.00000
119.77000      0.32842      0.00000
119.78000      0.31178      0.00000
119.79000      0.29498      0.00000
119.80000      0.27867      0.00000
119.81000      0.26328      0.00000
119.82000      0.24912      0.00000
119.83000      0.23633      0.00000
119.84000      0.22491      0.00000
119.85000      0.21479      0.00000
119.86000      0.20576      0.00000
119.87000      0.19762      0.00000
119.88000      0.19007      0.00000
119.89000      0.18282      0.00000
119.90000      0.17565      0.00000
119.91000      0.16839      0.00000
119.92000      0.16098      0.00000
119.93000      0.15348      0.00000
119.94000      0.14597      0.00000
119.95000      0.13859      0.00000
119.96000      0.13147      0.00000
119.97000      0.12472      0.00000
119.98000      0.11841      0.00000
119.99000      0.11256      0.00000
