  1.00000      0.00000      0.00000
  1.01000      0.08586      0.00000
  1.02000      0.08425      0.00000
  1.03000      0.08269      0.00000
  1.04000      0.08117      0.00000
  1.05000      0.07970      0.00000
  1.06000      0.07827      0.00000
  1.07000      0.07687      0.00000
  1.08000      0.07552      0.00000
  1.09000      0.07420      0.00000
  1.10000      0.07292      0.00000
  1.11000      0.07167      0.00000
  1.12000      0.07045      0.00000
  1.13000      0.06926      0.00000
  1.14000      0.06811      0.00000
  1.15000      0.06699      0.00000
  1.16000      0.06589      0.00000
  1.17000      0.06482      0.00000
  1.18000      0.06378      0.00000
  1.19000      0.06276      0.00000
  1.20000      0.06177      0.00000
  1.21000      0.06080      0.00000
  1.22000      0.05986      0.00000
  1.23000      0.05894      0.00000
  1.24000      0.05804      0.00000
  1.25000      0.05716      0.00000
  1.26000      0.05630      0.00000
  1.27000      0.05547      0.00000
  1.28000      0.05465      0.00000
  1.29000      0.05385      0.00000
  1.30000      0.05307      0.00000
  1.31000      0.05230      0.00000
  1.32000      0.05156      0.00000
  1.33000      0.05082      0.00000
  1.34000      0.05011      0.00000
  1.35000      0.04941      0.00000
  1.36000      0.04873      0.00000
  1.37000      0.04806      0.00000
  1.38000      0.04740      0.00000
  1.39000      0.04676      0.00000
  1.40000      0.04613      0.00000
  1.41000      0.04552      0.00000
  1.42000      0.04492      0.00000
  1.43000      0.04433      0.00000
  1.44000      0.04375      0.00000
  1.45000      0.04319      0.00000
  1.46000      0.04263      0.00000
  1.47000      0.04209      0.00000
  1.48000      0.04156      0.00000
  1.49000      0.04103      0.00000
  1.50000      0.04052      0.00000
  1.51000      0.04002      0.00000
  1.52000      0.03953      0.00000
  1.53000      0.03905      0.00000
  1.54000      0.03857      0.00000
  1.55000      0.03811      0.00000
  1.56000      0.03765      0.00000
  1.57000      0.03720      0.00000
  1.58000      0.03677      0.00000
  1.59000      0.03634      0.00000
  1.60000      0.03591      0.00000
  1.61000      0.03550      0.00000
  1.62000      0.03509      0.00000
  1.63000      0.03469      0.00000
  1.64000      0.03430      0.00000
  1.65000      0.03391      0.00000
  1.66000      0.03353      0.00000
  1.67000      0.03316      0.00000
  1.68000      0.03279      0.00000
  1.69000      0.03243      0.00000
  1.70000      0.03208      0.00000
  1.71000      0.03173      0.00000
  1.72000      0.03139      0.00000
  1.73000      0.03105      0.00000
  1.74000      0.03072      0.00000
  1.75000      0.03040      0.00000
  1.76000      0.03008      0.00000
  1.77000      0.02977      0.00000
  1.78000      0.02946      0.00000
  1.79000      0.02915      0.00000
  1.80000      0.02885      0.00000
  1.81000      0.02856      0.00000
  1.82000      0.02827      0.00000
  1.83000      0.02799      0.00000
  1.84000      0.02771      0.00000
  1.85000      0.02743      0.00000
  1.86000      0.02716      0.00000
  1.87000      0.02689      0.00000
  1.88000      0.02663      0.00000
  1.89000      0.02637      0.00000
  1.90000      0.02612      0.00000
  1.91000      0.02586      0.00000
  1.92000      0.02562      0.00000
  1.93000      0.02537      0.00000
  1.94000      0.02513      0.00000
  1.95000      0.02490      0.00000
  1.96000      0.02467      0.00000
  1.97000      0.02444      0.00000
  1.98000      0.02421      0.00000
  1.99000      0.02399      0.00000
  2.00000      0.02377      0.00000
  2.01000      0.02355      0.00000
  2.02000      0.02334      0.00000
  2.03000      0.02313      0.00000
  2.04000      0.02292      0.00000
  2.05000      0.02272      0.00000
  2.06000      0.02252      0.00000
  2.07000      0.02232      0.00000
  2.08000      0.02213      0.00000
  2.09000      0.02193      0.00000
  2.10000      0.02174      0.00000
  2.11000      0.02156      0.00000
  2.12000      0.02137      0.00000
  2.13000      0.02119      0.00000
  2.14000      0.02101      0.00000
  2.15000      0.02083      0.00000
  2.16000      0.02066      0.00000
  2.17000      0.02049      0.00000
  2.18000      0.02032      0.00000
  2.19000      0.02015      0.00000
  2.20000      0.01998      0.00000
  2.21000      0.01982      0.00000
  2.22000      0.01966      0.00000
  2.23000      0.01950      0.00000
  2.24000      0.01934      0.00000
  2.25000      0.01919      0.00000
  2.26000      0.01903      0.00000
  2.27000      0.01888      0.00000
  2.28000      0.01873      0.00000
  2.29000      0.01859      0.00000
  2.30000      0.01844      0.00000
  2.31000      0.01830      0.00000
  2.32000      0.01815      0.00000
  2.33000      0.01801      0.00000
  2.34000      0.01788      0.00000
  2.35000      0.01774      0.00000
  2.36000      0.01760      0.00000
  2.37000      0.01747      0.00000
  2.38000      0.01734      0.00000
  2.39000      0.01721      0.00000
  2.40000      0.01708      0.00000
  2.41000      0.01695      0.00000
  2.42000      0.01683      0.00000
  2.43000      0.01671      0.00000
  2.44000      0.01658      0.00000
  2.45000      0.01646      0.00000
  2.46000      0.01634      0.00000
  2.47000      0.01623      0.00000
  2.48000      0.01611      0.00000
  2.49000      0.01599      0.00000
  2.50000      0.01588      0.00000
  2.51000      0.01577      0.00000
  2.52000      0.01566      0.00000
  2.53000      0.01555      0.00000
  2.54000      0.01544      0.00000
  2.55000      0.01533      0.00000
  2.56000      0.01522      0.00000
  2.57000      0.01512      0.00000
  2.58000      0.01501      0.00000
  2.59000      0.01491      0.00000
  2.60000      0.01481      0.00000
  2.61000      0.01471      0.00000
  2.62000      0.01461      0.00000
  2.63000      0.01451      0.00000
  2.64000      0.01441      0.00000
  2.65000      0.01432      0.00000
  2.66000      0.01422      0.00000
  2.67000      0.01413      0.00000
  2.68000      0.01404      0.00000
  2.69000      0.01394      0.00000
  2.70000      0.01385      0.00000
  2.71000      0.01376      0.00000
  2.72000      0.01367      0.00000
  2.73000      0.01359      0.00000
  2.74000      0.01350      0.00000
  2.75000      0.01341      0.00000
  2.76000      0.01333      0.00000
  2.77000      0.01324      0.00000
  2.78000      0.01316      0.00000
  2.79000      0.01308      0.00000
  2.80000      0.01300      0.00000
  2.81000      0.01291      0.00000
  2.82000      0.01283      0.00000
  2.83000      0.01276      0.00000
  2.84000      0.01268      0.00000
  2.85000      0.01260      0.00000
  2.86000      0.01252      0.00000
  2.87000      0.01245      0.00000
  2.88000      0.01237      0.00000
  2.89000      0.01230      0.00000
  2.90000      0.01222      0.00000
  2.91000      0.01215      0.00000
  2.92000      0.01208      0.00000
  2.93000      0.01201      0.00000
  2.94000      0.01193      0.00000
  2.95000      0.01186      0.00000
  2.96000      0.01179      0.00000
  2.97000      0.01173      0.00000
  2.98000      0.01166      0.00000
  2.99000      0.01159      0.00000
  3.00000      0.01152      0.00000
  3.01000      0.01146      0.00000
  3.02000      0.01139      0.00000
  3.03000      0.01133      0.00000
  3.04000      0.01126      0.00000
  3.05000      0.01120      0.00000
  3.06000      0.01114      0.00000
  3.07000      0.01107      0.00000
  3.08000      0.01101      0.00000
  3.09000      0.01095      0.00000
  3.10000      0.01089      0.00000
  3.11000      0.01083      0.00000
  3.12000      0.01077      0.00000
  3.13000      0.01071      0.00000
  3.14000      0.01065      0.00000
  3.15000      0.01059      0.00000
  3.16000      0.01054      0.00000
  3.17000      0.01048      0.00000
  3.18000      0.01042      0.00000
  3.19000      0.01037      0.00000
  3.20000      0.01031      0.00000
  3.21000      0.01026      0.00000
  3.22000      0.01020      0.00000
  3.23000      0.01015      0.00000
  3.24000      0.01009      0.00000
  3.25000      0.01004      0.00000
  3.26000      0.00999      0.00000
  3.27000      0.00994      0.00000
  3.28000      0.00988      0.00000
  3.29000      0.00983      0.00000
  3.30000      0.00978      0.00000
  3.31000      0.00973      0.00000
  3.32000      0.00968      0.00000
  3.33000      0.00963      0.00000
  3.34000      0.00958      0.00000
  3.35000      0.00954      0.00000
  3.36000      0.00949      0.00000
  3.37000      0.00944      0.00000
  3.38000      0.00939      0.00000
  3.39000      0.00935      0.00000
  3.40000      0.00930      0.00000
  3.41000      0.00925      0.00000
  3.42000      0.00921      0.00000
  3.43000      0.00916      0.00000
  3.44000      0.00912      0.00000
  3.45000      0.00907      0.00000
  3.46000      0.00903      0.00000
  3.47000      0.00899      0.00000
  3.48000      0.00894      0.00000
  3.49000      0.00890      0.00000
  3.50000      0.00886      0.00000
  3.51000      0.00881      0.00000
  3.52000      0.00877      0.00000
  3.53000      0.00873      0.00000
  3.54000      0.00869      0.00000
  3.55000      0.00865      0.00000
  3.56000      0.00861      0.00000
  3.57000      0.00857      0.00000
  3.58000      0.00853      0.00000
  3.59000      0.00849      0.00000
  3.60000      0.00845      0.00000
  3.61000      0.00841      0.00000
  3.62000      0.00837      0.00000
  3.63000      0.00833      0.00000
  3.64000      0.00829      0.00000
  3.65000      0.00826      0.00000
  3.66000      0.00822      0.00000
  3.67000      0.00818      0.00000
  3.68000      0.00814      0.00000
  3.69000      0.00811      0.00000
  3.70000      0.00807      0.00000
  3.71000      0.00804      0.00000
  3.72000      0.00800      0.00000
  3.73000      0.00796      0.00000
  3.74000      0.00793      0.00000
  3.75000      0.00789      0.00000
  3.76000      0.00786      0.00000
  3.77000      0.00783      0.00000
  3.78000      0.00779      0.00000
  3.79000      0.00776      0.00000
  3.80000      0.00772      0.00000
  3.81000      0.00769      0.00000
  3.82000      0.00766      0.00000
  3.83000      0.00762      0.00000
  3.84000      0.00759      0.00000
  3.85000      0.00756      0.00000
  3.86000      0.00753      0.00000
  3.87000      0.00750      0.00000
  3.88000      0.00746      0.00000
  3.89000      0.00743      0.00000
  3.90000      0.00740      0.00000
  3.91000      0.00737      0.00000
  3.92000      0.00734      0.00000
  3.93000      0.00731      0.00000
  3.94000      0.00728      0.00000
  3.95000      0.00725      0.00000
  3.96000      0.00722      0.00000
  3.97000      0.00719      0.00000
  3.98000      0.00716      0.00000
  3.99000      0.00713      0.00000
  4.00000      0.00710      0.00000
  4.01000      0.00707      0.00000
  4.02000      0.00704      0.00000
  4.03000      0.00702      0.00000
  4.04000      0.00699      0.00000
  4.05000      0.00696      0.00000
  4.06000      0.00693      0.00000
  4.07000      0.00691      0.00000
  4.08000      0.00688      0.00000
  4.09000      0.00685      0.00000
  4.10000      0.00682      0.00000
  4.11000      0.00680      0.00000
  4.12000      0.00677      0.00000
  4.13000      0.00674      0.00000
  4.14000      0.00672      0.00000
  4.15000      0.00669      0.00000
  4.16000      0.00667      0.00000
  4.17000      0.00664      0.00000
  4.18000      0.00661      0.00000
  4.19000      0.00659      0.00000
  4.20000      0.00656      0.00000
  4.21000      0.00654      0.00000
  4.22000      0.00651      0.00000
  4.23000      0.00649      0.00000
  4.24000      0.00647      0.00000
  4.25000      0.00644      0.00000
  4.26000      0.00642      0.00000
  4.27000      0.00639      0.00000
  4.28000      0.00637      0.00000
  4.29000      0.00635      0.00000
  4.30000      0.00632      0.00000
  4.31000      0.00630      0.00000
  4.32000      0.00628      0.00000
  4.33000      0.00625      0.00000
  4.34000      0.00623      0.00000
  4.35000      0.00621      0.00000
  4.36000      0.00619      0.00000
  4.37000      0.00616      0.00000
  4.38000      0.00614      0.00000
  4.39000      0.00612      0.00000
  4.40000      0.00610      0.00000
  4.41000      0.00607      0.00000
  4.42000      0.00605      0.00000
  4.43000      0.00603      0.00000
  4.44000      0.00601      0.00000
  4.45000      0.00599      0.00000
  4.46000      0.00597      0.00000
  4.47000      0.00595      0.00000
  4.48000      0.00593      0.00000
  4.49000      0.00591      0.00000
  4.50000      0.00588      0.00000
  4.51000      0.00586      0.00000
  4.52000      0.00584      0.00000
  4.53000      0.00582      0.00000
  4.54000      0.00580      0.00000
  4.55000      0.00578      0.00000
  4.56000      0.00576      0.00000
  4.57000      0.00574      0.00000
  4.58000      0.00573      0.00000
  4.59000      0.00571      0.00000
  4.60000      0.00569      0.00000
  4.61000      0.00567      0.00000
  4.62000      0.00565      0.00000
  4.63000      0.00563      0.00000
  4.64000      0.00561      0.00000
  4.65000      0.00559      0.00000
  4.66000      0.00557      0.00000
  4.67000      0.00555      0.00000
  4.68000      0.00554      0.00000
  4.69000      0.00552      0.00000
  4.70000      0.00550      0.00000
  4.71000      0.00548      0.00000
  4.72000      0.00546      0.00000
  4.73000      0.00545      0.00000
  4.74000      0.00543      0.00000
  4.75000      0.00541      0.00000
  4.76000      0.00539      0.00000
  4.77000      0.00538      0.00000
  4.78000      0.00536      0.00000
  4.79000      0.00534      0.00000
  4.80000      0.00533      0.00000
  4.81000      0.00531      0.00000
  4.82000      0.00529      0.00000
  4.83000      0.00528      0.00000
  4.84000      0.00526      0.00000
  4.85000      0.00524      0.00000
  4.86000      0.00523      0.00000
  4.87000      0.00521      0.00000
  4.88000      0.00519      0.00000
  4.89000      0.00518      0.00000
  4.90000      0.00516      0.00000
  4.91000      0.00514      0.00000
  4.92000      0.00513      0.00000
  4.93000      0.00511      0.00000
  4.94000      0.00510      0.00000
  4.95000      0.00508      0.00000
  4.96000      0.00507      0.00000
  4.97000      0.00505      0.00000
  4.98000      0.00504      0.00000
  4.99000      0.00502      0.00000
  5.00000      0.00501      0.00000
  5.01000      0.00499      0.00000
  5.02000      0.00498      0.00000
  5.03000      0.00496      0.00000
  5.04000      0.00495      0.00000
  5.05000      0.00493      0.00000
  5.06000      0.00492      0.00000
  5.07000      0.00490      0.00000
  5.08000      0.00489      0.00000
  5.09000      0.00487      0.00000
  5.10000      0.00486      0.00000
  5.11000      0.00485      0.00000
  5.12000      0.00483      0.00000
  5.13000      0.00482      0.00000
  5.14000      0.00480      0.00000
  5.15000      0.00479      0.00000
  5.16000      0.00478      0.00000
  5.17000      0.00476      0.00000
  5.18000      0.00475      0.00000
  5.19000      0.00474      0.00000
  5.20000      0.00472      0.00000
  5.21000      0.00471      0.00000
  5.22000      0.00469      0.00000
  5.23000      0.00468      0.00000
  5.24000      0.00467      0.00000
  5.25000      0.00466      0.00000
  5.26000      0.00464      0.00000
  5.27000      0.00463      0.00000
  5.28000      0.00462      0.00000
  5.29000      0.00460      0.00000
  5.30000      0.00459      0.00000
  5.31000      0.00458      0.00000
  5.32000      0.00457      0.00000
  5.33000      0.00455      0.00000
  5.34000      0.00454      0.00000
  5.35000      0.00453      0.00000
  5.36000      0.00452      0.00000
  5.37000      0.00450      0.00000
  5.38000      0.00449      0.00000
  5.39000      0.00448      0.00000
  5.40000      0.00447      0.00000
  5.41000      0.00446      0.00000
  5.42000      0.00444      0.00000
  5.43000      0.00443      0.00000
  5.44000      0.00442      0.00000
  5.45000      0.00441      0.00000
  5.46000      0.00440      0.00000
  5.47000      0.00439      0.00000
  5.48000      0.00437      0.00000
  5.49000      0.00436      0.00000
  5.50000      0.00435      0.00000
  5.51000      0.00434      0.00000
  5.52000      0.00433      0.00000
  5.53000      0.00432      0.00000
  5.54000      0.00431      0.00000
  5.55000      0.00429      0.00000
  5.56000      0.00428      0.00000
  5.57000      0.00427      0.00000
  5.58000      0.00426      0.00000
  5.59000      0.00425      0.00000
  5.60000      0.00424      0.00000
  5.61000      0.00423      0.00000
  5.62000      0.00422      0.00000
  5.63000      0.00421      0.00000
  5.64000      0.00420      0.00000
  5.65000      0.00419      0.00000
  5.66000      0.00418      0.00000
  5.67000      0.00417      0.00000
  5.68000      0.00416      0.00000
  5.69000      0.00415      0.00000
  5.70000      0.00414      0.00000
  5.71000      0.00413      0.00000
  5.72000      0.00411      0.00000
  5.73000      0.00410      0.00000
  5.74000      0.00409      0.00000
  5.75000      0.00408      0.00000
  5.76000      0.00407      0.00000
  5.77000      0.00407      0.00000
  5.78000      0.00406      0.00000
  5.79000      0.00405      0.00000
  5.80000      0.00404      0.00000
  5.81000      0.00403      0.00000
  5.82000      0.00402      0.00000
  5.83000      0.00401      0.00000
  5.84000      0.00400      0.00000
  5.85000      0.00399      0.00000
  5.86000      0.00398      0.00000
  5.87000      0.00397      0.00000
  5.88000      0.00396      0.00000
  5.89000      0.00395      0.00000
  5.90000      0.00394      0.00000
  5.91000      0.00393      0.00000
  5.92000      0.00392      0.00000
  5.93000      0.00391      0.00000
  5.94000      0.00390      0.00000
  5.95000      0.00390      0.00000
  5.96000      0.00389      0.00000
  5.97000      0.00388      0.00000
  5.98000      0.00387      0.00000
  5.99000      0.00386      0.00000
  6.00000      0.00385      0.00000
  6.01000      0.00384      0.00000
  6.02000      0.00383      0.00000
  6.03000      0.00383      0.00000
  6.04000      0.00382      0.00000
  6.05000      0.00381      0.00000
  6.06000      0.00380      0.00000
  6.07000      0.00379      0.00000
  6.08000      0.00378      0.00000
  6.09000      0.00377      0.00000
  6.10000      0.00377      0.00000
  6.11000      0.00376      0.00000
  6.12000      0.00375      0.00000
  6.13000      0.00374      0.00000
  6.14000      0.00373      0.00000
  6.15000      0.00372      0.00000
  6.16000      0.00372      0.00000
  6.17000      0.00371      0.00000
  6.18000      0.00370      0.00000
  6.19000      0.00369      0.00000
  6.20000      0.00368      0.00000
  6.21000      0.00368      0.00000
  6.22000      0.00367      0.00000
  6.23000      0.00366      0.00000
  6.24000      0.00365      0.00000
  6.25000      0.00365      0.00000
  6.26000      0.00364      0.00000
  6.27000      0.00363      0.00000
  6.28000      0.00362      0.00000
  6.29000      0.00361      0.00000
  6.30000      0.00361      0.00000
  6.31000      0.00360      0.00000
  6.32000      0.00359      0.00000
  6.33000      0.00358      0.00000
  6.34000      0.00358      0.00000
  6.35000      0.00357      0.00000
  6.36000      0.00356      0.00000
  6.37000      0.00355      0.00000
  6.38000      0.00355      0.00000
  6.39000      0.00354      0.00000
  6.40000      0.00353      0.00000
  6.41000      0.00353      0.00000
  6.42000      0.00352      0.00000
  6.43000      0.00351      0.00000
  6.44000      0.00350      0.00000
  6.45000      0.00350      0.00000
  6.46000      0.00349      0.00000
  6.47000      0.00348      0.00000
  6.48000      0.00348      0.00000
  6.49000      0.00347      0.00000
  6.50000      0.00346      0.00000
  6.51000      0.00346      0.00000
  6.52000      0.00345      0.00000
  6.53000      0.00344      0.00000
  6.54000      0.00344      0.00000
  6.55000      0.00343      0.00000
  6.56000      0.00342      0.00000
  6.57000      0.00342      0.00000
  6.58000      0.00341      0.00000
  6.59000      0.00340      0.00000
  6.60000      0.00340      0.00000
  6.61000      0.00339      0.00000
  6.62000      0.00338      0.00000
  6.63000      0.00338      0.00000
  6.64000      0.00337      0.00000
  6.65000      0.00336      0.00000
  6.66000      0.00336      0.00000
  6.67000      0.00335      0.00000
  6.68000      0.00334      0.00000
  6.69000      0.00334      0.00000
  6.70000      0.00333      0.00000
  6.71000      0.00333      0.00000
  6.72000      0.00332      0.00000
  6.73000      0.00331      0.00000
  6.74000      0.00331      0.00000
  6.75000      0.00330      0.00000
  6.76000      0.00329      0.00000
  6.77000      0.00329      0.00000
  6.78000      0.00328      0.00000
  6.79000      0.00328      0.00000
  6.80000      0.00327      0.00000
  6.81000      0.00326      0.00000
  6.82000      0.00326      0.00000
  6.83000      0.00325      0.00000
  6.84000      0.00325      0.00000
  6.85000      0.00324      0.00000
  6.86000      0.00324      0.00000
  6.87000      0.00323      0.00000
  6.88000      0.00322      0.00000
  6.89000      0.00322      0.00000
  6.90000      0.00321      0.00000
  6.91000      0.00321      0.00000
  6.92000      0.00320      0.00000
  6.93000      0.00320      0.00000
  6.94000      0.00319      0.00000
  6.95000      0.00318      0.00000
  6.96000      0.00318      0.00000
  6.97000      0.00317      0.00000
  6.98000      0.00317      0.00000
  6.99000      0.00316      0.00000
  7.00000      0.00316      0.00000
  7.01000      0.00315      0.00000
  7.02000      0.00315      0.00000
  7.03000      0.00314      0.00000
  7.04000      0.00313      0.00000
  7.05000      0.00313      0.00000
  7.06000      0.00312      0.00000
  7.07000      0.00312      0.00000
  7.08000      0.00311      0.00000
  7.09000      0.00311      0.00000
  7.10000      0.00310      0.00000
  7.11000      0.00310      0.00000
  7.12000      0.00309      0.00000
  7.13000      0.00309      0.00000
  7.14000      0.00308      0.00000
  7.15000      0.00308      0.00000
  7.16000      0.00307      0.00000
  7.17000      0.00307      0.00000
  7.18000      0.00306      0.00000
  7.19000      0.00306      0.00000
  7.20000      0.00305      0.00000
  7.21000      0.00305      0.00000
  7.22000      0.00304      0.00000
  7.23000      0.00304      0.00000
  7.24000      0.00303      0.00000
  7.25000      0.00303      0.00000
  7.26000      0.00302      0.00000
  7.27000      0.00302      0.00000
  7.28000      0.00301      0.00000
  7.29000      0.00301      0.00000
  7.30000      0.00300      0.00000
  7.31000      0.00300      0.00000
  7.32000      0.00299      0.00000
  7.33000      0.00299      0.00000
  7.34000      0.00298      0.00000
  7.35000      0.00298      0.00000
  7.36000      0.00298      0.00000
  7.37000      0.00297      0.00000
  7.38000      0.00297      0.00000
  7.39000      0.00296      0.00000
  7.40000      0.00296      0.00000
  7.41000      0.00295      0.00000
  7.42000      0.00295      0.00000
  7.43000      0.00294      0.00000
  7.44000      0.00294      0.00000
  7.45000      0.00293      0.00000
  7.46000      0.00293      0.00000
  7.47000      0.00293      0.00000
  7.48000      0.00292      0.00000
  7.49000      0.00292      0.00000
  7.50000      0.00291      0.00000
  7.51000      0.00291      0.00000
  7.52000      0.00290      0.00000
  7.53000      0.00290      0.00000
  7.54000      0.00290      0.00000
  7.55000      0.00289      0.00000
  7.56000      0.00289      0.00000
  7.57000      0.00288      0.00000
  7.58000      0.00288      0.00000
  7.59000      0.00287      0.00000
  7.60000      0.00287      0.00000
  7.61000      0.00287      0.00000
  7.62000      0.00286      0.00000
  7.63000      0.00286      0.00000
  7.64000      0.00285      0.00000
  7.65000      0.00285      0.00000
  7.66000      0.00285      0.00000
  7.67000      0.00284      0.00000
  7.68000      0.00284      0.00000
  7.69000      0.00283      0.00000
  7.70000      0.00283      0.00000
  7.71000      0.00283      0.00000
  7.72000      0.00282      0.00000
  7.73000      0.00282      0.00000
  7.74000      0.00281      0.00000
  7.75000      0.00281      0.00000
  7.76000      0.00281      0.00000
  7.77000      0.00280      0.00000
  7.78000      0.00280      0.00000
  7.79000      0.00279      0.00000
  7.80000      0.00279      0.00000
  7.81000      0.00279      0.00000
  7.82000      0.00278      0.00000
  7.83000      0.00278      0.00000
  7.84000      0.00278      0.00000
  7.85000      0.00277      0.00000
  7.86000      0.00277      0.00000
  7.87000      0.00276      0.00000
  7.88000      0.00276      0.00000
  7.89000      0.00276      0.00000
  7.90000      0.00275      0.00000
  7.91000      0.00275      0.00000
  7.92000      0.00275      0.00000
  7.93000      0.00274      0.00000
  7.94000      0.00274      0.00000
  7.95000      0.00274      0.00000
  7.96000      0.00273      0.00000
  7.97000      0.00273      0.00000
  7.98000      0.00273      0.00000
  7.99000      0.00272      0.00000
  8.00000      0.00272      0.00000
  8.01000      0.00271      0.00000
  8.02000      0.00271      0.00000
  8.03000      0.00271      0.00000
  8.04000      0.00270      0.00000
  8.05000      0.00270      0.00000
  8.06000      0.00270      0.00000
  8.07000      0.00269      0.00000
  8.08000      0.00269      0.00000
  8.09000      0.00269      0.00000
  8.10000      0.00268      0.00000
  8.11000      0.00268      0.00000
  8.12000      0.00268      0.00000
  8.13000      0.00267      0.00000
  8.14000      0.00267      0.00000
  8.15000      0.00267      0.00000
  8.16000      0.00266      0.00000
  8.17000      0.00266      0.00000
  8.18000      0.00266      0.00000
  8.19000      0.00266      0.00000
  8.20000      0.00265      0.00000
  8.21000      0.00265      0.00000
  8.22000      0.00265      0.00000
  8.23000      0.00264      0.00000
  8.24000      0.00264      0.00000
  8.25000      0.00264      0.00000
  8.26000      0.00263      0.00000
  8.27000      0.00263      0.00000
  8.28000      0.00263      0.00000
  8.29000      0.00262      0.00000
  8.30000      0.00262      0.00000
  8.31000      0.00262      0.00000
  8.32000      0.00261      0.00000
  8.33000      0.00261      0.00000
  8.34000      0.00261      0.00000
  8.35000      0.00261      0.00000
  8.36000      0.00260      0.00000
  8.37000      0.00260      0.00000
  8.38000      0.00260      0.00000
  8.39000      0.00259      0.00000
  8.40000      0.00259      0.00000
  8.41000      0.00259      0.00000
  8.42000      0.00259      0.00000
  8.43000      0.00258      0.00000
  8.44000      0.00258      0.00000
  8.45000      0.00258      0.00000
  8.46000      0.00257      0.00000
  8.47000      0.00257      0.00000
  8.48000      0.00257      0.00000
  8.49000      0.00257      0.00000
  8.50000      0.00256      0.00000
  8.51000      0.00256      0.00000
  8.52000      0.00256      0.00000
  8.53000      0.00255      0.00000
  8.54000      0.00255      0.00000
  8.55000      0.00255      0.00000
  8.56000      0.00255      0.00000
  8.57000      0.00254      0.00000
  8.58000      0.00254      0.00000
  8.59000      0.00254      0.00000
  8.60000      0.00254      0.00000
  8.61000      0.00253      0.00000
  8.62000      0.00253      0.00000
  8.63000      0.00253      0.00000
  8.64000      0.00253      0.00000
  8.65000      0.00252      0.00000
  8.66000      0.00252      0.00000
  8.67000      0.00252      0.00000
  8.68000      0.00252      0.00000
  8.69000      0.00251      0.00000
  8.70000      0.00251      0.00000
  8.71000      0.00251      0.00000
  8.72000      0.00251      0.00000
  8.73000      0.00250      0.00000
  8.74000      0.00250      0.00000
  8.75000      0.00250      0.00000
  8.76000      0.00250      0.00000
  8.77000      0.00249      0.00000
  8.78000      0.00249      0.00000
  8.79000      0.00249      0.00000
  8.80000      0.00249      0.00000
  8.81000      0.00248      0.00000
  8.82000      0.00248      0.00000
  8.83000      0.00248      0.00000
  8.84000      0.00248      0.00000
  8.85000      0.00247      0.00000
  8.86000      0.00247      0.00000
  8.87000      0.00247      0.00000
  8.88000      0.00247      0.00000
  8.89000      0.00246      0.00000
  8.90000      0.00246      0.00000
  8.91000      0.00246      0.00000
  8.92000      0.00246      0.00000
  8.93000      0.00246      0.00000
  8.94000      0.00245      0.00000
  8.95000      0.00245      0.00000
  8.96000      0.00245      0.00000
  8.97000      0.00245      0.00000
  8.98000      0.00244      0.00000
  8.99000      0.00244      0.00000
  9.00000      0.00244      0.00000
  9.01000      0.00244      0.00000
  9.02000      0.00244      0.00000
  9.03000      0.00243      0.00000
  9.04000      0.00243      0.00000
  9.05000      0.00243      0.00000
  9.06000      0.00243      0.00000
  9.07000      0.00243      0.00000
  9.08000      0.00242      0.00000
  9.09000      0.00242      0.00000
  9.10000      0.00242      0.00000
  9.11000      0.00242      0.00000
  9.12000      0.00241      0.00000
  9.13000      0.00241      0.00000
  9.14000      0.00241      0.00000
  9.15000      0.00241      0.00000
  9.16000      0.00241      0.00000
  9.17000      0.00240      0.00000
  9.18000      0.00240      0.00000
  9.19000      0.00240      0.00000
  9.20000      0.00240      0.00000
  9.21000      0.00240      0.00000
  9.22000      0.00240      0.00000
  9.23000      0.00239      0.00000
  9.24000      0.00239      0.00000
  9.25000      0.00239      0.00000
  9.26000      0.00239      0.00000
  9.27000      0.00239      0.00000
  9.28000      0.00238      0.00000
  9.29000      0.00238      0.00000
  9.30000      0.00238      0.00000
  9.31000      0.00238      0.00000
  9.32000      0.00238      0.00000
  9.33000      0.00237      0.00000
  9.34000      0.00237      0.00000
  9.35000      0.00237      0.00000
  9.36000      0.00237      0.00000
  9.37000      0.00237      0.00000
  9.38000      0.00237      0.00000
  9.39000      0.00236      0.00000
  9.40000      0.00236      0.00000
  9.41000      0.00236      0.00000
  9.42000      0.00236      0.00000
  9.43000      0.00236      0.00000
  9.44000      0.00236      0.00000
  9.45000      0.00235      0.00000
  9.46000      0.00235      0.00000
  9.47000      0.00235      0.00000
  9.48000      0.00235      0.00000
  9.49000      0.00235      0.00000
  9.50000      0.00234      0.00000
  9.51000      0.00234      0.00000
  9.52000      0.00234      0.00000
  9.53000      0.00234      0.00000
  9.54000      0.00234      0.00000
  9.55000      0.00234      0.00000
  9.56000      0.00234      0.00000
  9.57000      0.00233      0.00000
  9.58000      0.00233      0.00000
  9.59000      0.00233      0.00000
  9.60000      0.00233      0.00000
  9.61000      0.00233      0.00000
  9.62000      0.00233      0.00000
  9.63000      0.00232      0.00000
  9.64000      0.00232      0.00000
  9.65000      0.00232      0.00000
  9.66000      0.00232      0.00000
  9.67000      0.00232      0.00000
  9.68000      0.00232      0.00000
  9.69000      0.00232      0.00000
  9.70000      0.00231      0.00000
  9.71000      0.00231      0.00000
  9.72000      0.00231      0.00000
  9.73000      0.00231      0.00000
  9.74000      0.00231      0.00000
  9.75000      0.00231      0.00000
  9.76000      0.00231      0.00000
  9.77000      0.00230      0.00000
  9.78000      0.00230      0.00000
  9.79000      0.00230      0.00000
  9.80000      0.00230      0.00000
  9.81000      0.00230      0.00000
  9.82000      0.00230      0.00000
  9.83000      0.00230      0.00000
  9.84000      0.00229      0.00000
  9.85000      0.00229      0.00000
  9.86000      0.00229      0.00000
  9.87000      0.00229      0.00000
  9.88000      0.00229      0.00000
  9.89000      0.00229      0.00000
  9.90000      0.00229      0.00000
  9.91000      0.00229      0.00000
  9.92000      0.00228      0.00000
  9.93000      0.00228      0.00000
  9.94000      0.00228      0.00000
  9.95000      0.00228      0.00000
  9.96000      0.00228      0.00000
  9.97000      0.00228      0.00000
  9.98000      0.00228      0.00000
  9.99000      0.00228      0.00000
 10.00000      0.00227      0.00000
 10.01000      0.00227      0.00000
 10.02000      0.00227      0.00000
 10.03000      0.00227      0.00000
 10.04000      0.00227      0.00000
 10.05000      0.00227      0.00000
 10.06000      0.00227      0.00000
 10.07000      0.00227      0.00000
 10.08000      0.00226      0.00000
 10.09000      0.00226      0.00000
 10.10000      0.00226      0.00000
 10.11000      0.00226      0.00000
 10.12000      0.00226      0.00000
 10.13000      0.00226      0.00000
 10.14000      0.00226      0.00000
 10.15000      0.00226      0.00000
 10.16000      0.00226      0.00000
 10.17000      0.00226      0.00000
 10.18000      0.00225      0.00000
 10.19000      0.00225      0.00000
 10.20000      0.00225      0.00000
 10.21000      0.00225      0.00000
 10.22000      0.00225      0.00000
 10.23000      0.00225      0.00000
 10.24000      0.00225      0.00000
 10.25000      0.00225      0.00000
 10.26000      0.00225      0.00000
 10.27000      0.00225      0.00000
 10.28000      0.00224      0.00000
 10.29000      0.00224      0.00000
 10.30000      0.00224      0.00000
 10.31000      0.00224      0.00000
 10.32000      0.00224      0.00000
 10.33000      0.00224      0.00000
 10.34000      0.00224      0.00000
 10.35000      0.00224      0.00000
 10.36000      0.00224      0.00000
 10.37000      0.00224      0.00000
 10.38000      0.00224      0.00000
 10.39000      0.00223      0.00000
 10.40000      0.00223      0.00000
 10.41000      0.00223      0.00000
 10.42000      0.00223      0.00000
 10.43000      0.00223      0.00000
 10.44000      0.00223      0.00000
 10.45000      0.00223      0.00000
 10.46000      0.00223      0.00000
 10.47000      0.00223      0.00000
 10.48000      0.00223      0.00000
 10.49000      0.00223      0.00000
 10.50000      0.00223      0.00000
 10.51000      0.00222      0.00000
 10.52000      0.00222      0.00000
 10.53000      0.00222      0.00000
 10.54000      0.00222      0.00000
 10.55000      0.00222      0.00000
 10.56000      0.00222      0.00000
 10.57000      0.00222      0.00000
 10.58000      0.00222      0.00000
 10.59000      0.00222      0.00000
 10.60000      0.00222      0.00000
 10.61000      0.00222      0.00000
 10.62000      0.00222      0.00000
 10.63000      0.00222      0.00000
 10.64000      0.00222      0.00000
 10.65000      0.00221      0.00000
 10.66000      0.00221      0.00000
 10.67000      0.00221      0.00000
 10.68000      0.00221      0.00000
 10.69000      0.00221      0.00000
 10.70000      0.00221      0.00000
 10.71000      0.00221      0.00000
 10.72000      0.00221      0.00000
 10.73000      0.00221      0.00000
 10.74000      0.00221      0.00000
 10.75000      0.00221      0.00000
 10.76000      0.00221      0.00000
 10.77000      0.00221      0.00000
 10.78000      0.00221      0.00000
 10.79000      0.00221      0.00000
 10.80000      0.00221      0.00000
 10.81000      0.00221      0.00000
 10.82000      0.00221      0.00000
 10.83000      0.00220      0.00000
 10.84000      0.00220      0.00000
 10.85000      0.00220      0.00000
 10.86000      0.00220      0.00000
 10.87000      0.00220      0.00000
 10.88000      0.00220      0.00000
 10.89000      0.00220      0.00000
 10.90000      0.00220      0.00000
 10.91000      0.00220      0.00000
 10.92000      0.00220      0.00000
 10.93000      0.00220      0.00000
 10.94000      0.00220      0.00000
 10.95000      0.00220      0.00000
 10.96000      0.00220      0.00000
 10.97000      0.00220      0.00000
 10.98000      0.00220      0.00000
 10.99000      0.00220      0.00000
 11.00000      0.00220      0.00000
 11.01000      0.00220      0.00000
 11.02000      0.00220      0.00000
 11.03000      0.00220      0.00000
 11.04000      0.00220      0.00000
 11.05000      0.00220      0.00000
 11.06000      0.00220      0.00000
 11.07000      0.00220      0.00000
 11.08000      0.00220      0.00000
 11.09000      0.00220      0.00000
 11.10000      0.00219      0.00000
 11.11000      0.00219      0.00000
 11.12000      0.00219      0.00000
 11.13000      0.00219      0.00000
 11.14000      0.00219      0.00000
 11.15000      0.00219      0.00000
 11.16000      0.00219      0.00000
 11.17000      0.00219      0.00000
 11.18000      0.00219      0.00000
 11.19000      0.00219      0.00000
 11.20000      0.00219      0.00000
 11.21000      0.00219      0.00000
 11.22000      0.00219      0.00000
 11.23000      0.00219      0.00000
 11.24000      0.00219      0.00000
 11.25000      0.00219      0.00000
 11.26000      0.00219      0.00000
 11.27000      0.00219      0.00000
 11.28000      0.00219      0.00000
 11.29000      0.00219      0.00000
 11.30000      0.00219      0.00000
 11.31000      0.00219      0.00000
 11.32000      0.00219      0.00000
 11.33000      0.00219      0.00000
 11.34000      0.00219      0.00000
 11.35000      0.00219      0.00000
 11.36000      0.00219      0.00000
 11.37000      0.00219      0.00000
 11.38000      0.00219      0.00000
 11.39000      0.00219      0.00000
 11.40000      0.00219      0.00000
 11.41000      0.00219      0.00000
 11.42000      0.00219      0.00000
 11.43000      0.00219      0.00000
 11.44000      0.00219      0.00000
 11.45000      0.00219      0.00000
 11.46000      0.00219      0.00000
 11.47000      0.00219      0.00000
 11.48000      0.00219      0.00000
 11.49000      0.00219      0.00000
 11.50000      0.00219      0.00000
 11.51000      0.00219      0.00000
 11.52000      0.00219      0.00000
 11.53000      0.00219      0.00000
 11.54000      0.00219      0.00000
 11.55000      0.00219      0.00000
 11.56000      0.00219      0.00000
 11.57000      0.00219      0.00000
 11.58000      0.00219      0.00000
 11.59000      0.00219      0.00000
 11.60000      0.00219      0.00000
 11.61000      0.00219      0.00000
 11.62000      0.00219      0.00000
 11.63000      0.00219      0.00000
 11.64000      0.00219      0.00000
 11.65000      0.00219      0.00000
 11.66000      0.00219      0.00000
 11.67000      0.00219      0.00000
 11.68000      0.00220      0.00000
 11.69000      0.00220      0.00000
 11.70000      0.00220      0.00000
 11.71000      0.00220      0.00000
 11.72000      0.00220      0.00000
 11.73000      0.00220      0.00000
 11.74000      0.00220      0.00000
 11.75000      0.00220      0.00000
 11.76000      0.00220      0.00000
 11.77000      0.00220      0.00000
 11.78000      0.00220      0.00000
 11.79000      0.00220      0.00000
 11.80000      0.00220      0.00000
 11.81000      0.00220      0.00000
 11.82000      0.00220      0.00000
 11.83000      0.00220      0.00000
 11.84000      0.00220      0.00000
 11.85000      0.00220      0.00000
 11.86000      0.00220      0.00000
 11.87000      0.00220      0.00000
 11.88000      0.00220      0.00000
 11.89000      0.00220      0.00000
 11.90000      0.00220      0.00000
 11.91000      0.00220      0.00000
 11.92000      0.00220      0.00000
 11.93000      0.00220      0.00000
 11.94000      0.00221      0.00000
 11.95000      0.00221      0.00000
 11.96000      0.00221      0.00000
 11.97000      0.00221      0.00000
 11.98000      0.00221      0.00000
 11.99000      0.00221      0.00000
 12.00000      0.00221      0.00000
 12.01000      0.00221      0.00000
 12.02000      0.00221      0.00000
 12.03000      0.00221      0.00000
 12.04000      0.00221      0.00000
 12.05000      0.00221      0.00000
 12.06000      0.00221      0.00000
 12.07000      0.00221      0.00000
 12.08000      0.00221      0.00000
 12.09000      0.00221      0.00000
 12.10000      0.00221      0.00000
 12.11000      0.00222      0.00000
 12.12000      0.00222      0.00000
 12.13000      0.00222      0.00000
 12.14000      0.00222      0.00000
 12.15000      0.00222      0.00000
 12.16000      0.00222      0.00000
 12.17000      0.00222      0.00000
 12.18000      0.00222      0.00000
 12.19000      0.00222      0.00000
 12.20000      0.00222      0.00000
 12.21000      0.00222      0.00000
 12.22000      0.00222      0.00000
 12.23000      0.00222      0.00000
 12.24000      0.00223      0.00000
 12.25000      0.00223      0.00000
 12.26000      0.00223      0.00000
 12.27000      0.00223      0.00000
 12.28000      0.00223      0.00000
 12.29000      0.00223      0.00000
 12.30000      0.00223      0.00000
 12.31000      0.00223      0.00000
 12.32000      0.00223      0.00000
 12.33000      0.00223      0.00000
 12.34000      0.00223      0.00000
 12.35000      0.00224      0.00000
 12.36000      0.00224      0.00000
 12.37000      0.00224      0.00000
 12.38000      0.00224      0.00000
 12.39000      0.00224      0.00000
 12.40000      0.00224      0.00000
 12.41000      0.00224      0.00000
 12.42000      0.00224      0.00000
 12.43000      0.00224      0.00000
 12.44000      0.00224      0.00000
 12.45000      0.00225      0.00000
 12.46000      0.00225      0.00000
 12.47000      0.00225      0.00000
 12.48000      0.00225      0.00000
 12.49000      0.00225      0.00000
 12.50000      0.00225      0.00000
 12.51000      0.00225      0.00000
 12.52000      0.00225      0.00000
 12.53000      0.00225      0.00000
 12.54000      0.00226      0.00000
 12.55000      0.00226      0.00000
 12.56000      0.00226      0.00000
 12.57000      0.00226      0.00000
 12.58000      0.00226      0.00000
 12.59000      0.00226      0.00000
 12.60000      0.00226      0.00000
 12.61000      0.00226      0.00000
 12.62000      0.00227      0.00000
 12.63000      0.00227      0.00000
 12.64000      0.00227      0.00000
 12.65000      0.00227      0.00000
 12.66000      0.00227      0.00000
 12.67000      0.00227      0.00000
 12.68000      0.00227      0.00000
 12.69000      0.00227      0.00000
 12.70000      0.00228      0.00000
 12.71000      0.00228      0.00000
 12.72000      0.00228      0.00000
 12.73000      0.00228      0.00000
 12.74000      0.00228      0.00000
 12.75000      0.00228      0.00000
 12.76000      0.00228      0.00000
 12.77000      0.00229      0.00000
 12.78000      0.00229      0.00000
 12.79000      0.00229      0.00000
 12.80000      0.00229      0.00000
 12.81000      0.00229      0.00000
 12.82000      0.00229      0.00000
 12.83000      0.00229      0.00000
 12.84000      0.00230      0.00000
 12.85000      0.00230      0.00000
 12.86000      0.00230      0.00000
 12.87000      0.00230      0.00000
 12.88000      0.00230      0.00000
 12.89000      0.00230      0.00000
 12.90000      0.00231      0.00000
 12.91000      0.00231      0.00000
 12.92000      0.00231      0.00000
 12.93000      0.00231      0.00000
 12.94000      0.00231      0.00000
 12.95000      0.00231      0.00000
 12.96000      0.00232      0.00000
 12.97000      0.00232      0.00000
 12.98000      0.00232      0.00000
 12.99000      0.00232      0.00000
 13.00000      0.00232      0.00000
 13.01000      0.00233      0.00000
 13.02000      0.00233      0.00000
 13.03000      0.00233      0.00000
 13.04000      0.00233      0.00000
 13.05000      0.00233      0.00000
 13.06000      0.00233      0.00000
 13.07000      0.00234      0.00000
 13.08000      0.00234      0.00000
 13.09000      0.00234      0.00000
 13.10000      0.00234      0.00000
 13.11000      0.00234      0.00000
 13.12000      0.00235      0.00000
 13.13000      0.00235      0.00000
 13.14000      0.00235      0.00000
 13.15000      0.00235      0.00000
 13.16000      0.00235      0.00000
 13.17000      0.00236      0.00000
 13.18000      0.00236      0.00000
 13.19000      0.00236      0.00000
 13.20000      0.00236      0.00000
 13.21000      0.00237      0.00000
 13.22000      0.00237      0.00000
 13.23000      0.00237      0.00000
 13.24000      0.00237      0.00000
 13.25000      0.00237      0.00000
 13.26000      0.00238      0.00000
 13.27000      0.00238      0.00000
 13.28000      0.00238      0.00000
 13.29000      0.00238      0.00000
 13.30000      0.00239      0.00000
 13.31000      0.00239      0.00000
 13.32000      0.00239      0.00000
 13.33000      0.00239      0.00000
 13.34000      0.00240      0.00000
 13.35000      0.00240      0.00000
 13.36000      0.00240      0.00000
 13.37000      0.00240      0.00000
 13.38000      0.00240      0.00000
 13.39000      0.00241      0.00000
 13.40000      0.00241      0.00000
 13.41000      0.00241      0.00000
 13.42000      0.00242      0.00000
 13.43000      0.00242      0.00000
 13.44000      0.00242      0.00000
 13.45000      0.00242      0.00000
 13.46000      0.00243      0.00000
 13.47000      0.00243      0.00000
 13.48000      0.00243      0.00000
 13.49000      0.00243      0.00000
 13.50000      0.00244      0.00000
 13.51000      0.00244      0.00000
 13.52000      0.00244      0.00000
 13.53000      0.00244      0.00000
 13.54000      0.00245      0.00000
 13.55000      0.00245      0.00000
 13.56000      0.00245      0.00000
 13.57000      0.00246      0.00000
 13.58000      0.00246      0.00000
 13.59000      0.00246      0.00000
 13.60000      0.00246      0.00000
 13.61000      0.00247      0.00000
 13.62000      0.00247      0.00000
 13.63000      0.00247      0.00000
 13.64000      0.00248      0.00000
 13.65000      0.00248      0.00000
 13.66000      0.00248      0.00000
 13.67000      0.00249      0.00000
 13.68000      0.00249      0.00000
 13.69000      0.00249      0.00000
 13.70000      0.00250      0.00000
 13.71000      0.00250      0.00000
 13.72000      0.00250      0.00000
 13.73000      0.00250      0.00000
 13.74000      0.00251      0.00000
 13.75000      0.00251      0.00000
 13.76000      0.00251      0.00000
 13.77000      0.00252      0.00000
 13.78000      0.00252      0.00000
 13.79000      0.00252      0.00000
 13.80000      0.00253      0.00000
 13.81000      0.00253      0.00000
 13.82000      0.00254      0.00000
 13.83000      0.00254      0.00000
 13.84000      0.00254      0.00000
 13.85000      0.00255      0.00000
 13.86000      0.00255      0.00000
 13.87000      0.00255      0.00000
 13.88000      0.00256      0.00000
 13.89000      0.00256      0.00000
 13.90000      0.00256      0.00000
 13.91000      0.00257      0.00000
 13.92000      0.00257      0.00000
 13.93000      0.00258      0.00000
 13.94000      0.00258      0.00000
 13.95000      0.00258      0.00000
 13.96000      0.00259      0.00000
 13.97000      0.00259      0.00000
 13.98000      0.00259      0.00000
 13.99000      0.00260      0.00000
 14.00000      0.00260      0.00000
 14.01000      0.00261      0.00000
 14.02000      0.00261      0.00000
 14.03000      0.00261      0.00000
 14.04000      0.00262      0.00000
 14.05000      0.00262      0.00000
 14.06000      0.00263      0.00000
 14.07000      0.00263      0.00000
 14.08000      0.00264      0.00000
 14.09000      0.00264      0.00000
 14.10000      0.00264      0.00000
 14.11000      0.00265      0.00000
 14.12000      0.00265      0.00000
 14.13000      0.00266      0.00000
 14.14000      0.00266      0.00000
 14.15000      0.00267      0.00000
 14.16000      0.00267      0.00000
 14.17000      0.00268      0.00000
 14.18000      0.00268      0.00000
 14.19000      0.00268      0.00000
 14.20000      0.00269      0.00000
 14.21000      0.00269      0.00000
 14.22000      0.00270      0.00000
 14.23000      0.00270      0.00000
 14.24000      0.00271      0.00000
 14.25000      0.00271      0.00000
 14.26000      0.00272      0.00000
 14.27000      0.00272      0.00000
 14.28000      0.00273      0.00000
 14.29000      0.00273      0.00000
 14.30000      0.00274      0.00000
 14.31000      0.00274      0.00000
 14.32000      0.00275      0.00000
 14.33000      0.00275      0.00000
 14.34000      0.00276      0.00000
 14.35000      0.00276      0.00000
 14.36000      0.00277      0.00000
 14.37000      0.00277      0.00000
 14.38000      0.00278      0.00000
 14.39000      0.00279      0.00000
 14.40000      0.00279      0.00000
 14.41000      0.00280      0.00000
 14.42000      0.00280      0.00000
 14.43000      0.00281      0.00000
 14.44000      0.00281      0.00000
 14.45000      0.00282      0.00000
 14.46000      0.00283      0.00000
 14.47000      0.00283      0.00000
 14.48000      0.00284      0.00000
 14.49000      0.00284      0.00000
 14.50000      0.00285      0.00000
 14.51000      0.00285      0.00000
 14.52000      0.00286      0.00000
 14.53000      0.00287      0.00000
 14.54000      0.00287      0.00000
 14.55000      0.00288      0.00000
 14.56000      0.00289      0.00000
 14.57000      0.00289      0.00000
 14.58000      0.00290      0.00000
 14.59000      0.00290      0.00000
 14.60000      0.00291      0.00000
 14.61000      0.00292      0.00000
 14.62000      0.00292      0.00000
 14.63000      0.00293      0.00000
 14.64000      0.00294      0.00000
 14.65000      0.00294      0.00000
 14.66000      0.00295      0.00000
 14.67000      0.00296      0.00000
 14.68000      0.00296      0.00000
 14.69000      0.00297      0.00000
 14.70000      0.00298      0.00000
 14.71000      0.00299      0.00000
 14.72000      0.00299      0.00000
 14.73000      0.00300      0.00000
 14.74000      0.00301      0.00000
 14.75000      0.00301      0.00000
 14.76000      0.00302      0.00000
 14.77000      0.00303      0.00000
 14.78000      0.00304      0.00000
 14.79000      0.00304      0.00000
 14.80000      0.00305      0.00000
 14.81000      0.00306      0.00000
 14.82000      0.00307      0.00000
 14.83000      0.00308      0.00000
 14.84000      0.00308      0.00000
 14.85000      0.00309      0.00000
 14.86000      0.00310      0.00000
 14.87000      0.00311      0.00000
 14.88000      0.00312      0.00000
 14.89000      0.00312      0.00000
 14.90000      0.00313      0.00000
 14.91000      0.00314      0.00000
 14.92000      0.00315      0.00000
 14.93000      0.00316      0.00000
 14.94000      0.00317      0.00000
 14.95000      0.00318      0.00000
 14.96000      0.00318      0.00000
 14.97000      0.00319      0.00000
 14.98000      0.00320      0.00000
 14.99000      0.00321      0.00000
 15.00000      0.00322      0.00000
 15.01000      0.00323      0.00000
 15.02000      0.00324      0.00000
 15.03000      0.00325      0.00000
 15.04000      0.00326      0.00000
 15.05000      0.00327      0.00000
 15.06000      0.00328      0.00000
 15.07000      0.00329      0.00000
 15.08000      0.00330      0.00000
 15.09000      0.00331      0.00000
 15.10000      0.00332      0.00000
 15.11000      0.00333      0.00000
 15.12000      0.00334      0.00000
 15.13000      0.00335      0.00000
 15.14000      0.00336      0.00000
 15.15000      0.00337      0.00000
 15.16000      0.00338      0.00000
 15.17000      0.00339      0.00000
 15.18000      0.00340      0.00000
 15.19000      0.00341      0.00000
 15.20000      0.00342      0.00000
 15.21000      0.00343      0.00000
 15.22000      0.00344      0.00000
 15.23000      0.00346      0.00000
 15.24000      0.00347      0.00000
 15.25000      0.00348      0.00000
 15.26000      0.00349      0.00000
 15.27000      0.00350      0.00000
 15.28000      0.00351      0.00000
 15.29000      0.00353      0.00000
 15.30000      0.00354      0.00000
 15.31000      0.00355      0.00000
 15.32000      0.00356      0.00000
 15.33000      0.00358      0.00000
 15.34000      0.00359      0.00000
 15.35000      0.00360      0.00000
 15.36000      0.00361      0.00000
 15.37000      0.00363      0.00000
 15.38000      0.00364      0.00000
 15.39000      0.00365      0.00000
 15.40000      0.00367      0.00000
 15.41000      0.00368      0.00000
 15.42000      0.00370      0.00000
 15.43000      0.00371      0.00000
 15.44000      0.00372      0.00000
 15.45000      0.00374      0.00000
 15.46000      0.00375      0.00000
 15.47000      0.00377      0.00000
 15.48000      0.00378      0.00000
 15.49000      0.00380      0.00000
 15.50000      0.00381      0.00000
 15.51000      0.00383      0.00000
 15.52000      0.00384      0.00000
 15.53000      0.00386      0.00000
 15.54000      0.00387      0.00000
 15.55000      0.00389      0.00000
 15.56000      0.00390      0.00000
 15.57000      0.00392      0.00000
 15.58000      0.00394      0.00000
 15.59000      0.00395      0.00000
 15.60000      0.00397      0.00000
 15.61000      0.00399      0.00000
 15.62000      0.00400      0.00000
 15.63000      0.00402      0.00000
 15.64000      0.00404      0.00000
 15.65000      0.00406      0.00000
 15.66000      0.00408      0.00000
 15.67000      0.00409      0.00000
 15.68000      0.00411      0.00000
 15.69000      0.00413      0.00000
 15.70000      0.00415      0.00000
 15.71000      0.00417      0.00000
 15.72000      0.00419      0.00000
 15.73000      0.00421      0.00000
 15.74000      0.00423      0.00000
 15.75000      0.00425      0.00000
 15.76000      0.00427      0.00000
 15.77000      0.00429      0.00000
 15.78000      0.00431      0.00000
 15.79000      0.00433      0.00000
 15.80000      0.00435      0.00000
 15.81000      0.00437      0.00000
 15.82000      0.00439      0.00000
 15.83000      0.00441      0.00000
 15.84000      0.00444      0.00000
 15.85000      0.00446      0.00000
 15.86000      0.00448      0.00000
 15.87000      0.00451      0.00000
 15.88000      0.00453      0.00000
 15.89000      0.00455      0.00000
 15.90000      0.00458      0.00000
 15.91000      0.00460      0.00000
 15.92000      0.00463      0.00000
 15.93000      0.00465      0.00000
 15.94000      0.00468      0.00000
 15.95000      0.00470      0.00000
 15.96000      0.00473      0.00000
 15.97000      0.00475      0.00000
 15.98000      0.00478      0.00000
 15.99000      0.00481      0.00000
 16.00000      0.00483      0.00000
 16.01000      0.00486      0.00000
 16.02000      0.00489      0.00000
 16.03000      0.00492      0.00000
 16.04000      0.00495      0.00000
 16.05000      0.00498      0.00000
 16.06000      0.00501      0.00000
 16.07000      0.00504      0.00000
 16.08000      0.00507      0.00000
 16.09000      0.00510      0.00000
 16.10000      0.00513      0.00000
 16.11000      0.00516      0.00000
 16.12000      0.00519      0.00000
 16.13000      0.00523      0.00000
 16.14000      0.00526      0.00000
 16.15000      0.00529      0.00000
 16.16000      0.00533      0.00000
 16.17000      0.00536      0.00000
 16.18000      0.00540      0.00000
 16.19000      0.00543      0.00000
 16.20000      0.00547      0.00000
 16.21000      0.00550      0.00000
 16.22000      0.00554      0.00000
 16.23000      0.00558      0.00000
 16.24000      0.00562      0.00000
 16.25000      0.00566      0.00000
 16.26000      0.00570      0.00000
 16.27000      0.00574      0.00000
 16.28000      0.00578      0.00000
 16.29000      0.00582      0.00000
 16.30000      0.00586      0.00000
 16.31000      0.00590      0.00000
 16.32000      0.00595      0.00000
 16.33000      0.00599      0.00000
 16.34000      0.00604      0.00000
 16.35000      0.00608      0.00000
 16.36000      0.00613      0.00000
 16.37000      0.00618      0.00000
 16.38000      0.00622      0.00000
 16.39000      0.00627      0.00000
 16.40000      0.00632      0.00000
 16.41000      0.00637      0.00000
 16.42000      0.00642      0.00000
 16.43000      0.00648      0.00000
 16.44000      0.00653      0.00000
 16.45000      0.00658      0.00000
 16.46000      0.00664      0.00000
 16.47000      0.00669      0.00000
 16.48000      0.00675      0.00000
 16.49000      0.00681      0.00000
 16.50000      0.00687      0.00000
 16.51000      0.00693      0.00000
 16.52000      0.00699      0.00000
 16.53000      0.00705      0.00000
 16.54000      0.00711      0.00000
 16.55000      0.00718      0.00000
 16.56000      0.00724      0.00000
 16.57000      0.00731      0.00000
 16.58000      0.00738      0.00000
 16.59000      0.00745      0.00000
 16.60000      0.00752      0.00000
 16.61000      0.00759      0.00000
 16.62000      0.00766      0.00000
 16.63000      0.00774      0.00000
 16.64000      0.00781      0.00000
 16.65000      0.00789      0.00000
 16.66000      0.00797      0.00000
 16.67000      0.00805      0.00000
 16.68000      0.00813      0.00000
 16.69000      0.00822      0.00000
 16.70000      0.00830      0.00000
 16.71000      0.00839      0.00000
 16.72000      0.00848      0.00000
 16.73000      0.00857      0.00000
 16.74000      0.00867      0.00000
 16.75000      0.00876      0.00000
 16.76000      0.00886      0.00000
 16.77000      0.00896      0.00000
 16.78000      0.00906      0.00000
 16.79000      0.00916      0.00000
 16.80000      0.00927      0.00000
 16.81000      0.00938      0.00000
 16.82000      0.00949      0.00000
 16.83000      0.00960      0.00000
 16.84000      0.00972      0.00000
 16.85000      0.00984      0.00000
 16.86000      0.00996      0.00000
 16.87000      0.01008      0.00000
 16.88000      0.01021      0.00000
 16.89000      0.01034      0.00000
 16.90000      0.01048      0.00000
 16.91000      0.01061      0.00000
 16.92000      0.01075      0.00000
 16.93000      0.01090      0.00000
 16.94000      0.01104      0.00000
 16.95000      0.01120      0.00000
 16.96000      0.01135      0.00000
 16.97000      0.01151      0.00000
 16.98000      0.01167      0.00000
 16.99000      0.01184      0.00000
 17.00000      0.01201      0.00000
 17.01000      0.01219      0.00000
 17.02000      0.01237      0.00000
 17.03000      0.01255      0.00000
 17.04000      0.01275      0.00000
 17.05000      0.01294      0.00000
 17.06000      0.01314      0.00000
 17.07000      0.01335      0.00000
 17.08000      0.01357      0.00000
 17.09000      0.01378      0.00000
 17.10000      0.01401      0.00000
 17.11000      0.01424      0.00000
 17.12000      0.01448      0.00000
 17.13000      0.01473      0.00000
 17.14000      0.01499      0.00000
 17.15000      0.01525      0.00000
 17.16000      0.01552      0.00000
 17.17000      0.01580      0.00000
 17.18000      0.01609      0.00000
 17.19000      0.01638      0.00000
 17.20000      0.01669      0.00000
 17.21000      0.01701      0.00000
 17.22000      0.01734      0.00000
 17.23000      0.01767      0.00000
 17.24000      0.01803      0.00000
 17.25000      0.01839      0.00000
 17.26000      0.01876      0.00000
 17.27000      0.01915      0.00000
 17.28000      0.01956      0.00000
 17.29000      0.01997      0.00000
 17.30000      0.02041      0.00000
 17.31000      0.02086      0.00000
 17.32000      0.02132      0.00000
 17.33000      0.02181      0.00000
 17.34000      0.02231      0.00000
 17.35000      0.02284      0.00000
 17.36000      0.02338      0.00000
 17.37000      0.02395      0.00000
 17.38000      0.02454      0.00000
 17.39000      0.02516      0.00000
 17.40000      0.02580      0.00000
 17.41000      0.02647      0.00000
 17.42000      0.02717      0.00000
 17.43000      0.02790      0.00000
 17.44000      0.02867      0.00000
 17.45000      0.02947      0.00000
 17.46000      0.03030      0.00000
 17.47000      0.03118      0.00000
 17.48000      0.03210      0.00000
 17.49000      0.03307      0.00000
 17.50000      0.03409      0.00000
 17.51000      0.03516      0.00000
 17.52000      0.03628      0.00000
 17.53000      0.03747      0.00000
 17.54000      0.03872      0.00000
 17.55000      0.04004      0.00000
 17.56000      0.04144      0.00000
 17.57000      0.04291      0.00000
 17.58000      0.04448      0.00000
 17.59000      0.04614      0.00000
 17.60000      0.04790      0.00000
 17.61000      0.04978      0.00000
 17.62000      0.05178      0.00000
 17.63000      0.05391      0.00000
 17.64000      0.05619      0.00000
 17.65000      0.05863      0.00000
 17.66000      0.06124      0.00000
 17.67000      0.06405      0.00000
 17.68000      0.06707      0.00000
 17.69000      0.07033      0.00000
 17.70000      0.07385      0.00000
 17.71000      0.07766      0.00000
 17.72000      0.08180      0.00000
 17.73000      0.08631      0.00000
 17.74000      0.09123      0.00000
 17.75000      0.09661      0.00000
 17.76000      0.10252      0.00000
 17.77000      0.10903      0.00000
 17.78000      0.11633      0.00000
 17.79000      0.12432      0.00000
 17.80000      0.13322      0.00000
 17.81000      0.14319      0.00000
 17.82000      0.15439      0.00000
 17.83000      0.16707      0.00000
 17.84000      0.18148      0.00000
 17.85000      0.19797      0.00000
 17.86000      0.21698      0.00000
 17.87000      0.23905      0.00000
 17.88000      0.26489      0.00000
 17.89000      0.29545      0.00000
 17.90000      0.33196      0.00000
 17.91000      0.37611      0.00000
 17.92000      0.43024      0.00000
 17.93000      0.49763      0.00000
 17.94000      0.58306      0.00000
 17.95000      0.69366      0.00000
 17.96000      0.84043      0.00000
 17.97000      1.04102      0.00000
 17.98000      1.32553      0.00000
 17.99000      1.75345      0.00000
 18.00000      2.48947      0.00000
 18.01000      4.10409      0.00000
 18.02000      8.18695      0.00000
 18.03000     17.13789      0.00000
 18.04000     30.73095      0.00000
 18.05000     39.15281      0.00000
 18.06000     30.81013      0.00000
 18.07000     17.21086      0.00000
 18.08000      8.24952      0.00000
 18.09000      4.17311      0.00000
 18.10000      2.57858      0.00000
 18.11000      1.87022      0.00000
 18.12000      1.47520      0.00000
 18.13000      1.22930      0.00000
 18.14000      1.07471      0.00000
 18.15000      0.98401      0.00000
 18.16000      0.94343      0.00000
 18.17000      0.94782      0.00000
 18.18000      0.99911      0.00000
 18.19000      1.10714      0.00000
 18.20000      1.29383      0.00000
 18.21000      1.60870      0.00000
 18.22000      2.20117      0.00000
 18.23000      3.58799      0.00000
 18.24000      7.11120      0.00000
 18.25000     14.52619      0.00000
 18.26000     24.95977      0.00000
 18.27000     29.71150      0.00000
 18.28000     21.98777      0.00000
 18.29000     11.91517      0.00000
 18.30000      5.68579      0.00000
 18.31000      2.92860      0.00000
 18.32000      1.82957      0.00000
 18.33000      1.30975      0.00000
 18.34000      0.99944      0.00000
 18.35000      0.79070      0.00000
 18.36000      0.64248      0.00000
 18.37000      0.53337      0.00000
 18.38000      0.45071      0.00000
 18.39000      0.38653      0.00000
 18.40000      0.33566      0.00000
 18.41000      0.29463      0.00000
 18.42000      0.26101      0.00000
 18.43000      0.23310      0.00000
 18.44000      0.20965      0.00000
 18.45000      0.18975      0.00000
 18.46000      0.17269      0.00000
 18.47000      0.15795      0.00000
 18.48000      0.14512      0.00000
 18.49000      0.13388      0.00000
 18.50000      0.12396      0.00000
 18.51000      0.11516      0.00000
 18.52000      0.10732      0.00000
 18.53000      0.10030      0.00000
 18.54000      0.09398      0.00000
 18.55000      0.08827      0.00000
 18.56000      0.08310      0.00000
 18.57000      0.07839      0.00000
 18.58000      0.07410      0.00000
 18.59000      0.07016      0.00000
 18.60000      0.06656      0.00000
 18.61000      0.06323      0.00000
 18.62000      0.06017      0.00000
 18.63000      0.05734      0.00000
 18.64000      0.05471      0.00000
 18.65000      0.05227      0.00000
 18.66000      0.05000      0.00000
 18.67000      0.04789      0.00000
 18.68000      0.04591      0.00000
 18.69000      0.04406      0.00000
 18.70000      0.04233      0.00000
 18.71000      0.04071      0.00000
 18.72000      0.03918      0.00000
 18.73000      0.03775      0.00000
 18.74000      0.03640      0.00000
 18.75000      0.03512      0.00000
 18.76000      0.03392      0.00000
 18.77000      0.03278      0.00000
 18.78000      0.03170      0.00000
 18.79000      0.03068      0.00000
 18.80000      0.02971      0.00000
 18.81000      0.02879      0.00000
 18.82000      0.02792      0.00000
 18.83000      0.02709      0.00000
 18.84000      0.02630      0.00000
 18.85000      0.02554      0.00000
 18.86000      0.02482      0.00000
 18.87000      0.02414      0.00000
 18.88000      0.02348      0.00000
 18.89000      0.02286      0.00000
 18.90000      0.02226      0.00000
 18.91000      0.02169      0.00000
 18.92000      0.02114      0.00000
 18.93000      0.02062      0.00000
 18.94000      0.02012      0.00000
 18.95000      0.01963      0.00000
 18.96000      0.01917      0.00000
 18.97000      0.01873      0.00000
 18.98000      0.01830      0.00000
 18.99000      0.01789      0.00000
 19.00000      0.01749      0.00000
 19.01000      0.01711      0.00000
 19.02000      0.01675      0.00000
 19.03000      0.01640      0.00000
 19.04000      0.01606      0.00000
 19.05000      0.01573      0.00000
 19.06000      0.01542      0.00000
 19.07000      0.01511      0.00000
 19.08000      0.01482      0.00000
 19.09000      0.01453      0.00000
 19.10000      0.01426      0.00000
 19.11000      0.01400      0.00000
 19.12000      0.01374      0.00000
 19.13000      0.01349      0.00000
 19.14000      0.01325      0.00000
 19.15000      0.01302      0.00000
 19.16000      0.01280      0.00000
 19.17000      0.01258      0.00000
 19.18000      0.01237      0.00000
 19.19000      0.01217      0.00000
 19.20000      0.01197      0.00000
 19.21000      0.01178      0.00000
 19.22000      0.01159      0.00000
 19.23000      0.01141      0.00000
 19.24000      0.01124      0.00000
 19.25000      0.01107      0.00000
 19.26000      0.01091      0.00000
 19.27000      0.01075      0.00000
 19.28000      0.01059      0.00000
 19.29000      0.01044      0.00000
 19.30000      0.01029      0.00000
 19.31000      0.01015      0.00000
 19.32000      0.01001      0.00000
 19.33000      0.00988      0.00000
 19.34000      0.00975      0.00000
 19.35000      0.00962      0.00000
 19.36000      0.00950      0.00000
 19.37000      0.00938      0.00000
 19.38000      0.00926      0.00000
 19.39000      0.00915      0.00000
 19.40000      0.00904      0.00000
 19.41000      0.00893      0.00000
 19.42000      0.00882      0.00000
 19.43000      0.00872      0.00000
 19.44000      0.00862      0.00000
 19.45000      0.00853      0.00000
 19.46000      0.00843      0.00000
 19.47000      0.00834      0.00000
 19.48000      0.00825      0.00000
 19.49000      0.00816      0.00000
 19.50000      0.00807      0.00000
 19.51000      0.00799      0.00000
 19.52000      0.00791      0.00000
 19.53000      0.00783      0.00000
 19.54000      0.00775      0.00000
 19.55000      0.00768      0.00000
 19.56000      0.00760      0.00000
 19.57000      0.00753      0.00000
 19.58000      0.00746      0.00000
 19.59000      0.00739      0.00000
 19.60000      0.00733      0.00000
 19.61000      0.00726      0.00000
 19.62000      0.00720      0.00000
 19.63000      0.00713      0.00000
 19.64000      0.00707      0.00000
 19.65000      0.00701      0.00000
 19.66000      0.00696      0.00000
 19.67000      0.00690      0.00000
 19.68000      0.00684      0.00000
 19.69000      0.00679      0.00000
 19.70000      0.00674      0.00000
 19.71000      0.00669      0.00000
 19.72000      0.00664      0.00000
 19.73000      0.00659      0.00000
 19.74000      0.00654      0.00000
 19.75000      0.00649      0.00000
 19.76000      0.00644      0.00000
 19.77000      0.00640      0.00000
 19.78000      0.00636      0.00000
 19.79000      0.00631      0.00000
 19.80000      0.00627      0.00000
 19.81000      0.00623      0.00000
 19.82000      0.00619      0.00000
 19.83000      0.00615      0.00000
 19.84000      0.00611      0.00000
 19.85000      0.00607      0.00000
 19.86000      0.00604      0.00000
 19.87000      0.00600      0.00000
 19.88000      0.00597      0.00000
 19.89000      0.00593      0.00000
 19.90000      0.00590      0.00000
 19.91000      0.00586      0.00000
 19.92000      0.00583      0.00000
 19.93000      0.00580      0.00000
 19.94000      0.00577      0.00000
 19.95000      0.00574      0.00000
 19.96000      0.00571      0.00000
 19.97000      0.00568      0.00000
 19.98000      0.00565      0.00000
 19.99000      0.00563      0.00000
 20.00000      0.00560      0.00000
 20.01000      0.00557      0.00000
 20.02000      0.00555      0.00000
 20.03000      0.00552      0.00000
 20.04000      0.00550      0.00000
 20.05000      0.00548      0.00000
 20.06000      0.00545      0.00000
 20.07000      0.00543      0.00000
 20.08000      0.00541      0.00000
 20.09000      0.00539      0.00000
 20.10000      0.00536      0.00000
 20.11000      0.00534      0.00000
 20.12000      0.00532      0.00000
 20.13000      0.00530      0.00000
 20.14000      0.00528      0.00000
 20.15000      0.00527      0.00000
 20.16000      0.00525      0.00000
 20.17000      0.00523      0.00000
 20.18000      0.00521      0.00000
 20.19000      0.00519      0.00000
 20.20000      0.00518      0.00000
 20.21000      0.00516      0.00000
 20.22000      0.00515      0.00000
 20.23000      0.00513      0.00000
 20.24000      0.00512      0.00000
 20.25000      0.00510      0.00000
 20.26000      0.00509      0.00000
 20.27000      0.00507      0.00000
 20.28000      0.00506      0.00000
 20.29000      0.00505      0.00000
 20.30000      0.00503      0.00000
 20.31000      0.00502      0.00000
 20.32000      0.00501      0.00000
 20.33000      0.00500      0.00000
 20.34000      0.00499      0.00000
 20.35000      0.00498      0.00000
 20.36000      0.00496      0.00000
 20.37000      0.00495      0.00000
 20.38000      0.00494      0.00000
 20.39000      0.00493      0.00000
 20.40000      0.00493      0.00000
 20.41000      0.00492      0.00000
 20.42000      0.00491      0.00000
 20.43000      0.00490      0.00000
 20.44000      0.00489      0.00000
 20.45000      0.00488      0.00000
 20.46000      0.00488      0.00000
 20.47000      0.00487      0.00000
 20.48000      0.00486      0.00000
 20.49000      0.00485      0.00000
 20.50000      0.00485      0.00000
 20.51000      0.00484      0.00000
 20.52000      0.00484      0.00000
 20.53000      0.00483      0.00000
 20.54000      0.00482      0.00000
 20.55000      0.00482      0.00000
 20.56000      0.00481      0.00000
 20.57000      0.00481      0.00000
 20.58000      0.00481      0.00000
 20.59000      0.00480      0.00000
 20.60000      0.00480      0.00000
 20.61000      0.00479      0.00000
 20.62000      0.00479      0.00000
 20.63000      0.00479      0.00000
 20.64000      0.00478      0.00000
 20.65000      0.00478      0.00000
 20.66000      0.00478      0.00000
 20.67000      0.00478      0.00000
 20.68000      0.00477      0.00000
 20.69000      0.00477      0.00000
 20.70000      0.00477      0.00000
 20.71000      0.00477      0.00000
 20.72000      0.00477      0.00000
 20.73000      0.00477      0.00000
 20.74000      0.00477      0.00000
 20.75000      0.00477      0.00000
 20.76000      0.00477      0.00000
 20.77000      0.00477      0.00000
 20.78000      0.00477      0.00000
 20.79000      0.00477      0.00000
 20.80000      0.00477      0.00000
 20.81000      0.00477      0.00000
 20.82000      0.00477      0.00000
 20.83000      0.00477      0.00000
 20.84000      0.00477      0.00000
 20.85000      0.00478      0.00000
 20.86000      0.00478      0.00000
 20.87000      0.00478      0.00000
 20.88000      0.00478      0.00000
 20.89000      0.00478      0.00000
 20.90000      0.00479      0.00000
 20.91000      0.00479      0.00000
 20.92000      0.00479      0.00000
 20.93000      0.00480      0.00000
 20.94000      0.00480      0.00000
 20.95000      0.00480      0.00000
 20.96000      0.00481      0.00000
 20.97000      0.00481      0.00000
 20.98000      0.00482      0.00000
 20.99000      0.00482      0.00000
 21.00000      0.00483      0.00000
 21.01000      0.00483      0.00000
 21.02000      0.00484      0.00000
 21.03000      0.00484      0.00000
 21.04000      0.00485      0.00000
 21.05000      0.00485      0.00000
 21.06000      0.00486      0.00000
 21.07000      0.00487      0.00000
 21.08000      0.00487      0.00000
 21.09000      0.00488      0.00000
 21.10000      0.00488      0.00000
 21.11000      0.00489      0.00000
 21.12000      0.00490      0.00000
 21.13000      0.00491      0.00000
 21.14000      0.00491      0.00000
 21.15000      0.00492      0.00000
 21.16000      0.00493      0.00000
 21.17000      0.00494      0.00000
 21.18000      0.00495      0.00000
 21.19000      0.00496      0.00000
 21.20000      0.00496      0.00000
 21.21000      0.00497      0.00000
 21.22000      0.00498      0.00000
 21.23000      0.00499      0.00000
 21.24000      0.00500      0.00000
 21.25000      0.00501      0.00000
 21.26000      0.00502      0.00000
 21.27000      0.00503      0.00000
 21.28000      0.00504      0.00000
 21.29000      0.00505      0.00000
 21.30000      0.00507      0.00000
 21.31000      0.00508      0.00000
 21.32000      0.00509      0.00000
 21.33000      0.00510      0.00000
 21.34000      0.00511      0.00000
 21.35000      0.00512      0.00000
 21.36000      0.00514      0.00000
 21.37000      0.00515      0.00000
 21.38000      0.00516      0.00000
 21.39000      0.00518      0.00000
 21.40000      0.00519      0.00000
 21.41000      0.00520      0.00000
 21.42000      0.00522      0.00000
 21.43000      0.00523      0.00000
 21.44000      0.00525      0.00000
 21.45000      0.00526      0.00000
 21.46000      0.00527      0.00000
 21.47000      0.00529      0.00000
 21.48000      0.00531      0.00000
 21.49000      0.00532      0.00000
 21.50000      0.00534      0.00000
 21.51000      0.00535      0.00000
 21.52000      0.00537      0.00000
 21.53000      0.00539      0.00000
 21.54000      0.00540      0.00000
 21.55000      0.00542      0.00000
 21.56000      0.00544      0.00000
 21.57000      0.00546      0.00000
 21.58000      0.00548      0.00000
 21.59000      0.00549      0.00000
 21.60000      0.00551      0.00000
 21.61000      0.00553      0.00000
 21.62000      0.00555      0.00000
 21.63000      0.00557      0.00000
 21.64000      0.00559      0.00000
 21.65000      0.00561      0.00000
 21.66000      0.00563      0.00000
 21.67000      0.00565      0.00000
 21.68000      0.00568      0.00000
 21.69000      0.00570      0.00000
 21.70000      0.00572      0.00000
 21.71000      0.00574      0.00000
 21.72000      0.00577      0.00000
 21.73000      0.00579      0.00000
 21.74000      0.00581      0.00000
 21.75000      0.00584      0.00000
 21.76000      0.00586      0.00000
 21.77000      0.00589      0.00000
 21.78000      0.00591      0.00000
 21.79000      0.00594      0.00000
 21.80000      0.00596      0.00000
 21.81000      0.00599      0.00000
 21.82000      0.00602      0.00000
 21.83000      0.00604      0.00000
 21.84000      0.00607      0.00000
 21.85000      0.00610      0.00000
 21.86000      0.00613      0.00000
 21.87000      0.00616      0.00000
 21.88000      0.00619      0.00000
 21.89000      0.00622      0.00000
 21.90000      0.00625      0.00000
 21.91000      0.00628      0.00000
 21.92000      0.00632      0.00000
 21.93000      0.00635      0.00000
 21.94000      0.00638      0.00000
 21.95000      0.00642      0.00000
 21.96000      0.00645      0.00000
 21.97000      0.00649      0.00000
 21.98000      0.00652      0.00000
 21.99000      0.00656      0.00000
 22.00000      0.00659      0.00000
 22.01000      0.00663      0.00000
 22.02000      0.00667      0.00000
 22.03000      0.00671      0.00000
 22.04000      0.00675      0.00000
 22.05000      0.00679      0.00000
 22.06000      0.00683      0.00000
 22.07000      0.00688      0.00000
 22.08000      0.00692      0.00000
 22.09000      0.00696      0.00000
 22.10000      0.00701      0.00000
 22.11000      0.00706      0.00000
 22.12000      0.00710      0.00000
 22.13000      0.00715      0.00000
 22.14000      0.00720      0.00000
 22.15000      0.00725      0.00000
 22.16000      0.00730      0.00000
 22.17000      0.00735      0.00000
 22.18000      0.00741      0.00000
 22.19000      0.00746      0.00000
 22.20000      0.00752      0.00000
 22.21000      0.00757      0.00000
 22.22000      0.00763      0.00000
 22.23000      0.00769      0.00000
 22.24000      0.00775      0.00000
 22.25000      0.00782      0.00000
 22.26000      0.00788      0.00000
 22.27000      0.00795      0.00000
 22.28000      0.00802      0.00000
 22.29000      0.00808      0.00000
 22.30000      0.00816      0.00000
 22.31000      0.00831      0.00000
 22.32000      0.00839      0.00000
 22.33000      0.00847      0.00000
 22.34000      0.00854      0.00000
 22.35000      0.00863      0.00000
 22.36000      0.00871      0.00000
 22.37000      0.00880      0.00000
 22.38000      0.00888      0.00000
 22.39000      0.00897      0.00000
 22.40000      0.00907      0.00000
 22.41000      0.00917      0.00000
 22.42000      0.00926      0.00000
 22.43000      0.00937      0.00000
 22.44000      0.00947      0.00000
 22.45000      0.00958      0.00000
 22.46000      0.00970      0.00000
 22.47000      0.00981      0.00000
 22.48000      0.00993      0.00000
 22.49000      0.01006      0.00000
 22.50000      0.01019      0.00000
 22.51000      0.01032      0.00000
 22.52000      0.01046      0.00000
 22.53000      0.01061      0.00000
 22.54000      0.01076      0.00000
 22.55000      0.01091      0.00000
 22.56000      0.01107      0.00000
 22.57000      0.01124      0.00000
 22.58000      0.01142      0.00000
 22.59000      0.01160      0.00000
 22.60000      0.01179      0.00000
 22.61000      0.01199      0.00000
 22.62000      0.01220      0.00000
 22.63000      0.01241      0.00000
 22.64000      0.01264      0.00000
 22.65000      0.01288      0.00000
 22.66000      0.01313      0.00000
 22.67000      0.01339      0.00000
 22.68000      0.01367      0.00000
 22.69000      0.01396      0.00000
 22.70000      0.01427      0.00000
 22.71000      0.01459      0.00000
 22.72000      0.01493      0.00000
 22.73000      0.01529      0.00000
 22.74000      0.01567      0.00000
 22.75000      0.01608      0.00000
 22.76000      0.01651      0.00000
 22.77000      0.01697      0.00000
 22.78000      0.01746      0.00000
 22.79000      0.01798      0.00000
 22.80000      0.01854      0.00000
 22.81000      0.01914      0.00000
 22.82000      0.01978      0.00000
 22.83000      0.02047      0.00000
 22.84000      0.02122      0.00000
 22.85000      0.02203      0.00000
 22.86000      0.02290      0.00000
 22.87000      0.02385      0.00000
 22.88000      0.02488      0.00000
 22.89000      0.02601      0.00000
 22.90000      0.02725      0.00000
 22.91000      0.02861      0.00000
 22.92000      0.03011      0.00000
 22.93000      0.03177      0.00000
 22.94000      0.03362      0.00000
 22.95000      0.03568      0.00000
 22.96000      0.03799      0.00000
 22.97000      0.04059      0.00000
 22.98000      0.04353      0.00000
 22.99000      0.04688      0.00000
 23.00000      0.05072      0.00000
 23.01000      0.05515      0.00000
 23.02000      0.06030      0.00000
 23.03000      0.06632      0.00000
 23.04000      0.07345      0.00000
 23.05000      0.08195      0.00000
 23.06000      0.09222      0.00000
 23.07000      0.10478      0.00000
 23.08000      0.12035      0.00000
 23.09000      0.13998      0.00000
 23.10000      0.16520      0.00000
 23.11000      0.19834      0.00000
 23.12000      0.24304      0.00000
 23.13000      0.30530      0.00000
 23.14000      0.39625      0.00000
 23.15000      0.54246      0.00000
 23.16000      0.82335      0.00000
 23.17000      1.45443      0.00000
 23.18000      2.81949      0.00000
 23.19000      5.16347      0.00000
 23.20000      7.66674      0.00000
 23.21000      7.70149      0.00000
 23.22000      5.21556      0.00000
 23.23000      2.85222      0.00000
 23.24000      1.46826      0.00000
 23.25000      0.82712      0.00000
 23.26000      0.54253      0.00000
 23.27000      0.39524      0.00000
 23.28000      0.30403      0.00000
 23.29000      0.24179      0.00000
 23.30000      0.19722      0.00000
 23.31000      0.16426      0.00000
 23.32000      0.13924      0.00000
 23.33000      0.11983      0.00000
 23.34000      0.10448      0.00000
 23.35000      0.09214      0.00000
 23.36000      0.08209      0.00000
 23.37000      0.07379      0.00000
 23.38000      0.06687      0.00000
 23.39000      0.06104      0.00000
 23.40000      0.05609      0.00000
 23.41000      0.05174      0.00000
 23.42000      0.04809      0.00000
 23.43000      0.04492      0.00000
 23.44000      0.04216      0.00000
 23.45000      0.03974      0.00000
 23.46000      0.03761      0.00000
 23.47000      0.03572      0.00000
 23.48000      0.03405      0.00000
 23.49000      0.03256      0.00000
 23.50000      0.03123      0.00000
 23.51000      0.03004      0.00000
 23.52000      0.02897      0.00000
 23.53000      0.02801      0.00000
 23.54000      0.02714      0.00000
 23.55000      0.02636      0.00000
 23.56000      0.02565      0.00000
 23.57000      0.02501      0.00000
 23.58000      0.02443      0.00000
 23.59000      0.02390      0.00000
 23.60000      0.02342      0.00000
 23.61000      0.02299      0.00000
 23.62000      0.02260      0.00000
 23.63000      0.02224      0.00000
 23.64000      0.02192      0.00000
 23.65000      0.02163      0.00000
 23.66000      0.02137      0.00000
 23.67000      0.02113      0.00000
 23.68000      0.02092      0.00000
 23.69000      0.02073      0.00000
 23.70000      0.02056      0.00000
 23.71000      0.02041      0.00000
 23.72000      0.02028      0.00000
 23.73000      0.02017      0.00000
 23.74000      0.01996      0.00000
 23.75000      0.01987      0.00000
 23.76000      0.01981      0.00000
 23.77000      0.01975      0.00000
 23.78000      0.01971      0.00000
 23.79000      0.01968      0.00000
 23.80000      0.01966      0.00000
 23.81000      0.01965      0.00000
 23.82000      0.01971      0.00000
 23.83000      0.01972      0.00000
 23.84000      0.01974      0.00000
 23.85000      0.01977      0.00000
 23.86000      0.01981      0.00000
 23.87000      0.01986      0.00000
 23.88000      0.01992      0.00000
 23.89000      0.01999      0.00000
 23.90000      0.02006      0.00000
 23.91000      0.02014      0.00000
 23.92000      0.02023      0.00000
 23.93000      0.02033      0.00000
 23.94000      0.02043      0.00000
 23.95000      0.02054      0.00000
 23.96000      0.02066      0.00000
 23.97000      0.02078      0.00000
 23.98000      0.02091      0.00000
 23.99000      0.02105      0.00000
 24.00000      0.02120      0.00000
 24.01000      0.02135      0.00000
 24.02000      0.02151      0.00000
 24.03000      0.02167      0.00000
 24.04000      0.02185      0.00000
 24.05000      0.02203      0.00000
 24.06000      0.02221      0.00000
 24.07000      0.02241      0.00000
 24.08000      0.02261      0.00000
 24.09000      0.02282      0.00000
 24.10000      0.02303      0.00000
 24.11000      0.02325      0.00000
 24.12000      0.02348      0.00000
 24.13000      0.02372      0.00000
 24.14000      0.02396      0.00000
 24.15000      0.02422      0.00000
 24.16000      0.02448      0.00000
 24.17000      0.02474      0.00000
 24.18000      0.02502      0.00000
 24.19000      0.02531      0.00000
 24.20000      0.02560      0.00000
 24.21000      0.02590      0.00000
 24.22000      0.02621      0.00000
 24.23000      0.02653      0.00000
 24.24000      0.02686      0.00000
 24.25000      0.02720      0.00000
 24.26000      0.02755      0.00000
 24.27000      0.02791      0.00000
 24.28000      0.02828      0.00000
 24.29000      0.02866      0.00000
 24.30000      0.02905      0.00000
 24.31000      0.02945      0.00000
 24.32000      0.02987      0.00000
 24.33000      0.03029      0.00000
 24.34000      0.03073      0.00000
 24.35000      0.03118      0.00000
 24.36000      0.03165      0.00000
 24.37000      0.03213      0.00000
 24.38000      0.03262      0.00000
 24.39000      0.03313      0.00000
 24.40000      0.03365      0.00000
 24.41000      0.03419      0.00000
 24.42000      0.03475      0.00000
 24.43000      0.03532      0.00000
 24.44000      0.03591      0.00000
 24.45000      0.03652      0.00000
 24.46000      0.03715      0.00000
 24.47000      0.03779      0.00000
 24.48000      0.03846      0.00000
 24.49000      0.03915      0.00000
 24.50000      0.03987      0.00000
 24.51000      0.04060      0.00000
 24.52000      0.04136      0.00000
 24.53000      0.04215      0.00000
 24.54000      0.04296      0.00000
 24.55000      0.04380      0.00000
 24.56000      0.04467      0.00000
 24.57000      0.04557      0.00000
 24.58000      0.04650      0.00000
 24.59000      0.04746      0.00000
 24.60000      0.04846      0.00000
 24.61000      0.04950      0.00000
 24.62000      0.05057      0.00000
 24.63000      0.05168      0.00000
 24.64000      0.05284      0.00000
 24.65000      0.05404      0.00000
 24.66000      0.05528      0.00000
 24.67000      0.05658      0.00000
 24.68000      0.05793      0.00000
 24.69000      0.05933      0.00000
 24.70000      0.06079      0.00000
 24.71000      0.06230      0.00000
 24.72000      0.06389      0.00000
 24.73000      0.06554      0.00000
 24.74000      0.06726      0.00000
 24.75000      0.06906      0.00000
 24.76000      0.07094      0.00000
 24.77000      0.07290      0.00000
 24.78000      0.07496      0.00000
 24.79000      0.07711      0.00000
 24.80000      0.07936      0.00000
 24.81000      0.08173      0.00000
 24.82000      0.08421      0.00000
 24.83000      0.08681      0.00000
 24.84000      0.08955      0.00000
 24.85000      0.09243      0.00000
 24.86000      0.09547      0.00000
 24.87000      0.09866      0.00000
 24.88000      0.10204      0.00000
 24.89000      0.10560      0.00000
 24.90000      0.10937      0.00000
 24.91000      0.11336      0.00000
 24.92000      0.11758      0.00000
 24.93000      0.12207      0.00000
 24.94000      0.12683      0.00000
 24.95000      0.13190      0.00000
 24.96000      0.13730      0.00000
 24.97000      0.14306      0.00000
 24.98000      0.14921      0.00000
 24.99000      0.15580      0.00000
 25.00000      0.16285      0.00000
 25.01000      0.17043      0.00000
 25.02000      0.17858      0.00000
 25.03000      0.18736      0.00000
 25.04000      0.19685      0.00000
 25.05000      0.20711      0.00000
 25.06000      0.21824      0.00000
 25.07000      0.23033      0.00000
 25.08000      0.24352      0.00000
 25.09000      0.25792      0.00000
 25.10000      0.27370      0.00000
 25.11000      0.29105      0.00000
 25.12000      0.31017      0.00000
 25.13000      0.33132      0.00000
 25.14000      0.35480      0.00000
 25.15000      0.38097      0.00000
 25.16000      0.41025      0.00000
 25.17000      0.44318      0.00000
 25.18000      0.48037      0.00000
 25.19000      0.52261      0.00000
 25.20000      0.57086      0.00000
 25.21000      0.62631      0.00000
 25.22000      0.69048      0.00000
 25.23000      0.76531      0.00000
 25.24000      0.85328      0.00000
 25.25000      0.95768      0.00000
 25.26000      1.08286      0.00000
 25.27000      1.23472      0.00000
 25.28000      1.42136      0.00000
 25.29000      1.65424      0.00000
 25.30000      1.94985      0.00000
 25.31000      2.33265      0.00000
 25.32000      2.84010      0.00000
 25.33000      3.53193      0.00000
 25.34000      4.51097      0.00000
 25.35000      5.98904      0.00000
 25.36000      8.52934      0.00000
 25.37000     13.71735      0.00000
 25.38000     25.01079      0.00000
 25.39000     46.72731      0.00000
 25.40000     78.10064      0.00000
 25.41000    100.00000      0.00000
 25.42000     85.16878      0.00000
 25.43000     53.26324      0.00000
 25.44000     28.88233      0.00000
 25.45000     15.56792      0.00000
 25.46000      9.39811      0.00000
 25.47000      6.50985      0.00000
 25.48000      4.97111      0.00000
 25.49000      4.07430      0.00000
 25.50000      3.49411      0.00000
 25.51000      2.94065      0.00000
 25.52000      2.37035      0.00000
 25.53000      1.90847      0.00000
 25.54000      1.57689      0.00000
 25.55000      1.34239      0.00000
 25.56000      1.16873      0.00000
 25.57000      1.03309      0.00000
 25.58000      0.92363      0.00000
 25.59000      0.83382      0.00000
 25.60000      0.75940      0.00000
 25.61000      0.69739      0.00000
 25.62000      0.64554      0.00000
 25.63000      0.60220      0.00000
 25.64000      0.56611      0.00000
 25.65000      0.53634      0.00000
 25.66000      0.51218      0.00000
 25.67000      0.49315      0.00000
 25.68000      0.47894      0.00000
 25.69000      0.46940      0.00000
 25.70000      0.46456      0.00000
 25.71000      0.46463      0.00000
 25.72000      0.47002      0.00000
 25.73000      0.48142      0.00000
 25.74000      0.49986      0.00000
 25.75000      0.52687      0.00000
 25.76000      0.56466      0.00000
 25.77000      0.61651      0.00000
 25.78000      0.68730      0.00000
 25.79000      0.78452      0.00000
 25.80000      0.92007      0.00000
 25.81000      1.11407      0.00000
 25.82000      1.40624      0.00000
 25.83000      1.89735      0.00000
 25.84000      2.87191      0.00000
 25.85000      4.98837      0.00000
 25.86000      9.18998      0.00000
 25.87000     15.70530      0.00000
 25.88000     21.49384      0.00000
 25.89000     19.99965      0.00000
 25.90000     13.24710      0.00000
 25.91000      7.41739      0.00000
 25.92000      4.02557      0.00000
 25.93000      2.39854      0.00000
 25.94000      1.63604      0.00000
 25.95000      1.22523      0.00000
 25.96000      0.96583      0.00000
 25.97000      0.78663      0.00000
 25.98000      0.65699      0.00000
 25.99000      0.56025      0.00000
 26.00000      0.48624      0.00000
 26.01000      0.42843      0.00000
 26.02000      0.38249      0.00000
 26.03000      0.34544      0.00000
 26.04000      0.31519      0.00000
 26.05000      0.29024      0.00000
 26.06000      0.26950      0.00000
 26.07000      0.25214      0.00000
 26.08000      0.23756      0.00000
 26.09000      0.22533      0.00000
 26.10000      0.21499      0.00000
 26.11000      0.20631      0.00000
 26.12000      0.19906      0.00000
 26.13000      0.19307      0.00000
 26.14000      0.18820      0.00000
 26.15000      0.18436      0.00000
 26.16000      0.18147      0.00000
 26.17000      0.17946      0.00000
 26.18000      0.17829      0.00000
 26.19000      0.17795      0.00000
 26.20000      0.17843      0.00000
 26.21000      0.17974      0.00000
 26.22000      0.18190      0.00000
 26.23000      0.18494      0.00000
 26.24000      0.18894      0.00000
 26.25000      0.19395      0.00000
 26.26000      0.20009      0.00000
 26.27000      0.20748      0.00000
 26.28000      0.21628      0.00000
 26.29000      0.22667      0.00000
 26.30000      0.23891      0.00000
 26.31000      0.25331      0.00000
 26.32000      0.27025      0.00000
 26.33000      0.29023      0.00000
 26.34000      0.31386      0.00000
 26.35000      0.34197      0.00000
 26.36000      0.37560      0.00000
 26.37000      0.41615      0.00000
 26.38000      0.46552      0.00000
 26.39000      0.52629      0.00000
 26.40000      0.60204      0.00000
 26.41000      0.69793      0.00000
 26.42000      0.82150      0.00000
 26.43000      0.98413      0.00000
 26.44000      1.20364      0.00000
 26.45000      1.50965      0.00000
 26.46000      1.95862      0.00000
 26.47000      2.68766      0.00000
 26.48000      4.07929      0.00000
 26.49000      7.04897      0.00000
 26.50000     13.03125      0.00000
 26.51000     22.75447      0.00000
 26.52000     32.78978      0.00000
 26.53000     32.96120      0.00000
 26.54000     23.02229      0.00000
 26.55000     13.20848      0.00000
 26.56000      7.12941      0.00000
 26.57000      4.10207      0.00000
 26.58000      2.68504      0.00000
 26.59000      1.94587      0.00000
 26.60000      1.49219      0.00000
 26.61000      1.18335      0.00000
 26.62000      0.96180      0.00000
 26.63000      0.79751      0.00000
 26.64000      0.67246      0.00000
 26.65000      0.57516      0.00000
 26.66000      0.49801      0.00000
 26.67000      0.43583      0.00000
 26.68000      0.38499      0.00000
 26.69000      0.34291      0.00000
 26.70000      0.30767      0.00000
 26.71000      0.27787      0.00000
 26.72000      0.25245      0.00000
 26.73000      0.23058      0.00000
 26.74000      0.21164      0.00000
 26.75000      0.19501      0.00000
 26.76000      0.18052      0.00000
 26.77000      0.16773      0.00000
 26.78000      0.15638      0.00000
 26.79000      0.14627      0.00000
 26.80000      0.13722      0.00000
 26.81000      0.12909      0.00000
 26.82000      0.12175      0.00000
 26.83000      0.11511      0.00000
 26.84000      0.10908      0.00000
 26.85000      0.10359      0.00000
 26.86000      0.09857      0.00000
 26.87000      0.09397      0.00000
 26.88000      0.08975      0.00000
 26.89000      0.08587      0.00000
 26.90000      0.08228      0.00000
 26.91000      0.07897      0.00000
 26.92000      0.07590      0.00000
 26.93000      0.07305      0.00000
 26.94000      0.07040      0.00000
 26.95000      0.06794      0.00000
 26.96000      0.06564      0.00000
 26.97000      0.06349      0.00000
 26.98000      0.06143      0.00000
 26.99000      0.05955      0.00000
 27.00000      0.05779      0.00000
 27.01000      0.05614      0.00000
 27.02000      0.05458      0.00000
 27.03000      0.05312      0.00000
 27.04000      0.05175      0.00000
 27.05000      0.05046      0.00000
 27.06000      0.04924      0.00000
 27.07000      0.04809      0.00000
 27.08000      0.04701      0.00000
 27.09000      0.04598      0.00000
 27.10000      0.04502      0.00000
 27.11000      0.04411      0.00000
 27.12000      0.04324      0.00000
 27.13000      0.04243      0.00000
 27.14000      0.04166      0.00000
 27.15000      0.04093      0.00000
 27.16000      0.04024      0.00000
 27.17000      0.03959      0.00000
 27.18000      0.03898      0.00000
 27.19000      0.03840      0.00000
 27.20000      0.03785      0.00000
 27.21000      0.03733      0.00000
 27.22000      0.03685      0.00000
 27.23000      0.03639      0.00000
 27.24000      0.03596      0.00000
 27.25000      0.03555      0.00000
 27.26000      0.03517      0.00000
 27.27000      0.03482      0.00000
 27.28000      0.03449      0.00000
 27.29000      0.03418      0.00000
 27.30000      0.03390      0.00000
 27.31000      0.03363      0.00000
 27.32000      0.03339      0.00000
 27.33000      0.03317      0.00000
 27.34000      0.03296      0.00000
 27.35000      0.03278      0.00000
 27.36000      0.03262      0.00000
 27.37000      0.03248      0.00000
 27.38000      0.03235      0.00000
 27.39000      0.03225      0.00000
 27.40000      0.03216      0.00000
 27.41000      0.03209      0.00000
 27.42000      0.03204      0.00000
 27.43000      0.03201      0.00000
 27.44000      0.03200      0.00000
 27.45000      0.03201      0.00000
 27.46000      0.03203      0.00000
 27.47000      0.03208      0.00000
 27.48000      0.03214      0.00000
 27.49000      0.03223      0.00000
 27.50000      0.03233      0.00000
 27.51000      0.03246      0.00000
 27.52000      0.03261      0.00000
 27.53000      0.03278      0.00000
 27.54000      0.03297      0.00000
 27.55000      0.03319      0.00000
 27.56000      0.03344      0.00000
 27.57000      0.03371      0.00000
 27.58000      0.03401      0.00000
 27.59000      0.03435      0.00000
 27.60000      0.03471      0.00000
 27.61000      0.03511      0.00000
 27.62000      0.03555      0.00000
 27.63000      0.03604      0.00000
 27.64000      0.03657      0.00000
 27.65000      0.03715      0.00000
 27.66000      0.03779      0.00000
 27.67000      0.03850      0.00000
 27.68000      0.03928      0.00000
 27.69000      0.04016      0.00000
 27.70000      0.04114      0.00000
 27.71000      0.04225      0.00000
 27.72000      0.04352      0.00000
 27.73000      0.04498      0.00000
 27.74000      0.04669      0.00000
 27.75000      0.04872      0.00000
 27.76000      0.05118      0.00000
 27.77000      0.05424      0.00000
 27.78000      0.05814      0.00000
 27.79000      0.06331      0.00000
 27.80000      0.07055      0.00000
 27.81000      0.08177      0.00000
 27.82000      0.10214      0.00000
 27.83000      0.14366      0.00000
 27.84000      0.22483      0.00000
 27.85000      0.35564      0.00000
 27.86000      0.49483      0.00000
 27.87000      0.51011      0.00000
 27.88000      0.38257      0.00000
 27.89000      0.24787      0.00000
 27.90000      0.16153      0.00000
 27.91000      0.11771      0.00000
 27.92000      0.09770      0.00000
 27.93000      0.08823      0.00000
 27.94000      0.08331      0.00000
 27.95000      0.08072      0.00000
 27.96000      0.07958      0.00000
 27.97000      0.07943      0.00000
 27.98000      0.08004      0.00000
 27.99000      0.08122      0.00000
 28.00000      0.08289      0.00000
 28.01000      0.08498      0.00000
 28.02000      0.08747      0.00000
 28.03000      0.09033      0.00000
 28.04000      0.09355      0.00000
 28.05000      0.09715      0.00000
 28.06000      0.10115      0.00000
 28.07000      0.10555      0.00000
 28.08000      0.11039      0.00000
 28.09000      0.11572      0.00000
 28.10000      0.12157      0.00000
 28.11000      0.12801      0.00000
 28.12000      0.13509      0.00000
 28.13000      0.14289      0.00000
 28.14000      0.15151      0.00000
 28.15000      0.16105      0.00000
 28.16000      0.17164      0.00000
 28.17000      0.18343      0.00000
 28.18000      0.19661      0.00000
 28.19000      0.21138      0.00000
 28.20000      0.22801      0.00000
 28.21000      0.24682      0.00000
 28.22000      0.26820      0.00000
 28.23000      0.29263      0.00000
 28.24000      0.32072      0.00000
 28.25000      0.35323      0.00000
 28.26000      0.39111      0.00000
 28.27000      0.43563      0.00000
 28.28000      0.48839      0.00000
 28.29000      0.55157      0.00000
 28.30000      0.62806      0.00000
 28.31000      0.72185      0.00000
 28.32000      0.83851      0.00000
 28.33000      0.98603      0.00000
 28.34000      1.17616      0.00000
 28.35000      1.42672      0.00000
 28.36000      1.76587      0.00000
 28.37000      2.24170      0.00000
 28.38000      2.95163      0.00000
 28.39000      4.14146      0.00000
 28.40000      6.45671      0.00000
 28.41000     11.24768      0.00000
 28.42000     20.25844      0.00000
 28.43000     33.67150      0.00000
 28.44000     45.21563      0.00000
 28.45000     42.19326      0.00000
 28.46000     28.57179      0.00000
 28.47000     16.47144      0.00000
 28.48000      9.12258      0.00000
 28.49000      5.41063      0.00000
 28.50000      3.61047      0.00000
 28.51000      2.63869      0.00000
 28.52000      2.03065      0.00000
 28.53000      1.61251      0.00000
 28.54000      1.31040      0.00000
 28.55000      1.08510      0.00000
 28.56000      0.91284      0.00000
 28.57000      0.77832      0.00000
 28.58000      0.67135      0.00000
 28.59000      0.58494      0.00000
 28.60000      0.51417      0.00000
 28.61000      0.45550      0.00000
 28.62000      0.40633      0.00000
 28.63000      0.36473      0.00000
 28.64000      0.32922      0.00000
 28.65000      0.29868      0.00000
 28.66000      0.27230      0.00000
 28.67000      0.24923      0.00000
 28.68000      0.22899      0.00000
 28.69000      0.21115      0.00000
 28.70000      0.19533      0.00000
 28.71000      0.18125      0.00000
 28.72000      0.16865      0.00000
 28.73000      0.15734      0.00000
 28.74000      0.14715      0.00000
 28.75000      0.13794      0.00000
 28.76000      0.12958      0.00000
 28.77000      0.12197      0.00000
 28.78000      0.11502      0.00000
 28.79000      0.10867      0.00000
 28.80000      0.10284      0.00000
 28.81000      0.09748      0.00000
 28.82000      0.09253      0.00000
 28.83000      0.08797      0.00000
 28.84000      0.08374      0.00000
 28.85000      0.07982      0.00000
 28.86000      0.07618      0.00000
 28.87000      0.07279      0.00000
 28.88000      0.06963      0.00000
 28.89000      0.06668      0.00000
 28.90000      0.06392      0.00000
 28.91000      0.06134      0.00000
 28.92000      0.05891      0.00000
 28.93000      0.05663      0.00000
 28.94000      0.05449      0.00000
 28.95000      0.05247      0.00000
 28.96000      0.05057      0.00000
 28.97000      0.04878      0.00000
 28.98000      0.04708      0.00000
 28.99000      0.04547      0.00000
 29.00000      0.04395      0.00000
 29.01000      0.04251      0.00000
 29.02000      0.04115      0.00000
 29.03000      0.03985      0.00000
 29.04000      0.03862      0.00000
 29.05000      0.03744      0.00000
 29.06000      0.03633      0.00000
 29.07000      0.03526      0.00000
 29.08000      0.03425      0.00000
 29.09000      0.03328      0.00000
 29.10000      0.03236      0.00000
 29.11000      0.03147      0.00000
 29.12000      0.03063      0.00000
 29.13000      0.02982      0.00000
 29.14000      0.02904      0.00000
 29.15000      0.02830      0.00000
 29.16000      0.02759      0.00000
 29.17000      0.02691      0.00000
 29.18000      0.02625      0.00000
 29.19000      0.02562      0.00000
 29.20000      0.02502      0.00000
 29.21000      0.02443      0.00000
 29.22000      0.02387      0.00000
 29.23000      0.02334      0.00000
 29.24000      0.02282      0.00000
 29.25000      0.02232      0.00000
 29.26000      0.02184      0.00000
 29.27000      0.02137      0.00000
 29.28000      0.02092      0.00000
 29.29000      0.02049      0.00000
 29.30000      0.02007      0.00000
 29.31000      0.01967      0.00000
 29.32000      0.01928      0.00000
 29.33000      0.01890      0.00000
 29.34000      0.01854      0.00000
 29.35000      0.01818      0.00000
 29.36000      0.01784      0.00000
 29.37000      0.01751      0.00000
 29.38000      0.01719      0.00000
 29.39000      0.01688      0.00000
 29.40000      0.01658      0.00000
 29.41000      0.01629      0.00000
 29.42000      0.01601      0.00000
 29.43000      0.01569      0.00000
 29.44000      0.01542      0.00000
 29.45000      0.01516      0.00000
 29.46000      0.01491      0.00000
 29.47000      0.01467      0.00000
 29.48000      0.01443      0.00000
 29.49000      0.01420      0.00000
 29.50000      0.01398      0.00000
 29.51000      0.01376      0.00000
 29.52000      0.01355      0.00000
 29.53000      0.01335      0.00000
 29.54000      0.01315      0.00000
 29.55000      0.01295      0.00000
 29.56000      0.01276      0.00000
 29.57000      0.01258      0.00000
 29.58000      0.01240      0.00000
 29.59000      0.01223      0.00000
 29.60000      0.01205      0.00000
 29.61000      0.01189      0.00000
 29.62000      0.01173      0.00000
 29.63000      0.01157      0.00000
 29.64000      0.01142      0.00000
 29.65000      0.01126      0.00000
 29.66000      0.01112      0.00000
 29.67000      0.01098      0.00000
 29.68000      0.01084      0.00000
 29.69000      0.01070      0.00000
 29.70000      0.01057      0.00000
 29.71000      0.01044      0.00000
 29.72000      0.01031      0.00000
 29.73000      0.01019      0.00000
 29.74000      0.01006      0.00000
 29.75000      0.00995      0.00000
 29.76000      0.00983      0.00000
 29.77000      0.00972      0.00000
 29.78000      0.00961      0.00000
 29.79000      0.00950      0.00000
 29.80000      0.00939      0.00000
 29.81000      0.00929      0.00000
 29.82000      0.00919      0.00000
 29.83000      0.00909      0.00000
 29.84000      0.00899      0.00000
 29.85000      0.00890      0.00000
 29.86000      0.00880      0.00000
 29.87000      0.00871      0.00000
 29.88000      0.00862      0.00000
 29.89000      0.00854      0.00000
 29.90000      0.00845      0.00000
 29.91000      0.00837      0.00000
 29.92000      0.00829      0.00000
 29.93000      0.00821      0.00000
 29.94000      0.00813      0.00000
 29.95000      0.00805      0.00000
 29.96000      0.00798      0.00000
 29.97000      0.00790      0.00000
 29.98000      0.00783      0.00000
 29.99000      0.00776      0.00000
 30.00000      0.00769      0.00000
 30.01000      0.00762      0.00000
 30.02000      0.00755      0.00000
 30.03000      0.00749      0.00000
 30.04000      0.00742      0.00000
 30.05000      0.00736      0.00000
 30.06000      0.00730      0.00000
 30.07000      0.00724      0.00000
 30.08000      0.00718      0.00000
 30.09000      0.00712      0.00000
 30.10000      0.00706      0.00000
 30.11000      0.00701      0.00000
 30.12000      0.00695      0.00000
 30.13000      0.00690      0.00000
 30.14000      0.00684      0.00000
 30.15000      0.00679      0.00000
 30.16000      0.00674      0.00000
 30.17000      0.00669      0.00000
 30.18000      0.00664      0.00000
 30.19000      0.00659      0.00000
 30.20000      0.00654      0.00000
 30.21000      0.00650      0.00000
 30.22000      0.00645      0.00000
 30.23000      0.00641      0.00000
 30.24000      0.00636      0.00000
 30.25000      0.00632      0.00000
 30.26000      0.00628      0.00000
 30.27000      0.00623      0.00000
 30.28000      0.00619      0.00000
 30.29000      0.00615      0.00000
 30.30000      0.00611      0.00000
 30.31000      0.00607      0.00000
 30.32000      0.00604      0.00000
 30.33000      0.00600      0.00000
 30.34000      0.00596      0.00000
 30.35000      0.00592      0.00000
 30.36000      0.00589      0.00000
 30.37000      0.00585      0.00000
 30.38000      0.00582      0.00000
 30.39000      0.00579      0.00000
 30.40000      0.00575      0.00000
 30.41000      0.00572      0.00000
 30.42000      0.00569      0.00000
 30.43000      0.00566      0.00000
 30.44000      0.00563      0.00000
 30.45000      0.00559      0.00000
 30.46000      0.00556      0.00000
 30.47000      0.00554      0.00000
 30.48000      0.00551      0.00000
 30.49000      0.00548      0.00000
 30.50000      0.00545      0.00000
 30.51000      0.00542      0.00000
 30.52000      0.00540      0.00000
 30.53000      0.00537      0.00000
 30.54000      0.00534      0.00000
 30.55000      0.00532      0.00000
 30.56000      0.00529      0.00000
 30.57000      0.00527      0.00000
 30.58000      0.00525      0.00000
 30.59000      0.00522      0.00000
 30.60000      0.00520      0.00000
 30.61000      0.00518      0.00000
 30.62000      0.00515      0.00000
 30.63000      0.00513      0.00000
 30.64000      0.00511      0.00000
 30.65000      0.00509      0.00000
 30.66000      0.00507      0.00000
 30.67000      0.00505      0.00000
 30.68000      0.00503      0.00000
 30.69000      0.00501      0.00000
 30.70000      0.00499      0.00000
 30.71000      0.00497      0.00000
 30.72000      0.00495      0.00000
 30.73000      0.00493      0.00000
 30.74000      0.00492      0.00000
 30.75000      0.00490      0.00000
 30.76000      0.00488      0.00000
 30.77000      0.00487      0.00000
 30.78000      0.00485      0.00000
 30.79000      0.00483      0.00000
 30.80000      0.00482      0.00000
 30.81000      0.00480      0.00000
 30.82000      0.00479      0.00000
 30.83000      0.00477      0.00000
 30.84000      0.00476      0.00000
 30.85000      0.00474      0.00000
 30.86000      0.00473      0.00000
 30.87000      0.00472      0.00000
 30.88000      0.00470      0.00000
 30.89000      0.00469      0.00000
 30.90000      0.00468      0.00000
 30.91000      0.00467      0.00000
 30.92000      0.00465      0.00000
 30.93000      0.00464      0.00000
 30.94000      0.00463      0.00000
 30.95000      0.00462      0.00000
 30.96000      0.00461      0.00000
 30.97000      0.00460      0.00000
 30.98000      0.00459      0.00000
 30.99000      0.00458      0.00000
 31.00000      0.00457      0.00000
 31.01000      0.00456      0.00000
 31.02000      0.00455      0.00000
 31.03000      0.00454      0.00000
 31.04000      0.00453      0.00000
 31.05000      0.00452      0.00000
 31.06000      0.00451      0.00000
 31.07000      0.00451      0.00000
 31.08000      0.00450      0.00000
 31.09000      0.00449      0.00000
 31.10000      0.00448      0.00000
 31.11000      0.00448      0.00000
 31.12000      0.00447      0.00000
 31.13000      0.00446      0.00000
 31.14000      0.00446      0.00000
 31.15000      0.00445      0.00000
 31.16000      0.00444      0.00000
 31.17000      0.00444      0.00000
 31.18000      0.00443      0.00000
 31.19000      0.00443      0.00000
 31.20000      0.00442      0.00000
 31.21000      0.00442      0.00000
 31.22000      0.00441      0.00000
 31.23000      0.00441      0.00000
 31.24000      0.00441      0.00000
 31.25000      0.00440      0.00000
 31.26000      0.00440      0.00000
 31.27000      0.00440      0.00000
 31.28000      0.00439      0.00000
 31.29000      0.00439      0.00000
 31.30000      0.00439      0.00000
 31.31000      0.00438      0.00000
 31.32000      0.00438      0.00000
 31.33000      0.00438      0.00000
 31.34000      0.00438      0.00000
 31.35000      0.00438      0.00000
 31.36000      0.00438      0.00000
 31.37000      0.00438      0.00000
 31.38000      0.00437      0.00000
 31.39000      0.00437      0.00000
 31.40000      0.00437      0.00000
 31.41000      0.00437      0.00000
 31.42000      0.00437      0.00000
 31.43000      0.00437      0.00000
 31.44000      0.00437      0.00000
 31.45000      0.00438      0.00000
 31.46000      0.00438      0.00000
 31.47000      0.00438      0.00000
 31.48000      0.00438      0.00000
 31.49000      0.00438      0.00000
 31.50000      0.00438      0.00000
 31.51000      0.00438      0.00000
 31.52000      0.00439      0.00000
 31.53000      0.00439      0.00000
 31.54000      0.00439      0.00000
 31.55000      0.00439      0.00000
 31.56000      0.00440      0.00000
 31.57000      0.00440      0.00000
 31.58000      0.00441      0.00000
 31.59000      0.00449      0.00000
 31.60000      0.00449      0.00000
 31.61000      0.00450      0.00000
 31.62000      0.00450      0.00000
 31.63000      0.00451      0.00000
 31.64000      0.00451      0.00000
 31.65000      0.00452      0.00000
 31.66000      0.00452      0.00000
 31.67000      0.00453      0.00000
 31.68000      0.00454      0.00000
 31.69000      0.00454      0.00000
 31.70000      0.00455      0.00000
 31.71000      0.00456      0.00000
 31.72000      0.00456      0.00000
 31.73000      0.00457      0.00000
 31.74000      0.00458      0.00000
 31.75000      0.00459      0.00000
 31.76000      0.00460      0.00000
 31.77000      0.00460      0.00000
 31.78000      0.00461      0.00000
 31.79000      0.00462      0.00000
 31.80000      0.00463      0.00000
 31.81000      0.00454      0.00000
 31.82000      0.00455      0.00000
 31.83000      0.00456      0.00000
 31.84000      0.00457      0.00000
 31.85000      0.00458      0.00000
 31.86000      0.00459      0.00000
 31.87000      0.00460      0.00000
 31.88000      0.00462      0.00000
 31.89000      0.00463      0.00000
 31.90000      0.00464      0.00000
 31.91000      0.00465      0.00000
 31.92000      0.00467      0.00000
 31.93000      0.00468      0.00000
 31.94000      0.00469      0.00000
 31.95000      0.00470      0.00000
 31.96000      0.00472      0.00000
 31.97000      0.00473      0.00000
 31.98000      0.00475      0.00000
 31.99000      0.00476      0.00000
 32.00000      0.00478      0.00000
 32.01000      0.00479      0.00000
 32.02000      0.00481      0.00000
 32.03000      0.00482      0.00000
 32.04000      0.00484      0.00000
 32.05000      0.00486      0.00000
 32.06000      0.00487      0.00000
 32.07000      0.00489      0.00000
 32.08000      0.00491      0.00000
 32.09000      0.00492      0.00000
 32.10000      0.00494      0.00000
 32.11000      0.00496      0.00000
 32.12000      0.00498      0.00000
 32.13000      0.00500      0.00000
 32.14000      0.00502      0.00000
 32.15000      0.00504      0.00000
 32.16000      0.00506      0.00000
 32.17000      0.00508      0.00000
 32.18000      0.00510      0.00000
 32.19000      0.00512      0.00000
 32.20000      0.00514      0.00000
 32.21000      0.00516      0.00000
 32.22000      0.00519      0.00000
 32.23000      0.00521      0.00000
 32.24000      0.00523      0.00000
 32.25000      0.00526      0.00000
 32.26000      0.00528      0.00000
 32.27000      0.00530      0.00000
 32.28000      0.00533      0.00000
 32.29000      0.00535      0.00000
 32.30000      0.00538      0.00000
 32.31000      0.00541      0.00000
 32.32000      0.00543      0.00000
 32.33000      0.00546      0.00000
 32.34000      0.00549      0.00000
 32.35000      0.00552      0.00000
 32.36000      0.00554      0.00000
 32.37000      0.00557      0.00000
 32.38000      0.00560      0.00000
 32.39000      0.00563      0.00000
 32.40000      0.00566      0.00000
 32.41000      0.00569      0.00000
 32.42000      0.00572      0.00000
 32.43000      0.00576      0.00000
 32.44000      0.00579      0.00000
 32.45000      0.00582      0.00000
 32.46000      0.00585      0.00000
 32.47000      0.00589      0.00000
 32.48000      0.00592      0.00000
 32.49000      0.00596      0.00000
 32.50000      0.00599      0.00000
 32.51000      0.00603      0.00000
 32.52000      0.00607      0.00000
 32.53000      0.00610      0.00000
 32.54000      0.00614      0.00000
 32.55000      0.00618      0.00000
 32.56000      0.00622      0.00000
 32.57000      0.00626      0.00000
 32.58000      0.00630      0.00000
 32.59000      0.00634      0.00000
 32.60000      0.00638      0.00000
 32.61000      0.00643      0.00000
 32.62000      0.00647      0.00000
 32.63000      0.00652      0.00000
 32.64000      0.00656      0.00000
 32.65000      0.00661      0.00000
 32.66000      0.00665      0.00000
 32.67000      0.00670      0.00000
 32.68000      0.00675      0.00000
 32.69000      0.00680      0.00000
 32.70000      0.00685      0.00000
 32.71000      0.00690      0.00000
 32.72000      0.00695      0.00000
 32.73000      0.00700      0.00000
 32.74000      0.00706      0.00000
 32.75000      0.00711      0.00000
 32.76000      0.00717      0.00000
 32.77000      0.00722      0.00000
 32.78000      0.00728      0.00000
 32.79000      0.00734      0.00000
 32.80000      0.00740      0.00000
 32.81000      0.00746      0.00000
 32.82000      0.00752      0.00000
 32.83000      0.00758      0.00000
 32.84000      0.00765      0.00000
 32.85000      0.00771      0.00000
 32.86000      0.00778      0.00000
 32.87000      0.00784      0.00000
 32.88000      0.00791      0.00000
 32.89000      0.00798      0.00000
 32.90000      0.00805      0.00000
 32.91000      0.00813      0.00000
 32.92000      0.00820      0.00000
 32.93000      0.00827      0.00000
 32.94000      0.00835      0.00000
 32.95000      0.00843      0.00000
 32.96000      0.00851      0.00000
 32.97000      0.00859      0.00000
 32.98000      0.00867      0.00000
 32.99000      0.00876      0.00000
 33.00000      0.00884      0.00000
 33.01000      0.00893      0.00000
 33.02000      0.00902      0.00000
 33.03000      0.00911      0.00000
 33.04000      0.00920      0.00000
 33.05000      0.00930      0.00000
 33.06000      0.00940      0.00000
 33.07000      0.00949      0.00000
 33.08000      0.00959      0.00000
 33.09000      0.00970      0.00000
 33.10000      0.00980      0.00000
 33.11000      0.00991      0.00000
 33.12000      0.01002      0.00000
 33.13000      0.01013      0.00000
 33.14000      0.01024      0.00000
 33.15000      0.01036      0.00000
 33.16000      0.01048      0.00000
 33.17000      0.01060      0.00000
 33.18000      0.01073      0.00000
 33.19000      0.01085      0.00000
 33.20000      0.01098      0.00000
 33.21000      0.01111      0.00000
 33.22000      0.01125      0.00000
 33.23000      0.01139      0.00000
 33.24000      0.01153      0.00000
 33.25000      0.01176      0.00000
 33.26000      0.01191      0.00000
 33.27000      0.01206      0.00000
 33.28000      0.01229      0.00000
 33.29000      0.01245      0.00000
 33.30000      0.01261      0.00000
 33.31000      0.01278      0.00000
 33.32000      0.01295      0.00000
 33.33000      0.01312      0.00000
 33.34000      0.01330      0.00000
 33.35000      0.01349      0.00000
 33.36000      0.01368      0.00000
 33.37000      0.01387      0.00000
 33.38000      0.01407      0.00000
 33.39000      0.01427      0.00000
 33.40000      0.01448      0.00000
 33.41000      0.01470      0.00000
 33.42000      0.01492      0.00000
 33.43000      0.01514      0.00000
 33.44000      0.01544      0.00000
 33.45000      0.01568      0.00000
 33.46000      0.01593      0.00000
 33.47000      0.01618      0.00000
 33.48000      0.01644      0.00000
 33.49000      0.01670      0.00000
 33.50000      0.01698      0.00000
 33.51000      0.01726      0.00000
 33.52000      0.01755      0.00000
 33.53000      0.01785      0.00000
 33.54000      0.01816      0.00000
 33.55000      0.01847      0.00000
 33.56000      0.01880      0.00000
 33.57000      0.01914      0.00000
 33.58000      0.01948      0.00000
 33.59000      0.01984      0.00000
 33.60000      0.02021      0.00000
 33.61000      0.02059      0.00000
 33.62000      0.02099      0.00000
 33.63000      0.02139      0.00000
 33.64000      0.02181      0.00000
 33.65000      0.02225      0.00000
 33.66000      0.02270      0.00000
 33.67000      0.02317      0.00000
 33.68000      0.02365      0.00000
 33.69000      0.02415      0.00000
 33.70000      0.02466      0.00000
 33.71000      0.02520      0.00000
 33.72000      0.02576      0.00000
 33.73000      0.02634      0.00000
 33.74000      0.02694      0.00000
 33.75000      0.02756      0.00000
 33.76000      0.02821      0.00000
 33.77000      0.02888      0.00000
 33.78000      0.02959      0.00000
 33.79000      0.03032      0.00000
 33.80000      0.03108      0.00000
 33.81000      0.03188      0.00000
 33.82000      0.03271      0.00000
 33.83000      0.03358      0.00000
 33.84000      0.03439      0.00000
 33.85000      0.03534      0.00000
 33.86000      0.03633      0.00000
 33.87000      0.03738      0.00000
 33.88000      0.03847      0.00000
 33.89000      0.03962      0.00000
 33.90000      0.04083      0.00000
 33.91000      0.04210      0.00000
 33.92000      0.04344      0.00000
 33.93000      0.04485      0.00000
 33.94000      0.04634      0.00000
 33.95000      0.04792      0.00000
 33.96000      0.04959      0.00000
 33.97000      0.05136      0.00000
 33.98000      0.05331      0.00000
 33.99000      0.05530      0.00000
 34.00000      0.05743      0.00000
 34.01000      0.05970      0.00000
 34.02000      0.06212      0.00000
 34.03000      0.06472      0.00000
 34.04000      0.06750      0.00000
 34.05000      0.07049      0.00000
 34.06000      0.07371      0.00000
 34.07000      0.07720      0.00000
 34.08000      0.08102      0.00000
 34.09000      0.08511      0.00000
 34.10000      0.08957      0.00000
 34.11000      0.09444      0.00000
 34.12000      0.09977      0.00000
 34.13000      0.10564      0.00000
 34.14000      0.11212      0.00000
 34.15000      0.11930      0.00000
 34.16000      0.12730      0.00000
 34.17000      0.13626      0.00000
 34.18000      0.14634      0.00000
 34.19000      0.15775      0.00000
 34.20000      0.17076      0.00000
 34.21000      0.18568      0.00000
 34.22000      0.20293      0.00000
 34.23000      0.22306      0.00000
 34.24000      0.24676      0.00000
 34.25000      0.27498      0.00000
 34.26000      0.30898      0.00000
 34.27000      0.35052      0.00000
 34.28000      0.40206      0.00000
 34.29000      0.46714      0.00000
 34.30000      0.55105      0.00000
 34.31000      0.66195      0.00000
 34.32000      0.81347      0.00000
 34.33000      1.03217      0.00000
 34.34000      1.37866      0.00000
 34.35000      1.99425      0.00000
 34.36000      3.15550      0.00000
 34.37000      5.24237      0.00000
 34.38000      8.47135      0.00000
 34.39000     12.14445      0.00000
 34.40000     13.56344      0.00000
 34.41000     11.07172      0.00000
 34.42000      7.35939      0.00000
 34.43000      4.49245      0.00000
 34.44000      2.75034      0.00000
 34.45000      1.81384      0.00000
 34.46000      1.32056      0.00000
 34.47000      1.04011      0.00000
 34.48000      0.86334      0.00000
 34.49000      0.74428      0.00000
 34.50000      0.66210      0.00000
 34.51000      0.60564      0.00000
 34.52000      0.56820      0.00000
 34.53000      0.54558      0.00000
 34.54000      0.53519      0.00000
 34.55000      0.53547      0.00000
 34.56000      0.54571      0.00000
 34.57000      0.56581      0.00000
 34.58000      0.59632      0.00000
 34.59000      0.63839      0.00000
 34.60000      0.69393      0.00000
 34.61000      0.76579      0.00000
 34.62000      0.85814      0.00000
 34.63000      0.97702      0.00000
 34.64000      1.13127      0.00000
 34.65000      1.33414      0.00000
 34.66000      1.60611      0.00000
 34.67000      1.98139      0.00000
 34.68000      2.52574      0.00000
 34.69000      3.38785      0.00000
 34.70000      4.91369      0.00000
 34.71000      7.78772      0.00000
 34.72000     12.97730      0.00000
 34.73000     21.11354      0.00000
 34.74000     30.71528      0.00000
 34.75000     35.24168      0.00000
 34.76000     29.51444      0.00000
 34.77000     19.84206      0.00000
 34.78000     12.07927      0.00000
 34.79000      7.24915      0.00000
 34.80000      4.60492      0.00000
 34.81000      3.19570      0.00000
 34.82000      2.38647      0.00000
 34.83000      1.86638      0.00000
 34.84000      1.50281      0.00000
 34.85000      1.23604      0.00000
 34.86000      1.03425      0.00000
 34.87000      0.87810      0.00000
 34.88000      0.75481      0.00000
 34.89000      0.65585      0.00000
 34.90000      0.57525      0.00000
 34.91000      0.50875      0.00000
 34.92000      0.45325      0.00000
 34.93000      0.40646      0.00000
 34.94000      0.36664      0.00000
 34.95000      0.33249      0.00000
 34.96000      0.30296      0.00000
 34.97000      0.27727      0.00000
 34.98000      0.25477      0.00000
 34.99000      0.23495      0.00000
 35.00000      0.21741      0.00000
 35.01000      0.20181      0.00000
 35.02000      0.18786      0.00000
 35.03000      0.17536      0.00000
 35.04000      0.16409      0.00000
 35.05000      0.15390      0.00000
 35.06000      0.14467      0.00000
 35.07000      0.13626      0.00000
 35.08000      0.12860      0.00000
 35.09000      0.12158      0.00000
 35.10000      0.11514      0.00000
 35.11000      0.10923      0.00000
 35.12000      0.10377      0.00000
 35.13000      0.09873      0.00000
 35.14000      0.09407      0.00000
 35.15000      0.08974      0.00000
 35.16000      0.08572      0.00000
 35.17000      0.08198      0.00000
 35.18000      0.07850      0.00000
 35.19000      0.07524      0.00000
 35.20000      0.07219      0.00000
 35.21000      0.06934      0.00000
 35.22000      0.06667      0.00000
 35.23000      0.06415      0.00000
 35.24000      0.06179      0.00000
 35.25000      0.05957      0.00000
 35.26000      0.05747      0.00000
 35.27000      0.05550      0.00000
 35.28000      0.05363      0.00000
 35.29000      0.05186      0.00000
 35.30000      0.05019      0.00000
 35.31000      0.04861      0.00000
 35.32000      0.04711      0.00000
 35.33000      0.04569      0.00000
 35.34000      0.04434      0.00000
 35.35000      0.04306      0.00000
 35.36000      0.04184      0.00000
 35.37000      0.04068      0.00000
 35.38000      0.03957      0.00000
 35.39000      0.03852      0.00000
 35.40000      0.03752      0.00000
 35.41000      0.03656      0.00000
 35.42000      0.03565      0.00000
 35.43000      0.03478      0.00000
 35.44000      0.03395      0.00000
 35.45000      0.03315      0.00000
 35.46000      0.03239      0.00000
 35.47000      0.03167      0.00000
 35.48000      0.03103      0.00000
 35.49000      0.03037      0.00000
 35.50000      0.02973      0.00000
 35.51000      0.02913      0.00000
 35.52000      0.02854      0.00000
 35.53000      0.02799      0.00000
 35.54000      0.02745      0.00000
 35.55000      0.02694      0.00000
 35.56000      0.02646      0.00000
 35.57000      0.02599      0.00000
 35.58000      0.02554      0.00000
 35.59000      0.02512      0.00000
 35.60000      0.02471      0.00000
 35.61000      0.02432      0.00000
 35.62000      0.02394      0.00000
 35.63000      0.02359      0.00000
 35.64000      0.02325      0.00000
 35.65000      0.02292      0.00000
 35.66000      0.02262      0.00000
 35.67000      0.02232      0.00000
 35.68000      0.02204      0.00000
 35.69000      0.02186      0.00000
 35.70000      0.02161      0.00000
 35.71000      0.02138      0.00000
 35.72000      0.02116      0.00000
 35.73000      0.02095      0.00000
 35.74000      0.02075      0.00000
 35.75000      0.02058      0.00000
 35.76000      0.02041      0.00000
 35.77000      0.02026      0.00000
 35.78000      0.02012      0.00000
 35.79000      0.01999      0.00000
 35.80000      0.01988      0.00000
 35.81000      0.01979      0.00000
 35.82000      0.01971      0.00000
 35.83000      0.01964      0.00000
 35.84000      0.01959      0.00000
 35.85000      0.01956      0.00000
 35.86000      0.01955      0.00000
 35.87000      0.01955      0.00000
 35.88000      0.01957      0.00000
 35.89000      0.01962      0.00000
 35.90000      0.01969      0.00000
 35.91000      0.01978      0.00000
 35.92000      0.01990      0.00000
 35.93000      0.02005      0.00000
 35.94000      0.02024      0.00000
 35.95000      0.02046      0.00000
 35.96000      0.02072      0.00000
 35.97000      0.02104      0.00000
 35.98000      0.02141      0.00000
 35.99000      0.02184      0.00000
 36.00000      0.02235      0.00000
 36.01000      0.02296      0.00000
 36.02000      0.02367      0.00000
 36.03000      0.02452      0.00000
 36.04000      0.02553      0.00000
 36.05000      0.02675      0.00000
 36.06000      0.02823      0.00000
 36.07000      0.03006      0.00000
 36.08000      0.03234      0.00000
 36.09000      0.03513      0.00000
 36.10000      0.03888      0.00000
 36.11000      0.04385      0.00000
 36.12000      0.05071      0.00000
 36.13000      0.06077      0.00000
 36.14000      0.07705      0.00000
 36.15000      0.10613      0.00000
 36.16000      0.15949      0.00000
 36.17000      0.25066      0.00000
 36.18000      0.38300      0.00000
 36.19000      0.51744      0.00000
 36.20000      0.54512      0.00000
 36.21000      0.43432      0.00000
 36.22000      0.29372      0.00000
 36.23000      0.18827      0.00000
 36.24000      0.12408      0.00000
 36.25000      0.08901      0.00000
 36.26000      0.07019      0.00000
 36.27000      0.05939      0.00000
 36.28000      0.05262      0.00000
 36.29000      0.04813      0.00000
 36.30000      0.04513      0.00000
 36.31000      0.04317      0.00000
 36.32000      0.04200      0.00000
 36.33000      0.04146      0.00000
 36.34000      0.04143      0.00000
 36.35000      0.04186      0.00000
 36.36000      0.04272      0.00000
 36.37000      0.04400      0.00000
 36.38000      0.04572      0.00000
 36.39000      0.04792      0.00000
 36.40000      0.05065      0.00000
 36.41000      0.05402      0.00000
 36.42000      0.05815      0.00000
 36.43000      0.06322      0.00000
 36.44000      0.06948      0.00000
 36.45000      0.07730      0.00000
 36.46000      0.08719      0.00000
 36.47000      0.09992      0.00000
 36.48000      0.11669      0.00000
 36.49000      0.13953      0.00000
 36.50000      0.17246      0.00000
 36.51000      0.22452      0.00000
 36.52000      0.31553      0.00000
 36.53000      0.48150      0.00000
 36.54000      0.76818      0.00000
 36.55000      1.19716      0.00000
 36.56000      1.67307      0.00000
 36.57000      1.85866      0.00000
 36.58000      1.54929      0.00000
 36.59000      1.07085      0.00000
 36.60000      0.69048      0.00000
 36.61000      0.45327      0.00000
 36.62000      0.32453      0.00000
 36.63000      0.25977      0.00000
 36.64000      0.22853      0.00000
 36.65000      0.21569      0.00000
 36.66000      0.21529      0.00000
 36.67000      0.22568      0.00000
 36.68000      0.24758      0.00000
 36.69000      0.28405      0.00000
 36.70000      0.34235      0.00000
 36.71000      0.43978      0.00000
 36.72000      0.61521      0.00000
 36.73000      0.94104      0.00000
 36.74000      1.51318      0.00000
 36.75000      2.38716      0.00000
 36.76000      3.40026      0.00000
 36.77000      3.88657      0.00000
 36.78000      3.31123      0.00000
 36.79000      2.28758      0.00000
 36.80000      1.43627      0.00000
 36.81000      0.88708      0.00000
 36.82000      0.57535      0.00000
 36.83000      0.40534      0.00000
 36.84000      0.30762      0.00000
 36.85000      0.24557      0.00000
 36.86000      0.20278      0.00000
 36.87000      0.17186      0.00000
 36.88000      0.14900      0.00000
 36.89000      0.13196      0.00000
 36.90000      0.11934      0.00000
 36.91000      0.11027      0.00000
 36.92000      0.10426      0.00000
 36.93000      0.10117      0.00000
 36.94000      0.10118      0.00000
 36.95000      0.10506      0.00000
 36.96000      0.11485      0.00000
 36.97000      0.13542      0.00000
 36.98000      0.17673      0.00000
 36.99000      0.25411      0.00000
 37.00000      0.38152      0.00000
 37.01000      0.55091      0.00000
 37.02000      0.68444      0.00000
 37.03000      0.65197      0.00000
 37.04000      0.48813      0.00000
 37.05000      0.32408      0.00000
 37.06000      0.20920      0.00000
 37.07000      0.14067      0.00000
 37.08000      0.10258      0.00000
 37.09000      0.08089      0.00000
 37.10000      0.06734      0.00000
 37.11000      0.05799      0.00000
 37.12000      0.05111      0.00000
 37.13000      0.04586      0.00000
 37.14000      0.04173      0.00000
 37.15000      0.03843      0.00000
 37.16000      0.03574      0.00000
 37.17000      0.03352      0.00000
 37.18000      0.03157      0.00000
 37.19000      0.03000      0.00000
 37.20000      0.02867      0.00000
 37.21000      0.02752      0.00000
 37.22000      0.02654      0.00000
 37.23000      0.02569      0.00000
 37.24000      0.02496      0.00000
 37.25000      0.02432      0.00000
 37.26000      0.02377      0.00000
 37.27000      0.02329      0.00000
 37.28000      0.02289      0.00000
 37.29000      0.02254      0.00000
 37.30000      0.02224      0.00000
 37.31000      0.02200      0.00000
 37.32000      0.02180      0.00000
 37.33000      0.02165      0.00000
 37.34000      0.02154      0.00000
 37.35000      0.02146      0.00000
 37.36000      0.02142      0.00000
 37.37000      0.02142      0.00000
 37.38000      0.02145      0.00000
 37.39000      0.02152      0.00000
 37.40000      0.02161      0.00000
 37.41000      0.02175      0.00000
 37.42000      0.02191      0.00000
 37.43000      0.02211      0.00000
 37.44000      0.02234      0.00000
 37.45000      0.02261      0.00000
 37.46000      0.02291      0.00000
 37.47000      0.02325      0.00000
 37.48000      0.02363      0.00000
 37.49000      0.02405      0.00000
 37.50000      0.02451      0.00000
 37.51000      0.02502      0.00000
 37.52000      0.02558      0.00000
 37.53000      0.02618      0.00000
 37.54000      0.02684      0.00000
 37.55000      0.02756      0.00000
 37.56000      0.02835      0.00000
 37.57000      0.02920      0.00000
 37.58000      0.03012      0.00000
 37.59000      0.03113      0.00000
 37.60000      0.03223      0.00000
 37.61000      0.03342      0.00000
 37.62000      0.03472      0.00000
 37.63000      0.03615      0.00000
 37.64000      0.03770      0.00000
 37.65000      0.03940      0.00000
 37.66000      0.04127      0.00000
 37.67000      0.04333      0.00000
 37.68000      0.04559      0.00000
 37.69000      0.04810      0.00000
 37.70000      0.05088      0.00000
 37.71000      0.05398      0.00000
 37.72000      0.05744      0.00000
 37.73000      0.06133      0.00000
 37.74000      0.06572      0.00000
 37.75000      0.07071      0.00000
 37.76000      0.07640      0.00000
 37.77000      0.08296      0.00000
 37.78000      0.09058      0.00000
 37.79000      0.09950      0.00000
 37.80000      0.11010      0.00000
 37.81000      0.12286      0.00000
 37.82000      0.13850      0.00000
 37.83000      0.15817      0.00000
 37.84000      0.18400      0.00000
 37.85000      0.22039      0.00000
 37.86000      0.27645      0.00000
 37.87000      0.36793      0.00000
 37.88000      0.51453      0.00000
 37.89000      0.72630      0.00000
 37.90000      0.96686      0.00000
 37.91000      1.10112      0.00000
 37.92000      1.03649      0.00000
 37.93000      0.90592      0.00000
 37.94000      0.83935      0.00000
 37.95000      0.88084      0.00000
 37.96000      1.05993      0.00000
 37.97000      1.44790      0.00000
 37.98000      2.19161      0.00000
 37.99000      3.48922      0.00000
 38.00000      5.44965      0.00000
 38.01000      7.71144      0.00000
 38.02000      8.83713      0.00000
 38.03000      7.62398      0.00000
 38.04000      5.34220      0.00000
 38.05000      3.39138      0.00000
 38.06000      2.10194      0.00000
 38.07000      1.35245      0.00000
 38.08000      0.93668      0.00000
 38.09000      0.69647      0.00000
 38.10000      0.54397      0.00000
 38.11000      0.43846      0.00000
 38.12000      0.36119      0.00000
 38.13000      0.30272      0.00000
 38.14000      0.25741      0.00000
 38.15000      0.22162      0.00000
 38.16000      0.19288      0.00000
 38.17000      0.16946      0.00000
 38.18000      0.15017      0.00000
 38.19000      0.13404      0.00000
 38.20000      0.12044      0.00000
 38.21000      0.10887      0.00000
 38.22000      0.09894      0.00000
 38.23000      0.09037      0.00000
 38.24000      0.08291      0.00000
 38.25000      0.07639      0.00000
 38.26000      0.07064      0.00000
 38.27000      0.06556      0.00000
 38.28000      0.06104      0.00000
 38.29000      0.05701      0.00000
 38.30000      0.05340      0.00000
 38.31000      0.05015      0.00000
 38.32000      0.04721      0.00000
 38.33000      0.04455      0.00000
 38.34000      0.04214      0.00000
 38.35000      0.03993      0.00000
 38.36000      0.03792      0.00000
 38.37000      0.03608      0.00000
 38.38000      0.03439      0.00000
 38.39000      0.03283      0.00000
 38.40000      0.03140      0.00000
 38.41000      0.03007      0.00000
 38.42000      0.02884      0.00000
 38.43000      0.02770      0.00000
 38.44000      0.02664      0.00000
 38.45000      0.02566      0.00000
 38.46000      0.02474      0.00000
 38.47000      0.02389      0.00000
 38.48000      0.02309      0.00000
 38.49000      0.02234      0.00000
 38.50000      0.02164      0.00000
 38.51000      0.02099      0.00000
 38.52000      0.02037      0.00000
 38.53000      0.01979      0.00000
 38.54000      0.01925      0.00000
 38.55000      0.01874      0.00000
 38.56000      0.01825      0.00000
 38.57000      0.01787      0.00000
 38.58000      0.01744      0.00000
 38.59000      0.01703      0.00000
 38.60000      0.01665      0.00000
 38.61000      0.01629      0.00000
 38.62000      0.01595      0.00000
 38.63000      0.01563      0.00000
 38.64000      0.01533      0.00000
 38.65000      0.01504      0.00000
 38.66000      0.01477      0.00000
 38.67000      0.01451      0.00000
 38.68000      0.01426      0.00000
 38.69000      0.01403      0.00000
 38.70000      0.01381      0.00000
 38.71000      0.01361      0.00000
 38.72000      0.01341      0.00000
 38.73000      0.01323      0.00000
 38.74000      0.01305      0.00000
 38.75000      0.01289      0.00000
 38.76000      0.01273      0.00000
 38.77000      0.01258      0.00000
 38.78000      0.01244      0.00000
 38.79000      0.01231      0.00000
 38.80000      0.01219      0.00000
 38.81000      0.01207      0.00000
 38.82000      0.01197      0.00000
 38.83000      0.01186      0.00000
 38.84000      0.01177      0.00000
 38.85000      0.01168      0.00000
 38.86000      0.01160      0.00000
 38.87000      0.01152      0.00000
 38.88000      0.01145      0.00000
 38.89000      0.01139      0.00000
 38.90000      0.01133      0.00000
 38.91000      0.01128      0.00000
 38.92000      0.01123      0.00000
 38.93000      0.01118      0.00000
 38.94000      0.01108      0.00000
 38.95000      0.01105      0.00000
 38.96000      0.01102      0.00000
 38.97000      0.01100      0.00000
 38.98000      0.01098      0.00000
 38.99000      0.01097      0.00000
 39.00000      0.01096      0.00000
 39.01000      0.01096      0.00000
 39.02000      0.01096      0.00000
 39.03000      0.01096      0.00000
 39.04000      0.01097      0.00000
 39.05000      0.01099      0.00000
 39.06000      0.01100      0.00000
 39.07000      0.01103      0.00000
 39.08000      0.01106      0.00000
 39.09000      0.01109      0.00000
 39.10000      0.01112      0.00000
 39.11000      0.01117      0.00000
 39.12000      0.01121      0.00000
 39.13000      0.01126      0.00000
 39.14000      0.01132      0.00000
 39.15000      0.01138      0.00000
 39.16000      0.01144      0.00000
 39.17000      0.01151      0.00000
 39.18000      0.01159      0.00000
 39.19000      0.01167      0.00000
 39.20000      0.01176      0.00000
 39.21000      0.01185      0.00000
 39.22000      0.01194      0.00000
 39.23000      0.01205      0.00000
 39.24000      0.01215      0.00000
 39.25000      0.01227      0.00000
 39.26000      0.01239      0.00000
 39.27000      0.01252      0.00000
 39.28000      0.01265      0.00000
 39.29000      0.01279      0.00000
 39.30000      0.01294      0.00000
 39.31000      0.01309      0.00000
 39.32000      0.01325      0.00000
 39.33000      0.01334      0.00000
 39.34000      0.01352      0.00000
 39.35000      0.01371      0.00000
 39.36000      0.01390      0.00000
 39.37000      0.01411      0.00000
 39.38000      0.01432      0.00000
 39.39000      0.01455      0.00000
 39.40000      0.01478      0.00000
 39.41000      0.01503      0.00000
 39.42000      0.01528      0.00000
 39.43000      0.01555      0.00000
 39.44000      0.01584      0.00000
 39.45000      0.01613      0.00000
 39.46000      0.01644      0.00000
 39.47000      0.01676      0.00000
 39.48000      0.01710      0.00000
 39.49000      0.01746      0.00000
 39.50000      0.01783      0.00000
 39.51000      0.01822      0.00000
 39.52000      0.01863      0.00000
 39.53000      0.01906      0.00000
 39.54000      0.01951      0.00000
 39.55000      0.01998      0.00000
 39.56000      0.02048      0.00000
 39.57000      0.02101      0.00000
 39.58000      0.02156      0.00000
 39.59000      0.02214      0.00000
 39.60000      0.02275      0.00000
 39.61000      0.02340      0.00000
 39.62000      0.02408      0.00000
 39.63000      0.02480      0.00000
 39.64000      0.02556      0.00000
 39.65000      0.02637      0.00000
 39.66000      0.02722      0.00000
 39.67000      0.02813      0.00000
 39.68000      0.02909      0.00000
 39.69000      0.03011      0.00000
 39.70000      0.03119      0.00000
 39.71000      0.03235      0.00000
 39.72000      0.03358      0.00000
 39.73000      0.03490      0.00000
 39.74000      0.03630      0.00000
 39.75000      0.03781      0.00000
 39.76000      0.03943      0.00000
 39.77000      0.04116      0.00000
 39.78000      0.04303      0.00000
 39.79000      0.04504      0.00000
 39.80000      0.04721      0.00000
 39.81000      0.04956      0.00000
 39.82000      0.05210      0.00000
 39.83000      0.05487      0.00000
 39.84000      0.05788      0.00000
 39.85000      0.06117      0.00000
 39.86000      0.06477      0.00000
 39.87000      0.06864      0.00000
 39.88000      0.07299      0.00000
 39.89000      0.07779      0.00000
 39.90000      0.08311      0.00000
 39.91000      0.08903      0.00000
 39.92000      0.09563      0.00000
 39.93000      0.10303      0.00000
 39.94000      0.11136      0.00000
 39.95000      0.12078      0.00000
 39.96000      0.13149      0.00000
 39.97000      0.14375      0.00000
 39.98000      0.15785      0.00000
 39.99000      0.17419      0.00000
 40.00000      0.19327      0.00000
 40.01000      0.21571      0.00000
 40.02000      0.24238      0.00000
 40.03000      0.27437      0.00000
 40.04000      0.31320      0.00000
 40.05000      0.36100      0.00000
 40.06000      0.42053      0.00000
 40.07000      0.49604      0.00000
 40.08000      0.59370      0.00000
 40.09000      0.72328      0.00000
 40.10000      0.90188      0.00000
 40.11000      1.16387      0.00000
 40.12000      1.58301      0.00000
 40.13000      2.30631      0.00000
 40.14000      3.57223      0.00000
 40.15000      5.65191      0.00000
 40.16000      8.63340      0.00000
 40.17000     11.85313      0.00000
 40.18000     13.18948      0.00000
 40.19000     11.25782      0.00000
 40.20000      7.95877      0.00000
 40.21000      5.14308      0.00000
 40.22000      3.24766      0.00000
 40.23000      2.11616      0.00000
 40.24000      1.47250      0.00000
 40.25000      1.09548      0.00000
 40.26000      0.85573      0.00000
 40.27000      0.69007      0.00000
 40.28000      0.56898      0.00000
 40.29000      0.47739      0.00000
 40.30000      0.40649      0.00000
 40.31000      0.35061      0.00000
 40.32000      0.30592      0.00000
 40.33000      0.26974      0.00000
 40.34000      0.24016      0.00000
 40.35000      0.21583      0.00000
 40.36000      0.19575      0.00000
 40.37000      0.17920      0.00000
 40.38000      0.16570      0.00000
 40.39000      0.15492      0.00000
 40.40000      0.14675      0.00000
 40.41000      0.14129      0.00000
 40.42000      0.13904      0.00000
 40.43000      0.14138      0.00000
 40.44000      0.15142      0.00000
 40.45000      0.17503      0.00000
 40.46000      0.22057      0.00000
 40.47000      0.29522      0.00000
 40.48000      0.39443      0.00000
 40.49000      0.47750      0.00000
 40.50000      0.47024      0.00000
 40.51000      0.37622      0.00000
 40.52000      0.27000      0.00000
 40.53000      0.18919      0.00000
 40.54000      0.13693      0.00000
 40.55000      0.10562      0.00000
 40.56000      0.08684      0.00000
 40.57000      0.07476      0.00000
 40.58000      0.06624      0.00000
 40.59000      0.05977      0.00000
 40.60000      0.05463      0.00000
 40.61000      0.05042      0.00000
 40.62000      0.04690      0.00000
 40.63000      0.04390      0.00000
 40.64000      0.04131      0.00000
 40.65000      0.03904      0.00000
 40.66000      0.03703      0.00000
 40.67000      0.03524      0.00000
 40.68000      0.03364      0.00000
 40.69000      0.03218      0.00000
 40.70000      0.03078      0.00000
 40.71000      0.02957      0.00000
 40.72000      0.02846      0.00000
 40.73000      0.02735      0.00000
 40.74000      0.02641      0.00000
 40.75000      0.02553      0.00000
 40.76000      0.02472      0.00000
 40.77000      0.02396      0.00000
 40.78000      0.02325      0.00000
 40.79000      0.02259      0.00000
 40.80000      0.02197      0.00000
 40.81000      0.02139      0.00000
 40.82000      0.02084      0.00000
 40.83000      0.02033      0.00000
 40.84000      0.01985      0.00000
 40.85000      0.01939      0.00000
 40.86000      0.01896      0.00000
 40.87000      0.01856      0.00000
 40.88000      0.01818      0.00000
 40.89000      0.01782      0.00000
 40.90000      0.01748      0.00000
 40.91000      0.01716      0.00000
 40.92000      0.01685      0.00000
 40.93000      0.01656      0.00000
 40.94000      0.01629      0.00000
 40.95000      0.01604      0.00000
 40.96000      0.01580      0.00000
 40.97000      0.01557      0.00000
 40.98000      0.01535      0.00000
 40.99000      0.01515      0.00000
 41.00000      0.01496      0.00000
 41.01000      0.01477      0.00000
 41.02000      0.01460      0.00000
 41.03000      0.01444      0.00000
 41.04000      0.01430      0.00000
 41.05000      0.01415      0.00000
 41.06000      0.01402      0.00000
 41.07000      0.01390      0.00000
 41.08000      0.01379      0.00000
 41.09000      0.01368      0.00000
 41.10000      0.01359      0.00000
 41.11000      0.01350      0.00000
 41.12000      0.01342      0.00000
 41.13000      0.01334      0.00000
 41.14000      0.01327      0.00000
 41.15000      0.01322      0.00000
 41.16000      0.01316      0.00000
 41.17000      0.01312      0.00000
 41.18000      0.01308      0.00000
 41.19000      0.01305      0.00000
 41.20000      0.01302      0.00000
 41.21000      0.01301      0.00000
 41.22000      0.01299      0.00000
 41.23000      0.01299      0.00000
 41.24000      0.01299      0.00000
 41.25000      0.01300      0.00000
 41.26000      0.01301      0.00000
 41.27000      0.01304      0.00000
 41.28000      0.01306      0.00000
 41.29000      0.01310      0.00000
 41.30000      0.01314      0.00000
 41.31000      0.01319      0.00000
 41.32000      0.01325      0.00000
 41.33000      0.01331      0.00000
 41.34000      0.01338      0.00000
 41.35000      0.01346      0.00000
 41.36000      0.01354      0.00000
 41.37000      0.01363      0.00000
 41.38000      0.01374      0.00000
 41.39000      0.01385      0.00000
 41.40000      0.01396      0.00000
 41.41000      0.01409      0.00000
 41.42000      0.01423      0.00000
 41.43000      0.01437      0.00000
 41.44000      0.01453      0.00000
 41.45000      0.01469      0.00000
 41.46000      0.01487      0.00000
 41.47000      0.01505      0.00000
 41.48000      0.01525      0.00000
 41.49000      0.01546      0.00000
 41.50000      0.01568      0.00000
 41.51000      0.01592      0.00000
 41.52000      0.01617      0.00000
 41.53000      0.01643      0.00000
 41.54000      0.01671      0.00000
 41.55000      0.01709      0.00000
 41.56000      0.01740      0.00000
 41.57000      0.01774      0.00000
 41.58000      0.01809      0.00000
 41.59000      0.01846      0.00000
 41.60000      0.01886      0.00000
 41.61000      0.01928      0.00000
 41.62000      0.01972      0.00000
 41.63000      0.02019      0.00000
 41.64000      0.02069      0.00000
 41.65000      0.02122      0.00000
 41.66000      0.02179      0.00000
 41.67000      0.02239      0.00000
 41.68000      0.02303      0.00000
 41.69000      0.02371      0.00000
 41.70000      0.02444      0.00000
 41.71000      0.02522      0.00000
 41.72000      0.02605      0.00000
 41.73000      0.02695      0.00000
 41.74000      0.02790      0.00000
 41.75000      0.02893      0.00000
 41.76000      0.03004      0.00000
 41.77000      0.03124      0.00000
 41.78000      0.03253      0.00000
 41.79000      0.03392      0.00000
 41.80000      0.03544      0.00000
 41.81000      0.03709      0.00000
 41.82000      0.03888      0.00000
 41.83000      0.04085      0.00000
 41.84000      0.04300      0.00000
 41.85000      0.04536      0.00000
 41.86000      0.04796      0.00000
 41.87000      0.05085      0.00000
 41.88000      0.05405      0.00000
 41.89000      0.05761      0.00000
 41.90000      0.06161      0.00000
 41.91000      0.06610      0.00000
 41.92000      0.07117      0.00000
 41.93000      0.07694      0.00000
 41.94000      0.08354      0.00000
 41.95000      0.09113      0.00000
 41.96000      0.09992      0.00000
 41.97000      0.11019      0.00000
 41.98000      0.12229      0.00000
 41.99000      0.13667      0.00000
 42.00000      0.15397      0.00000
 42.01000      0.17501      0.00000
 42.02000      0.20095      0.00000
 42.03000      0.23345      0.00000
 42.04000      0.27487      0.00000
 42.05000      0.32887      0.00000
 42.06000      0.40152      0.00000
 42.07000      0.50430      0.00000
 42.08000      0.66096      0.00000
 42.09000      0.91943      0.00000
 42.10000      1.36311      0.00000
 42.11000      2.10347      0.00000
 42.12000      3.22855      0.00000
 42.13000      4.66183      0.00000
 42.14000      5.84549      0.00000
 42.15000      5.80608      0.00000
 42.16000      4.58382      0.00000
 42.17000      3.15927      0.00000
 42.18000      2.05671      0.00000
 42.19000      1.33720      0.00000
 42.20000      0.90858      0.00000
 42.21000      0.65992      0.00000
 42.22000      0.50980      0.00000
 42.23000      0.41196      0.00000
 42.24000      0.34362      0.00000
 42.25000      0.29379      0.00000
 42.26000      0.25664      0.00000
 42.27000      0.22873      0.00000
 42.28000      0.20782      0.00000
 42.29000      0.19246      0.00000
 42.30000      0.18171      0.00000
 42.31000      0.17502      0.00000
 42.32000      0.17214      0.00000
 42.33000      0.17313      0.00000
 42.34000      0.17838      0.00000
 42.35000      0.18872      0.00000
 42.36000      0.20571      0.00000
 42.37000      0.23238      0.00000
 42.38000      0.27502      0.00000
 42.39000      0.34678      0.00000
 42.40000      0.47199      0.00000
 42.41000      0.68669      0.00000
 42.42000      1.02731      0.00000
 42.43000      1.49628      0.00000
 42.44000      1.97505      0.00000
 42.45000      2.14364      0.00000
 42.46000      1.83254      0.00000
 42.47000      1.32759      0.00000
 42.48000      0.89232      0.00000
 42.49000      0.59225      0.00000
 42.50000      0.40768      0.00000
 42.51000      0.29983      0.00000
 42.52000      0.23582      0.00000
 42.53000      0.19522      0.00000
 42.54000      0.16748      0.00000
 42.55000      0.14746      0.00000
 42.56000      0.13267      0.00000
 42.57000      0.12157      0.00000
 42.58000      0.11322      0.00000
 42.59000      0.10700      0.00000
 42.60000      0.10246      0.00000
 42.61000      0.09931      0.00000
 42.62000      0.09735      0.00000
 42.63000      0.09642      0.00000
 42.64000      0.09644      0.00000
 42.65000      0.09736      0.00000
 42.66000      0.09916      0.00000
 42.67000      0.10188      0.00000
 42.68000      0.10554      0.00000
 42.69000      0.11023      0.00000
 42.70000      0.11608      0.00000
 42.71000      0.12324      0.00000
 42.72000      0.13193      0.00000
 42.73000      0.14244      0.00000
 42.74000      0.15514      0.00000
 42.75000      0.17054      0.00000
 42.76000      0.18931      0.00000
 42.77000      0.21237      0.00000
 42.78000      0.24096      0.00000
 42.79000      0.27687      0.00000
 42.80000      0.32262      0.00000
 42.81000      0.38203      0.00000
 42.82000      0.46123      0.00000
 42.83000      0.57126      0.00000
 42.84000      0.73439      0.00000
 42.85000      0.99602      0.00000
 42.86000      1.43938      0.00000
 42.87000      2.18722      0.00000
 42.88000      3.36432      0.00000
 42.89000      4.98417      0.00000
 42.90000      6.66115      0.00000
 42.91000      7.31879      0.00000
 42.92000      6.31283      0.00000
 42.93000      4.57412      0.00000
 42.94000      3.04222      0.00000
 42.95000      1.97183      0.00000
 42.96000      1.30629      0.00000
 42.97000      0.91446      0.00000
 42.98000      0.68117      0.00000
 42.99000      0.53292      0.00000
 43.00000      0.43103      0.00000
 43.01000      0.35667      0.00000
 43.02000      0.30030      0.00000
 43.03000      0.25649      0.00000
 43.04000      0.22178      0.00000
 43.05000      0.19384      0.00000
 43.06000      0.17103      0.00000
 43.07000      0.15218      0.00000
 43.08000      0.13643      0.00000
 43.09000      0.12315      0.00000
 43.10000      0.11184      0.00000
 43.11000      0.10214      0.00000
 43.12000      0.09377      0.00000
 43.13000      0.08648      0.00000
 43.14000      0.08012      0.00000
 43.15000      0.07452      0.00000
 43.16000      0.06958      0.00000
 43.17000      0.06520      0.00000
 43.18000      0.06130      0.00000
 43.19000      0.05782      0.00000
 43.20000      0.05470      0.00000
 43.21000      0.05190      0.00000
 43.22000      0.04938      0.00000
 43.23000      0.04710      0.00000
 43.24000      0.04505      0.00000
 43.25000      0.04320      0.00000
 43.26000      0.04152      0.00000
 43.27000      0.04001      0.00000
 43.28000      0.03864      0.00000
 43.29000      0.03740      0.00000
 43.30000      0.03629      0.00000
 43.31000      0.03530      0.00000
 43.32000      0.03441      0.00000
 43.33000      0.03363      0.00000
 43.34000      0.03294      0.00000
 43.35000      0.03235      0.00000
 43.36000      0.03185      0.00000
 43.37000      0.03143      0.00000
 43.38000      0.03111      0.00000
 43.39000      0.03087      0.00000
 43.40000      0.03073      0.00000
 43.41000      0.03068      0.00000
 43.42000      0.03073      0.00000
 43.43000      0.03089      0.00000
 43.44000      0.03116      0.00000
 43.45000      0.03155      0.00000
 43.46000      0.03208      0.00000
 43.47000      0.03277      0.00000
 43.48000      0.03363      0.00000
 43.49000      0.03470      0.00000
 43.50000      0.03600      0.00000
 43.51000      0.03757      0.00000
 43.52000      0.03949      0.00000
 43.53000      0.04180      0.00000
 43.54000      0.04461      0.00000
 43.55000      0.04804      0.00000
 43.56000      0.05225      0.00000
 43.57000      0.05746      0.00000
 43.58000      0.06398      0.00000
 43.59000      0.07225      0.00000
 43.60000      0.08291      0.00000
 43.61000      0.09696      0.00000
 43.62000      0.11613      0.00000
 43.63000      0.14373      0.00000
 43.64000      0.18655      0.00000
 43.65000      0.25751      0.00000
 43.66000      0.37740      0.00000
 43.67000      0.57130      0.00000
 43.68000      0.85440      0.00000
 43.69000      1.19480      0.00000
 43.70000      1.44117      0.00000
 43.71000      1.38466      0.00000
 43.72000      1.08063      0.00000
 43.73000      0.74942      0.00000
 43.74000      0.49563      0.00000
 43.75000      0.32879      0.00000
 43.76000      0.22779      0.00000
 43.77000      0.16801      0.00000
 43.78000      0.13124      0.00000
 43.79000      0.10688      0.00000
 43.80000      0.08958      0.00000
 43.81000      0.07670      0.00000
 43.82000      0.06682      0.00000
 43.83000      0.05910      0.00000
 43.84000      0.05302      0.00000
 43.85000      0.04809      0.00000
 43.86000      0.04409      0.00000
 43.87000      0.04084      0.00000
 43.88000      0.03819      0.00000
 43.89000      0.03595      0.00000
 43.90000      0.03423      0.00000
 43.91000      0.03289      0.00000
 43.92000      0.03191      0.00000
 43.93000      0.03129      0.00000
 43.94000      0.03106      0.00000
 43.95000      0.03130      0.00000
 43.96000      0.03216      0.00000
 43.97000      0.03399      0.00000
 43.98000      0.03752      0.00000
 43.99000      0.04400      0.00000
 44.00000      0.05522      0.00000
 44.01000      0.07283      0.00000
 44.02000      0.09665      0.00000
 44.03000      0.12034      0.00000
 44.04000      0.12807      0.00000
 44.05000      0.11208      0.00000
 44.06000      0.08630      0.00000
 44.07000      0.06372      0.00000
 44.08000      0.04781      0.00000
 44.09000      0.03782      0.00000
 44.10000      0.03180      0.00000
 44.11000      0.02816      0.00000
 44.12000      0.02583      0.00000
 44.13000      0.02423      0.00000
 44.14000      0.02307      0.00000
 44.15000      0.02221      0.00000
 44.16000      0.02156      0.00000
 44.17000      0.02107      0.00000
 44.18000      0.02070      0.00000
 44.19000      0.02043      0.00000
 44.20000      0.02024      0.00000
 44.21000      0.02012      0.00000
 44.22000      0.02006      0.00000
 44.23000      0.02005      0.00000
 44.24000      0.02008      0.00000
 44.25000      0.02015      0.00000
 44.26000      0.02026      0.00000
 44.27000      0.02032      0.00000
 44.28000      0.02050      0.00000
 44.29000      0.02072      0.00000
 44.30000      0.02096      0.00000
 44.31000      0.02124      0.00000
 44.32000      0.02155      0.00000
 44.33000      0.02189      0.00000
 44.34000      0.02227      0.00000
 44.35000      0.02268      0.00000
 44.36000      0.02313      0.00000
 44.37000      0.02361      0.00000
 44.38000      0.02413      0.00000
 44.39000      0.02469      0.00000
 44.40000      0.02530      0.00000
 44.41000      0.02595      0.00000
 44.42000      0.02665      0.00000
 44.43000      0.02740      0.00000
 44.44000      0.02821      0.00000
 44.45000      0.02908      0.00000
 44.46000      0.03002      0.00000
 44.47000      0.03102      0.00000
 44.48000      0.03210      0.00000
 44.49000      0.03327      0.00000
 44.50000      0.03452      0.00000
 44.51000      0.03588      0.00000
 44.52000      0.03734      0.00000
 44.53000      0.03893      0.00000
 44.54000      0.04064      0.00000
 44.55000      0.04251      0.00000
 44.56000      0.04454      0.00000
 44.57000      0.04675      0.00000
 44.58000      0.04916      0.00000
 44.59000      0.05180      0.00000
 44.60000      0.05470      0.00000
 44.61000      0.05789      0.00000
 44.62000      0.06141      0.00000
 44.63000      0.06536      0.00000
 44.64000      0.06969      0.00000
 44.65000      0.07452      0.00000
 44.66000      0.07992      0.00000
 44.67000      0.08599      0.00000
 44.68000      0.09284      0.00000
 44.69000      0.10061      0.00000
 44.70000      0.10948      0.00000
 44.71000      0.11965      0.00000
 44.72000      0.13140      0.00000
 44.73000      0.14506      0.00000
 44.74000      0.16107      0.00000
 44.75000      0.17999      0.00000
 44.76000      0.20257      0.00000
 44.77000      0.22981      0.00000
 44.78000      0.26305      0.00000
 44.79000      0.30418      0.00000
 44.80000      0.35584      0.00000
 44.81000      0.42195      0.00000
 44.82000      0.50865      0.00000
 44.83000      0.62667      0.00000
 44.84000      0.79671      0.00000
 44.85000      1.06017      0.00000
 44.86000      1.49341      0.00000
 44.87000      2.21438      0.00000
 44.88000      3.35923      0.00000
 44.89000      5.00113      0.00000
 44.90000      6.94068      0.00000
 44.91000      8.31730      0.00000
 44.92000      7.99077      0.00000
 44.93000      6.27245      0.00000
 44.94000      4.37788      0.00000
 44.95000      2.90442      0.00000
 44.96000      1.91969      0.00000
 44.97000      1.31372      0.00000
 44.98000      0.95079      0.00000
 44.99000      0.72661      0.00000
 45.00000      0.57833      0.00000
 45.01000      0.47325      0.00000
 45.02000      0.39499      0.00000
 45.03000      0.33484      0.00000
 45.04000      0.28758      0.00000
 45.05000      0.24981      0.00000
 45.06000      0.21919      0.00000
 45.07000      0.19405      0.00000
 45.08000      0.17318      0.00000
 45.09000      0.15568      0.00000
 45.10000      0.14088      0.00000
 45.11000      0.12826      0.00000
 45.12000      0.11744      0.00000
 45.13000      0.10808      0.00000
 45.14000      0.09997      0.00000
 45.15000      0.09289      0.00000
 45.16000      0.08668      0.00000
 45.17000      0.08123      0.00000
 45.18000      0.07643      0.00000
 45.19000      0.07219      0.00000
 45.20000      0.06844      0.00000
 45.21000      0.06513      0.00000
 45.22000      0.06220      0.00000
 45.23000      0.05961      0.00000
 45.24000      0.05733      0.00000
 45.25000      0.05534      0.00000
 45.26000      0.05361      0.00000
 45.27000      0.05212      0.00000
 45.28000      0.05086      0.00000
 45.29000      0.04981      0.00000
 45.30000      0.04898      0.00000
 45.31000      0.04836      0.00000
 45.32000      0.04794      0.00000
 45.33000      0.04774      0.00000
 45.34000      0.04775      0.00000
 45.35000      0.04800      0.00000
 45.36000      0.04850      0.00000
 45.37000      0.04928      0.00000
 45.38000      0.05036      0.00000
 45.39000      0.05180      0.00000
 45.40000      0.05365      0.00000
 45.41000      0.05598      0.00000
 45.42000      0.05895      0.00000
 45.43000      0.06257      0.00000
 45.44000      0.06708      0.00000
 45.45000      0.07272      0.00000
 45.46000      0.07980      0.00000
 45.47000      0.08880      0.00000
 45.48000      0.10040      0.00000
 45.49000      0.11564      0.00000
 45.50000      0.13634      0.00000
 45.51000      0.16592      0.00000
 45.52000      0.21120      0.00000
 45.53000      0.28484      0.00000
 45.54000      0.40690      0.00000
 45.55000      0.60180      0.00000
 45.56000      0.88632      0.00000
 45.57000      1.23835      0.00000
 45.58000      1.53053      0.00000
 45.59000      1.54480      0.00000
 45.60000      1.26750      0.00000
 45.61000      0.91351      0.00000
 45.62000      0.62185      0.00000
 45.63000      0.42030      0.00000
 45.64000      0.29363      0.00000
 45.65000      0.21735      0.00000
 45.66000      0.17082      0.00000
 45.67000      0.14079      0.00000
 45.68000      0.12008      0.00000
 45.69000      0.10506      0.00000
 45.70000      0.09385      0.00000
 45.71000      0.08535      0.00000
 45.72000      0.07887      0.00000
 45.73000      0.07395      0.00000
 45.74000      0.07025      0.00000
 45.75000      0.06756      0.00000
 45.76000      0.06570      0.00000
 45.77000      0.06457      0.00000
 45.78000      0.06408      0.00000
 45.79000      0.06420      0.00000
 45.80000      0.06488      0.00000
 45.81000      0.06614      0.00000
 45.82000      0.06798      0.00000
 45.83000      0.07043      0.00000
 45.84000      0.07356      0.00000
 45.85000      0.07744      0.00000
 45.86000      0.08217      0.00000
 45.87000      0.08790      0.00000
 45.88000      0.09481      0.00000
 45.89000      0.10314      0.00000
 45.90000      0.11323      0.00000
 45.91000      0.12550      0.00000
 45.92000      0.14053      0.00000
 45.93000      0.15913      0.00000
 45.94000      0.18242      0.00000
 45.95000      0.21200      0.00000
 45.96000      0.25032      0.00000
 45.97000      0.30128      0.00000
 45.98000      0.37234      0.00000
 45.99000      0.47772      0.00000
 46.00000      0.64489      0.00000
 46.01000      0.92038      0.00000
 46.02000      1.36785      0.00000
 46.03000      2.04734      0.00000
 46.04000      2.95874      0.00000
 46.05000      3.90236      0.00000
 46.06000      4.33536      0.00000
 46.07000      3.87056      0.00000
 46.08000      2.91854      0.00000
 46.09000      2.01285      0.00000
 46.10000      1.34209      0.00000
 46.11000      0.90198      0.00000
 46.12000      0.63141      0.00000
 46.13000      0.46704      0.00000
 46.14000      0.36306      0.00000
 46.15000      0.29264      0.00000
 46.16000      0.24183      0.00000
 46.17000      0.20350      0.00000
 46.18000      0.17375      0.00000
 46.19000      0.15018      0.00000
 46.20000      0.13120      0.00000
 46.21000      0.11570      0.00000
 46.22000      0.10289      0.00000
 46.23000      0.09218      0.00000
 46.24000      0.08314      0.00000
 46.25000      0.07543      0.00000
 46.26000      0.06882      0.00000
 46.27000      0.06310      0.00000
 46.28000      0.05812      0.00000
 46.29000      0.05376      0.00000
 46.30000      0.04992      0.00000
 46.31000      0.04652      0.00000
 46.32000      0.04350      0.00000
 46.33000      0.04080      0.00000
 46.34000      0.03838      0.00000
 46.35000      0.03620      0.00000
 46.36000      0.03423      0.00000
 46.37000      0.03244      0.00000
 46.38000      0.03082      0.00000
 46.39000      0.02934      0.00000
 46.40000      0.02799      0.00000
 46.41000      0.02675      0.00000
 46.42000      0.02562      0.00000
 46.43000      0.02461      0.00000
 46.44000      0.02365      0.00000
 46.45000      0.02276      0.00000
 46.46000      0.02194      0.00000
 46.47000      0.02118      0.00000
 46.48000      0.02047      0.00000
 46.49000      0.01981      0.00000
 46.50000      0.01920      0.00000
 46.51000      0.01864      0.00000
 46.52000      0.01811      0.00000
 46.53000      0.01761      0.00000
 46.54000      0.01716      0.00000
 46.55000      0.01673      0.00000
 46.56000      0.01633      0.00000
 46.57000      0.01595      0.00000
 46.58000      0.01560      0.00000
 46.59000      0.01528      0.00000
 46.60000      0.01497      0.00000
 46.61000      0.01469      0.00000
 46.62000      0.01442      0.00000
 46.63000      0.01418      0.00000
 46.64000      0.01395      0.00000
 46.65000      0.01373      0.00000
 46.66000      0.01354      0.00000
 46.67000      0.01335      0.00000
 46.68000      0.01318      0.00000
 46.69000      0.01303      0.00000
 46.70000      0.01289      0.00000
 46.71000      0.01276      0.00000
 46.72000      0.01264      0.00000
 46.73000      0.01254      0.00000
 46.74000      0.01245      0.00000
 46.75000      0.01237      0.00000
 46.76000      0.01230      0.00000
 46.77000      0.01224      0.00000
 46.78000      0.01212      0.00000
 46.79000      0.01209      0.00000
 46.80000      0.01207      0.00000
 46.81000      0.01205      0.00000
 46.82000      0.01205      0.00000
 46.83000      0.01207      0.00000
 46.84000      0.01209      0.00000
 46.85000      0.01212      0.00000
 46.86000      0.01217      0.00000
 46.87000      0.01223      0.00000
 46.88000      0.01231      0.00000
 46.89000      0.01246      0.00000
 46.90000      0.01256      0.00000
 46.91000      0.01268      0.00000
 46.92000      0.01282      0.00000
 46.93000      0.01297      0.00000
 46.94000      0.01314      0.00000
 46.95000      0.01333      0.00000
 46.96000      0.01355      0.00000
 46.97000      0.01379      0.00000
 46.98000      0.01405      0.00000
 46.99000      0.01434      0.00000
 47.00000      0.01467      0.00000
 47.01000      0.01503      0.00000
 47.02000      0.01543      0.00000
 47.03000      0.01593      0.00000
 47.04000      0.01643      0.00000
 47.05000      0.01699      0.00000
 47.06000      0.01763      0.00000
 47.07000      0.01835      0.00000
 47.08000      0.01918      0.00000
 47.09000      0.02016      0.00000
 47.10000      0.02132      0.00000
 47.11000      0.02278      0.00000
 47.12000      0.02470      0.00000
 47.13000      0.02740      0.00000
 47.14000      0.03133      0.00000
 47.15000      0.03699      0.00000
 47.16000      0.04467      0.00000
 47.17000      0.05367      0.00000
 47.18000      0.06100      0.00000
 47.19000      0.06227      0.00000
 47.20000      0.05791      0.00000
 47.21000      0.05244      0.00000
 47.22000      0.04864      0.00000
 47.23000      0.04709      0.00000
 47.24000      0.04755      0.00000
 47.25000      0.04962      0.00000
 47.26000      0.05298      0.00000
 47.27000      0.05749      0.00000
 47.28000      0.06320      0.00000
 47.29000      0.07029      0.00000
 47.30000      0.07905      0.00000
 47.31000      0.08995      0.00000
 47.32000      0.10365      0.00000
 47.33000      0.12113      0.00000
 47.34000      0.14390      0.00000
 47.35000      0.17459      0.00000
 47.36000      0.21813      0.00000
 47.37000      0.28403      0.00000
 47.38000      0.38948      0.00000
 47.39000      0.56102      0.00000
 47.40000      0.83069      0.00000
 47.41000      1.22138      0.00000
 47.42000      1.70985      0.00000
 47.43000      2.14526      0.00000
 47.44000      2.23723      0.00000
 47.45000      1.90273      0.00000
 47.46000      1.40617      0.00000
 47.47000      0.96886      0.00000
 47.48000      0.65258      0.00000
 47.49000      0.44605      0.00000
 47.50000      0.31819      0.00000
 47.51000      0.23930      0.00000
 47.52000      0.18846      0.00000
 47.53000      0.15350      0.00000
 47.54000      0.12801      0.00000
 47.55000      0.10864      0.00000
 47.56000      0.09353      0.00000
 47.57000      0.08152      0.00000
 47.58000      0.07182      0.00000
 47.59000      0.06388      0.00000
 47.60000      0.05731      0.00000
 47.61000      0.05181      0.00000
 47.62000      0.04710      0.00000
 47.63000      0.04316      0.00000
 47.64000      0.03978      0.00000
 47.65000      0.03687      0.00000
 47.66000      0.03435      0.00000
 47.67000      0.03214      0.00000
 47.68000      0.03022      0.00000
 47.69000      0.02852      0.00000
 47.70000      0.02703      0.00000
 47.71000      0.02570      0.00000
 47.72000      0.02453      0.00000
 47.73000      0.02348      0.00000
 47.74000      0.02248      0.00000
 47.75000      0.02165      0.00000
 47.76000      0.02091      0.00000
 47.77000      0.02025      0.00000
 47.78000      0.01972      0.00000
 47.79000      0.01920      0.00000
 47.80000      0.01879      0.00000
 47.81000      0.01838      0.00000
 47.82000      0.01802      0.00000
 47.83000      0.01770      0.00000
 47.84000      0.01742      0.00000
 47.85000      0.01718      0.00000
 47.86000      0.01698      0.00000
 47.87000      0.01681      0.00000
 47.88000      0.01668      0.00000
 47.89000      0.01657      0.00000
 47.90000      0.01650      0.00000
 47.91000      0.01645      0.00000
 47.92000      0.01643      0.00000
 47.93000      0.01644      0.00000
 47.94000      0.01647      0.00000
 47.95000      0.01653      0.00000
 47.96000      0.01662      0.00000
 47.97000      0.01673      0.00000
 47.98000      0.01687      0.00000
 47.99000      0.01704      0.00000
 48.00000      0.01724      0.00000
 48.01000      0.01746      0.00000
 48.02000      0.01771      0.00000
 48.03000      0.01799      0.00000
 48.04000      0.01831      0.00000
 48.05000      0.01866      0.00000
 48.06000      0.01904      0.00000
 48.07000      0.01946      0.00000
 48.08000      0.01992      0.00000
 48.09000      0.02042      0.00000
 48.10000      0.02097      0.00000
 48.11000      0.02157      0.00000
 48.12000      0.02222      0.00000
 48.13000      0.02292      0.00000
 48.14000      0.02369      0.00000
 48.15000      0.02453      0.00000
 48.16000      0.02544      0.00000
 48.17000      0.02644      0.00000
 48.18000      0.02752      0.00000
 48.19000      0.02871      0.00000
 48.20000      0.03000      0.00000
 48.21000      0.03142      0.00000
 48.22000      0.03298      0.00000
 48.23000      0.03469      0.00000
 48.24000      0.03658      0.00000
 48.25000      0.03867      0.00000
 48.26000      0.04098      0.00000
 48.27000      0.04355      0.00000
 48.28000      0.04642      0.00000
 48.29000      0.04963      0.00000
 48.30000      0.05323      0.00000
 48.31000      0.05730      0.00000
 48.32000      0.06191      0.00000
 48.33000      0.06717      0.00000
 48.34000      0.07319      0.00000
 48.35000      0.08013      0.00000
 48.36000      0.08819      0.00000
 48.37000      0.09761      0.00000
 48.38000      0.10871      0.00000
 48.39000      0.12191      0.00000
 48.40000      0.13776      0.00000
 48.41000      0.15702      0.00000
 48.42000      0.18071      0.00000
 48.43000      0.21029      0.00000
 48.44000      0.24788      0.00000
 48.45000      0.29686      0.00000
 48.46000      0.36302      0.00000
 48.47000      0.45733      0.00000
 48.48000      0.60052      0.00000
 48.49000      0.82872      0.00000
 48.50000      1.19529      0.00000
 48.51000      1.76126      0.00000
 48.52000      2.56456      0.00000
 48.53000      3.54347      0.00000
 48.54000      4.37816      0.00000
 48.55000      4.50819      0.00000
 48.56000      3.81864      0.00000
 48.57000      2.83137      0.00000
 48.58000      1.96321      0.00000
 48.59000      1.33084      0.00000
 48.60000      0.91347      0.00000
 48.61000      0.65207      0.00000
 48.62000      0.48931      0.00000
 48.63000      0.38395      0.00000
 48.64000      0.31139      0.00000
 48.65000      0.25846      0.00000
 48.66000      0.21822      0.00000
 48.67000      0.18678      0.00000
 48.68000      0.16172      0.00000
 48.69000      0.14146      0.00000
 48.70000      0.12485      0.00000
 48.71000      0.11108      0.00000
 48.72000      0.09955      0.00000
 48.73000      0.08980      0.00000
 48.74000      0.08150      0.00000
 48.75000      0.07437      0.00000
 48.76000      0.06821      0.00000
 48.77000      0.06286      0.00000
 48.78000      0.05818      0.00000
 48.79000      0.05408      0.00000
 48.80000      0.05046      0.00000
 48.81000      0.04727      0.00000
 48.82000      0.04443      0.00000
 48.83000      0.04191      0.00000
 48.84000      0.03967      0.00000
 48.85000      0.03767      0.00000
 48.86000      0.03589      0.00000
 48.87000      0.03431      0.00000
 48.88000      0.03290      0.00000
 48.89000      0.03165      0.00000
 48.90000      0.03055      0.00000
 48.91000      0.02959      0.00000
 48.92000      0.02876      0.00000
 48.93000      0.02806      0.00000
 48.94000      0.02742      0.00000
 48.95000      0.02697      0.00000
 48.96000      0.02665      0.00000
 48.97000      0.02646      0.00000
 48.98000      0.02642      0.00000
 48.99000      0.02652      0.00000
 49.00000      0.02681      0.00000
 49.01000      0.02729      0.00000
 49.02000      0.02800      0.00000
 49.03000      0.02900      0.00000
 49.04000      0.03034      0.00000
 49.05000      0.03212      0.00000
 49.06000      0.03447      0.00000
 49.07000      0.03756      0.00000
 49.08000      0.04168      0.00000
 49.09000      0.04733      0.00000
 49.10000      0.05539      0.00000
 49.11000      0.06756      0.00000
 49.12000      0.08684      0.00000
 49.13000      0.11788      0.00000
 49.14000      0.16638      0.00000
 49.15000      0.23684      0.00000
 49.16000      0.32740      0.00000
 49.17000      0.41662      0.00000
 49.18000      0.45463      0.00000
 49.19000      0.40978      0.00000
 49.20000      0.31875      0.00000
 49.21000      0.22972      0.00000
 49.22000      0.16164      0.00000
 49.23000      0.11564      0.00000
 49.24000      0.08708      0.00000
 49.25000      0.07063      0.00000
 49.26000      0.06231      0.00000
 49.27000      0.05975      0.00000
 49.28000      0.06157      0.00000
 49.29000      0.06601      0.00000
 49.30000      0.06916      0.00000
 49.31000      0.06602      0.00000
 49.32000      0.05676      0.00000
 49.33000      0.04613      0.00000
 49.34000      0.03718      0.00000
 49.35000      0.03064      0.00000
 49.36000      0.02608      0.00000
 49.37000      0.02298      0.00000
 49.38000      0.02085      0.00000
 49.39000      0.01931      0.00000
 49.40000      0.01814      0.00000
 49.41000      0.01723      0.00000
 49.42000      0.01649      0.00000
 49.43000      0.01589      0.00000
 49.44000      0.01541      0.00000
 49.45000      0.01502      0.00000
 49.46000      0.01471      0.00000
 49.47000      0.01447      0.00000
 49.48000      0.01430      0.00000
 49.49000      0.01418      0.00000
 49.50000      0.01412      0.00000
 49.51000      0.01411      0.00000
 49.52000      0.01415      0.00000
 49.53000      0.01424      0.00000
 49.54000      0.01439      0.00000
 49.55000      0.01460      0.00000
 49.56000      0.01487      0.00000
 49.57000      0.01520      0.00000
 49.58000      0.01561      0.00000
 49.59000      0.01611      0.00000
 49.60000      0.01670      0.00000
 49.61000      0.01740      0.00000
 49.62000      0.01823      0.00000
 49.63000      0.01921      0.00000
 49.64000      0.02039      0.00000
 49.65000      0.02178      0.00000
 49.66000      0.02346      0.00000
 49.67000      0.02553      0.00000
 49.68000      0.02800      0.00000
 49.69000      0.03104      0.00000
 49.70000      0.03482      0.00000
 49.71000      0.03962      0.00000
 49.72000      0.04584      0.00000
 49.73000      0.05415      0.00000
 49.74000      0.06582      0.00000
 49.75000      0.08321      0.00000
 49.76000      0.11044      0.00000
 49.77000      0.15380      0.00000
 49.78000      0.22089      0.00000
 49.79000      0.31771      0.00000
 49.80000      0.44135      0.00000
 49.81000      0.56316      0.00000
 49.82000      0.61658      0.00000
 49.83000      0.55797      0.00000
 49.84000      0.43464      0.00000
 49.85000      0.31194      0.00000
 49.86000      0.21672      0.00000
 49.87000      0.15111      0.00000
 49.88000      0.10888      0.00000
 49.89000      0.08241      0.00000
 49.90000      0.06554      0.00000
 49.91000      0.05423      0.00000
 49.92000      0.04620      0.00000
 49.93000      0.04023      0.00000
 49.94000      0.03566      0.00000
 49.95000      0.03210      0.00000
 49.96000      0.02929      0.00000
 49.97000      0.02706      0.00000
 49.98000      0.02529      0.00000
 49.99000      0.02390      0.00000
 50.00000      0.02280      0.00000
 50.01000      0.02197      0.00000
 50.02000      0.02142      0.00000
 50.03000      0.02101      0.00000
 50.04000      0.02080      0.00000
 50.05000      0.02077      0.00000
 50.06000      0.02092      0.00000
 50.07000      0.02126      0.00000
 50.08000      0.02180      0.00000
 50.09000      0.02257      0.00000
 50.10000      0.02360      0.00000
 50.11000      0.02495      0.00000
 50.12000      0.02667      0.00000
 50.13000      0.02886      0.00000
 50.14000      0.03165      0.00000
 50.15000      0.03524      0.00000
 50.16000      0.03991      0.00000
 50.17000      0.04613      0.00000
 50.18000      0.05475      0.00000
 50.19000      0.06735      0.00000
 50.20000      0.08679      0.00000
 50.21000      0.11767      0.00000
 50.22000      0.16614      0.00000
 50.23000      0.23826      0.00000
 50.24000      0.33576      0.00000
 50.25000      0.44577      0.00000
 50.26000      0.52428      0.00000
 50.27000      0.51503      0.00000
 50.28000      0.42567      0.00000
 50.29000      0.31548      0.00000
 50.30000      0.22211      0.00000
 50.31000      0.15453      0.00000
 50.32000      0.10964      0.00000
 50.33000      0.08115      0.00000
 50.34000      0.06311      0.00000
 50.35000      0.05124      0.00000
 50.36000      0.04298      0.00000
 50.37000      0.03690      0.00000
 50.38000      0.03226      0.00000
 50.39000      0.02860      0.00000
 50.40000      0.02568      0.00000
 50.41000      0.02331      0.00000
 50.42000      0.02136      0.00000
 50.43000      0.01974      0.00000
 50.44000      0.01838      0.00000
 50.45000      0.01723      0.00000
 50.46000      0.01626      0.00000
 50.47000      0.01542      0.00000
 50.48000      0.01470      0.00000
 50.49000      0.01407      0.00000
 50.50000      0.01353      0.00000
 50.51000      0.01306      0.00000
 50.52000      0.01264      0.00000
 50.53000      0.01228      0.00000
 50.54000      0.01196      0.00000
 50.55000      0.01168      0.00000
 50.56000      0.01144      0.00000
 50.57000      0.01122      0.00000
 50.58000      0.01104      0.00000
 50.59000      0.01087      0.00000
 50.60000      0.01073      0.00000
 50.61000      0.01061      0.00000
 50.62000      0.01051      0.00000
 50.63000      0.01042      0.00000
 50.64000      0.01041      0.00000
 50.65000      0.01035      0.00000
 50.66000      0.01031      0.00000
 50.67000      0.01028      0.00000
 50.68000      0.01026      0.00000
 50.69000      0.01026      0.00000
 50.70000      0.01026      0.00000
 50.71000      0.01028      0.00000
 50.72000      0.01031      0.00000
 50.73000      0.01034      0.00000
 50.74000      0.01039      0.00000
 50.75000      0.01044      0.00000
 50.76000      0.01051      0.00000
 50.77000      0.01059      0.00000
 50.78000      0.01067      0.00000
 50.79000      0.01077      0.00000
 50.80000      0.01087      0.00000
 50.81000      0.01099      0.00000
 50.82000      0.01112      0.00000
 50.83000      0.01126      0.00000
 50.84000      0.01141      0.00000
 50.85000      0.01157      0.00000
 50.86000      0.01175      0.00000
 50.87000      0.01194      0.00000
 50.88000      0.01214      0.00000
 50.89000      0.01236      0.00000
 50.90000      0.01260      0.00000
 50.91000      0.01285      0.00000
 50.92000      0.01312      0.00000
 50.93000      0.01342      0.00000
 50.94000      0.01373      0.00000
 50.95000      0.01407      0.00000
 50.96000      0.01443      0.00000
 50.97000      0.01483      0.00000
 50.98000      0.01525      0.00000
 50.99000      0.01571      0.00000
 51.00000      0.01620      0.00000
 51.01000      0.01674      0.00000
 51.02000      0.01732      0.00000
 51.03000      0.01796      0.00000
 51.04000      0.01865      0.00000
 51.05000      0.01940      0.00000
 51.06000      0.02029      0.00000
 51.07000      0.02120      0.00000
 51.08000      0.02221      0.00000
 51.09000      0.02333      0.00000
 51.10000      0.02457      0.00000
 51.11000      0.02595      0.00000
 51.12000      0.02751      0.00000
 51.13000      0.02926      0.00000
 51.14000      0.03124      0.00000
 51.15000      0.03351      0.00000
 51.16000      0.03611      0.00000
 51.17000      0.03912      0.00000
 51.18000      0.04264      0.00000
 51.19000      0.04677      0.00000
 51.20000      0.05170      0.00000
 51.21000      0.05765      0.00000
 51.22000      0.06496      0.00000
 51.23000      0.07417      0.00000
 51.24000      0.08619      0.00000
 51.25000      0.10258      0.00000
 51.26000      0.12586      0.00000
 51.27000      0.15955      0.00000
 51.28000      0.20783      0.00000
 51.29000      0.27412      0.00000
 51.30000      0.35792      0.00000
 51.31000      0.44776      0.00000
 51.32000      0.52119      0.00000
 51.33000      0.57791      0.00000
 51.34000      0.65872      0.00000
 51.35000      0.80446      0.00000
 51.36000      1.02512      0.00000
 51.37000      1.27764      0.00000
 51.38000      1.43557      0.00000
 51.39000      1.36628      0.00000
 51.40000      1.11330      0.00000
 51.41000      0.82427      0.00000
 51.42000      0.58370      0.00000
 51.43000      0.40964      0.00000
 51.44000      0.29318      0.00000
 51.45000      0.21834      0.00000
 51.46000      0.17027      0.00000
 51.47000      0.13820      0.00000
 51.48000      0.11570      0.00000
 51.49000      0.09907      0.00000
 51.50000      0.08630      0.00000
 51.51000      0.07625      0.00000
 51.52000      0.06821      0.00000
 51.53000      0.06169      0.00000
 51.54000      0.05634      0.00000
 51.55000      0.05192      0.00000
 51.56000      0.04824      0.00000
 51.57000      0.04516      0.00000
 51.58000      0.04257      0.00000
 51.59000      0.04039      0.00000
 51.60000      0.03854      0.00000
 51.61000      0.03698      0.00000
 51.62000      0.03562      0.00000
 51.63000      0.03445      0.00000
 51.64000      0.03353      0.00000
 51.65000      0.03277      0.00000
 51.66000      0.03216      0.00000
 51.67000      0.03167      0.00000
 51.68000      0.03131      0.00000
 51.69000      0.03105      0.00000
 51.70000      0.03089      0.00000
 51.71000      0.03083      0.00000
 51.72000      0.03085      0.00000
 51.73000      0.03097      0.00000
 51.74000      0.03116      0.00000
 51.75000      0.03144      0.00000
 51.76000      0.03180      0.00000
 51.77000      0.03224      0.00000
 51.78000      0.03277      0.00000
 51.79000      0.03339      0.00000
 51.80000      0.03410      0.00000
 51.81000      0.03490      0.00000
 51.82000      0.03580      0.00000
 51.83000      0.03681      0.00000
 51.84000      0.03794      0.00000
 51.85000      0.03919      0.00000
 51.86000      0.04059      0.00000
 51.87000      0.04213      0.00000
 51.88000      0.04384      0.00000
 51.89000      0.04574      0.00000
 51.90000      0.04784      0.00000
 51.91000      0.05018      0.00000
 51.92000      0.05279      0.00000
 51.93000      0.05570      0.00000
 51.94000      0.05889      0.00000
 51.95000      0.06255      0.00000
 51.96000      0.06668      0.00000
 51.97000      0.07136      0.00000
 51.98000      0.07668      0.00000
 51.99000      0.08278      0.00000
 52.00000      0.08979      0.00000
 52.01000      0.09791      0.00000
 52.02000      0.10739      0.00000
 52.03000      0.11855      0.00000
 52.04000      0.13180      0.00000
 52.05000      0.14770      0.00000
 52.06000      0.16700      0.00000
 52.07000      0.19074      0.00000
 52.08000      0.22043      0.00000
 52.09000      0.25840      0.00000
 52.10000      0.30854      0.00000
 52.11000      0.37787      0.00000
 52.12000      0.47917      0.00000
 52.13000      0.63418      0.00000
 52.14000      0.87541      0.00000
 52.15000      1.24260      0.00000
 52.16000      1.76962      0.00000
 52.17000      2.45301      0.00000
 52.18000      3.17835      0.00000
 52.19000      3.63161      0.00000
 52.20000      3.48990      0.00000
 52.21000      2.86754      0.00000
 52.22000      2.13995      0.00000
 52.23000      1.52779      0.00000
 52.24000      1.08248      0.00000
 52.25000      0.78477      0.00000
 52.26000      0.59583      0.00000
 52.27000      0.47858      0.00000
 52.28000      0.40590      0.00000
 52.29000      0.36122      0.00000
 52.30000      0.33625      0.00000
 52.31000      0.32793      0.00000
 52.32000      0.33748      0.00000
 52.33000      0.37045      0.00000
 52.34000      0.43700      0.00000
 52.35000      0.55091      0.00000
 52.36000      0.72547      0.00000
 52.37000      0.96362      0.00000
 52.38000      1.23471      0.00000
 52.39000      1.43713      0.00000
 52.40000      1.43334      0.00000
 52.41000      1.22179      0.00000
 52.42000      0.93917      0.00000
 52.43000      0.68799      0.00000
 52.44000      0.49920      0.00000
 52.45000      0.36952      0.00000
 52.46000      0.28501      0.00000
 52.47000      0.23096      0.00000
 52.48000      0.19593      0.00000
 52.49000      0.17252      0.00000
 52.50000      0.15656      0.00000
 52.51000      0.14589      0.00000
 52.52000      0.13954      0.00000
 52.53000      0.13738      0.00000
 52.54000      0.14011      0.00000
 52.55000      0.14950      0.00000
 52.56000      0.16857      0.00000
 52.57000      0.20136      0.00000
 52.58000      0.25176      0.00000
 52.59000      0.32072      0.00000
 52.60000      0.39965      0.00000
 52.61000      0.45963      0.00000
 52.62000      0.46052      0.00000
 52.63000      0.40026      0.00000
 52.64000      0.31803      0.00000
 52.65000      0.24432      0.00000
 52.66000      0.18870      0.00000
 52.67000      0.15047      0.00000
 52.68000      0.12564      0.00000
 52.69000      0.10991      0.00000
 52.70000      0.09992      0.00000
 52.71000      0.09342      0.00000
 52.72000      0.08914      0.00000
 52.73000      0.08636      0.00000
 52.74000      0.08472      0.00000
 52.75000      0.08398      0.00000
 52.76000      0.08396      0.00000
 52.77000      0.08470      0.00000
 52.78000      0.08610      0.00000
 52.79000      0.08817      0.00000
 52.80000      0.09092      0.00000
 52.81000      0.09442      0.00000
 52.82000      0.09876      0.00000
 52.83000      0.10409      0.00000
 52.84000      0.11059      0.00000
 52.85000      0.11856      0.00000
 52.86000      0.12842      0.00000
 52.87000      0.14084      0.00000
 52.88000      0.15699      0.00000
 52.89000      0.17892      0.00000
 52.90000      0.21031      0.00000
 52.91000      0.25708      0.00000
 52.92000      0.32752      0.00000
 52.93000      0.43078      0.00000
 52.94000      0.57301      0.00000
 52.95000      0.74791      0.00000
 52.96000      0.91660      0.00000
 52.97000      0.99672      0.00000
 52.98000      0.93463      0.00000
 52.99000      0.78424      0.00000
 53.00000      0.62839      0.00000
 53.01000      0.50641      0.00000
 53.02000      0.42500      0.00000
 53.03000      0.37851      0.00000
 53.04000      0.35835      0.00000
 53.05000      0.35704      0.00000
 53.06000      0.36961      0.00000
 53.07000      0.39368      0.00000
 53.08000      0.42884      0.00000
 53.09000      0.47624      0.00000
 53.10000      0.53840      0.00000
 53.11000      0.61954      0.00000
 53.12000      0.72683      0.00000
 53.13000      0.87287      0.00000
 53.14000      1.08061      0.00000
 53.15000      1.39074      0.00000
 53.16000      1.86919      0.00000
 53.17000      2.60783      0.00000
 53.18000      3.70874      0.00000
 53.19000      5.24033      0.00000
 53.20000      7.13435      0.00000
 53.21000      8.96362      0.00000
 53.22000      9.81104      0.00000
 53.23000      9.04820      0.00000
 53.24000      7.24417      0.00000
 53.25000      5.33323      0.00000
 53.26000      3.77306      0.00000
 53.27000      2.64553      0.00000
 53.28000      1.88614      0.00000
 53.29000      1.39289      0.00000
 53.30000      1.07246      0.00000
 53.31000      0.85717      0.00000
 53.32000      0.70488      0.00000
 53.33000      0.59168      0.00000
 53.34000      0.50432      0.00000
 53.35000      0.43514      0.00000
 53.36000      0.37934      0.00000
 53.37000      0.33370      0.00000
 53.38000      0.29590      0.00000
 53.39000      0.26427      0.00000
 53.40000      0.23754      0.00000
 53.41000      0.21476      0.00000
 53.42000      0.19520      0.00000
 53.43000      0.17828      0.00000
 53.44000      0.16355      0.00000
 53.45000      0.15065      0.00000
 53.46000      0.13929      0.00000
 53.47000      0.12924      0.00000
 53.48000      0.12031      0.00000
 53.49000      0.11233      0.00000
 53.50000      0.10518      0.00000
 53.51000      0.09875      0.00000
 53.52000      0.09295      0.00000
 53.53000      0.08769      0.00000
 53.54000      0.08292      0.00000
 53.55000      0.07857      0.00000
 53.56000      0.07460      0.00000
 53.57000      0.07097      0.00000
 53.58000      0.06764      0.00000
 53.59000      0.06458      0.00000
 53.60000      0.06182      0.00000
 53.61000      0.05922      0.00000
 53.62000      0.05682      0.00000
 53.63000      0.05459      0.00000
 53.64000      0.05254      0.00000
 53.65000      0.05063      0.00000
 53.66000      0.04885      0.00000
 53.67000      0.04720      0.00000
 53.68000      0.04567      0.00000
 53.69000      0.04424      0.00000
 53.70000      0.04291      0.00000
 53.71000      0.04166      0.00000
 53.72000      0.04051      0.00000
 53.73000      0.03943      0.00000
 53.74000      0.03842      0.00000
 53.75000      0.03748      0.00000
 53.76000      0.03660      0.00000
 53.77000      0.03578      0.00000
 53.78000      0.03502      0.00000
 53.79000      0.03431      0.00000
 53.80000      0.03365      0.00000
 53.81000      0.03303      0.00000
 53.82000      0.03247      0.00000
 53.83000      0.03194      0.00000
 53.84000      0.03146      0.00000
 53.85000      0.03101      0.00000
 53.86000      0.03057      0.00000
 53.87000      0.03020      0.00000
 53.88000      0.02987      0.00000
 53.89000      0.02957      0.00000
 53.90000      0.02930      0.00000
 53.91000      0.02906      0.00000
 53.92000      0.02886      0.00000
 53.93000      0.02869      0.00000
 53.94000      0.02855      0.00000
 53.95000      0.02844      0.00000
 53.96000      0.02837      0.00000
 53.97000      0.02832      0.00000
 53.98000      0.02831      0.00000
 53.99000      0.02833      0.00000
 54.00000      0.02838      0.00000
 54.01000      0.02853      0.00000
 54.02000      0.02865      0.00000
 54.03000      0.02881      0.00000
 54.04000      0.02901      0.00000
 54.05000      0.02925      0.00000
 54.06000      0.02953      0.00000
 54.07000      0.02986      0.00000
 54.08000      0.03023      0.00000
 54.09000      0.03066      0.00000
 54.10000      0.03114      0.00000
 54.11000      0.03168      0.00000
 54.12000      0.03229      0.00000
 54.13000      0.03297      0.00000
 54.14000      0.03373      0.00000
 54.15000      0.03458      0.00000
 54.16000      0.03552      0.00000
 54.17000      0.03658      0.00000
 54.18000      0.03776      0.00000
 54.19000      0.03910      0.00000
 54.20000      0.04060      0.00000
 54.21000      0.04230      0.00000
 54.22000      0.04424      0.00000
 54.23000      0.04646      0.00000
 54.24000      0.04903      0.00000
 54.25000      0.05203      0.00000
 54.26000      0.05558      0.00000
 54.27000      0.05984      0.00000
 54.28000      0.06511      0.00000
 54.29000      0.07184      0.00000
 54.30000      0.08086      0.00000
 54.31000      0.09358      0.00000
 54.32000      0.11214      0.00000
 54.33000      0.13933      0.00000
 54.34000      0.17797      0.00000
 54.35000      0.22938      0.00000
 54.36000      0.28988      0.00000
 54.37000      0.34407      0.00000
 54.38000      0.36472      0.00000
 54.39000      0.33995      0.00000
 54.40000      0.29076      0.00000
 54.41000      0.24232      0.00000
 54.42000      0.20573      0.00000
 54.43000      0.18269      0.00000
 54.44000      0.17142      0.00000
 54.45000      0.16937      0.00000
 54.46000      0.17434      0.00000
 54.47000      0.18502      0.00000
 54.48000      0.20096      0.00000
 54.49000      0.22239      0.00000
 54.50000      0.25044      0.00000
 54.51000      0.28690      0.00000
 54.52000      0.33469      0.00000
 54.53000      0.39913      0.00000
 54.54000      0.48973      0.00000
 54.55000      0.62311      0.00000
 54.56000      0.82615      0.00000
 54.57000      1.13662      0.00000
 54.58000      1.59783      0.00000
 54.59000      2.24301      0.00000
 54.60000      3.05944      0.00000
 54.61000      3.90778      0.00000
 54.62000      4.43607      0.00000
 54.63000      4.28998      0.00000
 54.64000      3.57777      0.00000
 54.65000      2.71075      0.00000
 54.66000      1.95480      0.00000
 54.67000      1.38499      0.00000
 54.68000      0.98881      0.00000
 54.69000      0.72599      0.00000
 54.70000      0.55416      0.00000
 54.71000      0.43965      0.00000
 54.72000      0.35994      0.00000
 54.73000      0.30163      0.00000
 54.74000      0.25715      0.00000
 54.75000      0.22218      0.00000
 54.76000      0.19411      0.00000
 54.77000      0.17124      0.00000
 54.78000      0.15235      0.00000
 54.79000      0.13660      0.00000
 54.80000      0.12333      0.00000
 54.81000      0.11205      0.00000
 54.82000      0.10239      0.00000
 54.83000      0.09406      0.00000
 54.84000      0.08683      0.00000
 54.85000      0.08052      0.00000
 54.86000      0.07498      0.00000
 54.87000      0.07009      0.00000
 54.88000      0.06577      0.00000
 54.89000      0.06192      0.00000
 54.90000      0.05848      0.00000
 54.91000      0.05540      0.00000
 54.92000      0.05264      0.00000
 54.93000      0.05015      0.00000
 54.94000      0.04790      0.00000
 54.95000      0.04587      0.00000
 54.96000      0.04402      0.00000
 54.97000      0.04234      0.00000
 54.98000      0.04082      0.00000
 54.99000      0.03943      0.00000
 55.00000      0.03816      0.00000
 55.01000      0.03701      0.00000
 55.02000      0.03595      0.00000
 55.03000      0.03499      0.00000
 55.04000      0.03411      0.00000
 55.05000      0.03331      0.00000
 55.06000      0.03258      0.00000
 55.07000      0.03192      0.00000
 55.08000      0.03132      0.00000
 55.09000      0.03077      0.00000
 55.10000      0.03028      0.00000
 55.11000      0.02983      0.00000
 55.12000      0.02938      0.00000
 55.13000      0.02902      0.00000
 55.14000      0.02871      0.00000
 55.15000      0.02844      0.00000
 55.16000      0.02821      0.00000
 55.17000      0.02802      0.00000
 55.18000      0.02786      0.00000
 55.19000      0.02773      0.00000
 55.20000      0.02764      0.00000
 55.21000      0.02758      0.00000
 55.22000      0.02751      0.00000
 55.23000      0.02751      0.00000
 55.24000      0.02754      0.00000
 55.25000      0.02761      0.00000
 55.26000      0.02770      0.00000
 55.27000      0.02783      0.00000
 55.28000      0.02799      0.00000
 55.29000      0.02818      0.00000
 55.30000      0.02840      0.00000
 55.31000      0.02865      0.00000
 55.32000      0.02894      0.00000
 55.33000      0.02926      0.00000
 55.34000      0.02962      0.00000
 55.35000      0.03001      0.00000
 55.36000      0.03045      0.00000
 55.37000      0.03092      0.00000
 55.38000      0.03144      0.00000
 55.39000      0.03200      0.00000
 55.40000      0.03261      0.00000
 55.41000      0.03326      0.00000
 55.42000      0.03398      0.00000
 55.43000      0.03474      0.00000
 55.44000      0.03557      0.00000
 55.45000      0.03647      0.00000
 55.46000      0.03743      0.00000
 55.47000      0.03847      0.00000
 55.48000      0.03959      0.00000
 55.49000      0.04080      0.00000
 55.50000      0.04210      0.00000
 55.51000      0.04351      0.00000
 55.52000      0.04503      0.00000
 55.53000      0.04668      0.00000
 55.54000      0.04847      0.00000
 55.55000      0.05046      0.00000
 55.56000      0.05257      0.00000
 55.57000      0.05487      0.00000
 55.58000      0.05738      0.00000
 55.59000      0.06012      0.00000
 55.60000      0.06312      0.00000
 55.61000      0.06642      0.00000
 55.62000      0.07006      0.00000
 55.63000      0.07407      0.00000
 55.64000      0.07852      0.00000
 55.65000      0.08348      0.00000
 55.66000      0.08900      0.00000
 55.67000      0.09520      0.00000
 55.68000      0.10217      0.00000
 55.69000      0.11006      0.00000
 55.70000      0.11903      0.00000
 55.71000      0.12929      0.00000
 55.72000      0.14109      0.00000
 55.73000      0.15480      0.00000
 55.74000      0.17075      0.00000
 55.75000      0.18952      0.00000
 55.76000      0.21179      0.00000
 55.77000      0.23850      0.00000
 55.78000      0.27091      0.00000
 55.79000      0.31076      0.00000
 55.80000      0.36065      0.00000
 55.81000      0.42470      0.00000
 55.82000      0.50986      0.00000
 55.83000      0.62839      0.00000
 55.84000      0.80121      0.00000
 55.85000      1.06117      0.00000
 55.86000      1.45311      0.00000
 55.87000      2.02710      0.00000
 55.88000      2.81986      0.00000
 55.89000      3.81310      0.00000
 55.90000      4.84147      0.00000
 55.91000      5.49662      0.00000
 55.92000      5.35921      0.00000
 55.93000      4.52935      0.00000
 55.94000      3.48265      0.00000
 55.95000      2.54952      0.00000
 55.96000      1.83400      0.00000
 55.97000      1.32942      0.00000
 55.98000      0.99163      0.00000
 55.99000      0.77099      0.00000
 56.00000      0.62637      0.00000
 56.01000      0.52934      0.00000
 56.02000      0.46259      0.00000
 56.03000      0.41650      0.00000
 56.04000      0.38615      0.00000
 56.05000      0.36952      0.00000
 56.06000      0.36697      0.00000
 56.07000      0.38143      0.00000
 56.08000      0.41900      0.00000
 56.09000      0.48908      0.00000
 56.10000      0.60312      0.00000
 56.11000      0.77117      0.00000
 56.12000      0.99347      0.00000
 56.13000      1.24219      0.00000
 56.14000      1.43393      0.00000
 56.15000      1.45459      0.00000
 56.16000      1.28718      0.00000
 56.17000      1.03707      0.00000
 56.18000      0.80264      0.00000
 56.19000      0.62398      0.00000
 56.20000      0.50669      0.00000
 56.21000      0.44282      0.00000
 56.22000      0.41867      0.00000
 56.23000      0.41503      0.00000
 56.24000      0.40617      0.00000
 56.25000      0.37226      0.00000
 56.26000      0.31825      0.00000
 56.27000      0.26181      0.00000
 56.28000      0.21369      0.00000
 56.29000      0.17652      0.00000
 56.30000      0.14924      0.00000
 56.31000      0.12965      0.00000
 56.32000      0.11555      0.00000
 56.33000      0.10513      0.00000
 56.34000      0.09716      0.00000
 56.35000      0.09086      0.00000
 56.36000      0.08576      0.00000
 56.37000      0.08157      0.00000
 56.38000      0.07810      0.00000
 56.39000      0.07523      0.00000
 56.40000      0.07285      0.00000
 56.41000      0.07089      0.00000
 56.42000      0.06930      0.00000
 56.43000      0.06804      0.00000
 56.44000      0.06708      0.00000
 56.45000      0.06639      0.00000
 56.46000      0.06595      0.00000
 56.47000      0.06574      0.00000
 56.48000      0.06577      0.00000
 56.49000      0.06601      0.00000
 56.50000      0.06648      0.00000
 56.51000      0.06718      0.00000
 56.52000      0.06810      0.00000
 56.53000      0.06925      0.00000
 56.54000      0.07065      0.00000
 56.55000      0.07231      0.00000
 56.56000      0.07425      0.00000
 56.57000      0.07649      0.00000
 56.58000      0.07907      0.00000
 56.59000      0.08200      0.00000
 56.60000      0.08535      0.00000
 56.61000      0.08914      0.00000
 56.62000      0.09345      0.00000
 56.63000      0.09835      0.00000
 56.64000      0.10392      0.00000
 56.65000      0.11026      0.00000
 56.66000      0.11751      0.00000
 56.67000      0.12588      0.00000
 56.68000      0.13547      0.00000
 56.69000      0.14656      0.00000
 56.70000      0.15948      0.00000
 56.71000      0.17463      0.00000
 56.72000      0.19252      0.00000
 56.73000      0.21383      0.00000
 56.74000      0.23948      0.00000
 56.75000      0.27070      0.00000
 56.76000      0.30924      0.00000
 56.77000      0.35775      0.00000
 56.78000      0.42054      0.00000
 56.79000      0.50495      0.00000
 56.80000      0.62374      0.00000
 56.81000      0.79800      0.00000
 56.82000      1.05917      0.00000
 56.83000      1.44767      0.00000
 56.84000      2.00464      0.00000
 56.85000      2.75272      0.00000
 56.86000      3.65252      0.00000
 56.87000      4.51482      0.00000
 56.88000      4.95457      0.00000
 56.89000      4.68272      0.00000
 56.90000      3.88868      0.00000
 56.91000      2.97861      0.00000
 56.92000      2.19311      0.00000
 56.93000      1.59854      0.00000
 56.94000      1.18199      0.00000
 56.95000      0.90460      0.00000
 56.96000      0.72508      0.00000
 56.97000      0.61001      0.00000
 56.98000      0.53670      0.00000
 56.99000      0.49196      0.00000
 57.00000      0.46949      0.00000
 57.01000      0.46812      0.00000
 57.02000      0.49121      0.00000
 57.03000      0.54682      0.00000
 57.04000      0.64767      0.00000
 57.05000      0.80941      0.00000
 57.06000      1.04569      0.00000
 57.07000      1.35766      0.00000
 57.08000      1.71023      0.00000
 57.09000      1.99452      0.00000
 57.10000      2.05064      0.00000
 57.11000      1.83358      0.00000
 57.12000      1.47614      0.00000
 57.13000      1.12121      0.00000
 57.14000      0.83189      0.00000
 57.15000      0.61833      0.00000
 57.16000      0.46975      0.00000
 57.17000      0.36959      0.00000
 57.18000      0.30225      0.00000
 57.19000      0.25587      0.00000
 57.20000      0.22260      0.00000
 57.21000      0.19777      0.00000
 57.22000      0.17856      0.00000
 57.23000      0.16343      0.00000
 57.24000      0.15137      0.00000
 57.25000      0.14172      0.00000
 57.26000      0.13403      0.00000
 57.27000      0.12797      0.00000
 57.28000      0.12326      0.00000
 57.29000      0.11975      0.00000
 57.30000      0.11731      0.00000
 57.31000      0.11586      0.00000
 57.32000      0.11534      0.00000
 57.33000      0.11574      0.00000
 57.34000      0.11706      0.00000
 57.35000      0.11933      0.00000
 57.36000      0.12264      0.00000
 57.37000      0.12707      0.00000
 57.38000      0.13277      0.00000
 57.39000      0.13993      0.00000
 57.40000      0.14879      0.00000
 57.41000      0.15971      0.00000
 57.42000      0.17311      0.00000
 57.43000      0.18960      0.00000
 57.44000      0.21000      0.00000
 57.45000      0.23543      0.00000
 57.46000      0.26758      0.00000
 57.47000      0.30916      0.00000
 57.48000      0.36452      0.00000
 57.49000      0.44142      0.00000
 57.50000      0.55284      0.00000
 57.51000      0.71893      0.00000
 57.52000      0.96722      0.00000
 57.53000      1.32896      0.00000
 57.54000      1.82917      0.00000
 57.55000      2.46467      0.00000
 57.56000      3.15524      0.00000
 57.57000      3.67656      0.00000
 57.58000      3.73460      0.00000
 57.59000      3.28849      0.00000
 57.60000      2.60783      0.00000
 57.61000      1.94839      0.00000
 57.62000      1.41640      0.00000
 57.63000      1.02594      0.00000
 57.64000      0.75537      0.00000
 57.65000      0.57358      0.00000
 57.66000      0.45170      0.00000
 57.67000      0.36793      0.00000
 57.68000      0.30790      0.00000
 57.69000      0.26295      0.00000
 57.70000      0.22808      0.00000
 57.71000      0.20033      0.00000
 57.72000      0.17787      0.00000
 57.73000      0.15943      0.00000
 57.74000      0.14415      0.00000
 57.75000      0.13139      0.00000
 57.76000      0.12066      0.00000
 57.77000      0.11158      0.00000
 57.78000      0.10389      0.00000
 57.79000      0.09737      0.00000
 57.80000      0.09183      0.00000
 57.81000      0.08716      0.00000
 57.82000      0.08326      0.00000
 57.83000      0.08004      0.00000
 57.84000      0.07746      0.00000
 57.85000      0.07549      0.00000
 57.86000      0.07412      0.00000
 57.87000      0.07335      0.00000
 57.88000      0.07321      0.00000
 57.89000      0.07377      0.00000
 57.90000      0.07512      0.00000
 57.91000      0.07740      0.00000
 57.92000      0.08083      0.00000
 57.93000      0.08576      0.00000
 57.94000      0.09278      0.00000
 57.95000      0.10288      0.00000
 57.96000      0.11780      0.00000
 57.97000      0.14031      0.00000
 57.98000      0.17446      0.00000
 57.99000      0.22524      0.00000
 58.00000      0.29751      0.00000
 58.01000      0.39347      0.00000
 58.02000      0.50713      0.00000
 58.03000      0.61355      0.00000
 58.04000      0.66496      0.00000
 58.05000      0.62787      0.00000
 58.06000      0.52668      0.00000
 58.07000      0.41085      0.00000
 58.08000      0.31002      0.00000
 58.09000      0.23269      0.00000
 58.10000      0.17758      0.00000
 58.11000      0.14006      0.00000
 58.12000      0.11496      0.00000
 58.13000      0.09815      0.00000
 58.14000      0.08656      0.00000
 58.15000      0.07829      0.00000
 58.16000      0.07224      0.00000
 58.17000      0.06776      0.00000
 58.18000      0.06446      0.00000
 58.19000      0.06212      0.00000
 58.20000      0.06059      0.00000
 58.21000      0.05977      0.00000
 58.22000      0.05961      0.00000
 58.23000      0.06008      0.00000
 58.24000      0.06120      0.00000
 58.25000      0.06300      0.00000
 58.26000      0.06557      0.00000
 58.27000      0.06900      0.00000
 58.28000      0.07348      0.00000
 58.29000      0.07922      0.00000
 58.30000      0.08658      0.00000
 58.31000      0.09607      0.00000
 58.32000      0.10852      0.00000
 58.33000      0.12533      0.00000
 58.34000      0.14893      0.00000
 58.35000      0.18331      0.00000
 58.36000      0.23449      0.00000
 58.37000      0.31045      0.00000
 58.38000      0.41993      0.00000
 58.39000      0.56918      0.00000
 58.40000      0.75559      0.00000
 58.41000      0.95299      0.00000
 58.42000      1.09440      0.00000
 58.43000      1.09959      0.00000
 58.44000      0.96488      0.00000
 58.45000      0.76832      0.00000
 58.46000      0.57969      0.00000
 58.47000      0.42753      0.00000
 58.48000      0.31547      0.00000
 58.49000      0.23748      0.00000
 58.50000      0.18486      0.00000
 58.51000      0.14952      0.00000
 58.52000      0.12529      0.00000
 58.53000      0.10806      0.00000
 58.54000      0.09530      0.00000
 58.55000      0.08557      0.00000
 58.56000      0.07801      0.00000
 58.57000      0.07206      0.00000
 58.58000      0.06740      0.00000
 58.59000      0.06376      0.00000
 58.60000      0.06097      0.00000
 58.61000      0.05891      0.00000
 58.62000      0.05748      0.00000
 58.63000      0.05664      0.00000
 58.64000      0.05639      0.00000
 58.65000      0.05662      0.00000
 58.66000      0.05740      0.00000
 58.67000      0.05875      0.00000
 58.68000      0.06071      0.00000
 58.69000      0.06338      0.00000
 58.70000      0.06686      0.00000
 58.71000      0.07130      0.00000
 58.72000      0.07694      0.00000
 58.73000      0.08409      0.00000
 58.74000      0.09320      0.00000
 58.75000      0.10501      0.00000
 58.76000      0.12075      0.00000
 58.77000      0.14250      0.00000
 58.78000      0.17375      0.00000
 58.79000      0.21986      0.00000
 58.80000      0.28815      0.00000
 58.81000      0.38705      0.00000
 58.82000      0.52368      0.00000
 58.83000      0.69867      0.00000
 58.84000      0.89469      0.00000
 58.85000      1.05822      0.00000
 58.86000      1.10763      0.00000
 58.87000      1.01097      0.00000
 58.88000      0.82882      0.00000
 58.89000      0.63839      0.00000
 58.90000      0.47867      0.00000
 58.91000      0.35877      0.00000
 58.92000      0.27494      0.00000
 58.93000      0.21931      0.00000
 58.94000      0.18389      0.00000
 58.95000      0.16232      0.00000
 58.96000      0.15050      0.00000
 58.97000      0.14640      0.00000
 58.98000      0.14982      0.00000
 58.99000      0.16220      0.00000
 59.00000      0.18643      0.00000
 59.01000      0.22652      0.00000
 59.02000      0.28656      0.00000
 59.03000      0.36874      0.00000
 59.04000      0.46896      0.00000
 59.05000      0.56797      0.00000
 59.06000      0.62536      0.00000
 59.07000      0.60492      0.00000
 59.08000      0.51856      0.00000
 59.09000      0.41020      0.00000
 59.10000      0.31135      0.00000
 59.11000      0.23311      0.00000
 59.12000      0.17581      0.00000
 59.13000      0.13580      0.00000
 59.14000      0.10848      0.00000
 59.15000      0.08974      0.00000
 59.16000      0.07652      0.00000
 59.17000      0.06682      0.00000
 59.18000      0.05938      0.00000
 59.19000      0.05351      0.00000
 59.20000      0.04875      0.00000
 59.21000      0.04484      0.00000
 59.22000      0.04157      0.00000
 59.23000      0.03883      0.00000
 59.24000      0.03651      0.00000
 59.25000      0.03452      0.00000
 59.26000      0.03282      0.00000
 59.27000      0.03136      0.00000
 59.28000      0.03009      0.00000
 59.29000      0.02899      0.00000
 59.30000      0.02804      0.00000
 59.31000      0.02722      0.00000
 59.32000      0.02650      0.00000
 59.33000      0.02589      0.00000
 59.34000      0.02536      0.00000
 59.35000      0.02491      0.00000
 59.36000      0.02454      0.00000
 59.37000      0.02423      0.00000
 59.38000      0.02398      0.00000
 59.39000      0.02379      0.00000
 59.40000      0.02365      0.00000
 59.41000      0.02356      0.00000
 59.42000      0.02353      0.00000
 59.43000      0.02353      0.00000
 59.44000      0.02359      0.00000
 59.45000      0.02369      0.00000
 59.46000      0.02384      0.00000
 59.47000      0.02403      0.00000
 59.48000      0.02427      0.00000
 59.49000      0.02456      0.00000
 59.50000      0.02489      0.00000
 59.51000      0.02528      0.00000
 59.52000      0.02571      0.00000
 59.53000      0.02621      0.00000
 59.54000      0.02676      0.00000
 59.55000      0.02737      0.00000
 59.56000      0.02805      0.00000
 59.57000      0.02879      0.00000
 59.58000      0.02962      0.00000
 59.59000      0.03052      0.00000
 59.60000      0.03152      0.00000
 59.61000      0.03261      0.00000
 59.62000      0.03381      0.00000
 59.63000      0.03512      0.00000
 59.64000      0.03657      0.00000
 59.65000      0.03817      0.00000
 59.66000      0.03992      0.00000
 59.67000      0.04186      0.00000
 59.68000      0.04400      0.00000
 59.69000      0.04637      0.00000
 59.70000      0.04900      0.00000
 59.71000      0.05192      0.00000
 59.72000      0.05520      0.00000
 59.73000      0.05886      0.00000
 59.74000      0.06298      0.00000
 59.75000      0.06767      0.00000
 59.76000      0.07299      0.00000
 59.77000      0.07900      0.00000
 59.78000      0.08588      0.00000
 59.79000      0.09380      0.00000
 59.80000      0.10298      0.00000
 59.81000      0.11369      0.00000
 59.82000      0.12630      0.00000
 59.83000      0.14125      0.00000
 59.84000      0.15915      0.00000
 59.85000      0.18083      0.00000
 59.86000      0.20746      0.00000
 59.87000      0.24079      0.00000
 59.88000      0.28362      0.00000
 59.89000      0.34065      0.00000
 59.90000      0.41975      0.00000
 59.91000      0.53357      0.00000
 59.92000      0.70066      0.00000
 59.93000      0.94477      0.00000
 59.94000      1.29104      0.00000
 59.95000      1.75683      0.00000
 59.96000      2.33233      0.00000
 59.97000      2.93915      0.00000
 59.98000      3.38206      0.00000
 59.99000      3.42360      0.00000
 60.00000      3.03659      0.00000
 60.01000      2.44030      0.00000
 60.02000      1.84996      0.00000
 60.03000      1.36235      0.00000
 60.04000      0.99558      0.00000
 60.05000      0.73513      0.00000
 60.06000      0.55632      0.00000
 60.07000      0.43469      0.00000
 60.08000      0.35062      0.00000
 60.09000      0.29048      0.00000
 60.10000      0.24564      0.00000
 60.11000      0.21096      0.00000
 60.12000      0.18337      0.00000
 60.13000      0.16099      0.00000
 60.14000      0.14256      0.00000
 60.15000      0.12721      0.00000
 60.16000      0.11430      0.00000
 60.17000      0.10334      0.00000
 60.18000      0.09398      0.00000
 60.19000      0.08591      0.00000
 60.20000      0.07893      0.00000
 60.21000      0.07284      0.00000
 60.22000      0.06751      0.00000
 60.23000      0.06283      0.00000
 60.24000      0.05870      0.00000
 60.25000      0.05504      0.00000
 60.26000      0.05179      0.00000
 60.27000      0.04890      0.00000
 60.28000      0.04632      0.00000
 60.29000      0.04403      0.00000
 60.30000      0.04199      0.00000
 60.31000      0.04017      0.00000
 60.32000      0.03857      0.00000
 60.33000      0.03716      0.00000
 60.34000      0.03593      0.00000
 60.35000      0.03487      0.00000
 60.36000      0.03393      0.00000
 60.37000      0.03322      0.00000
 60.38000      0.03270      0.00000
 60.39000      0.03236      0.00000
 60.40000      0.03224      0.00000
 60.41000      0.03236      0.00000
 60.42000      0.03280      0.00000
 60.43000      0.03363      0.00000
 60.44000      0.03502      0.00000
 60.45000      0.03724      0.00000
 60.46000      0.04072      0.00000
 60.47000      0.04607      0.00000
 60.48000      0.05406      0.00000
 60.49000      0.06547      0.00000
 60.50000      0.08078      0.00000
 60.51000      0.09953      0.00000
 60.52000      0.11892      0.00000
 60.53000      0.13246      0.00000
 60.54000      0.13296      0.00000
 60.55000      0.12042      0.00000
 60.56000      0.10209      0.00000
 60.57000      0.08462      0.00000
 60.58000      0.07103      0.00000
 60.59000      0.06209      0.00000
 60.60000      0.05780      0.00000
 60.61000      0.05803      0.00000
 60.62000      0.06287      0.00000
 60.63000      0.07260      0.00000
 60.64000      0.08741      0.00000
 60.65000      0.10673      0.00000
 60.66000      0.12772      0.00000
 60.67000      0.14351      0.00000
 60.68000      0.14539      0.00000
 60.69000      0.13158      0.00000
 60.70000      0.10951      0.00000
 60.71000      0.08716      0.00000
 60.72000      0.06839      0.00000
 60.73000      0.05406      0.00000
 60.74000      0.04373      0.00000
 60.75000      0.03653      0.00000
 60.76000      0.03157      0.00000
 60.77000      0.02811      0.00000
 60.78000      0.02563      0.00000
 60.79000      0.02378      0.00000
 60.80000      0.02235      0.00000
 60.81000      0.02123      0.00000
 60.82000      0.02034      0.00000
 60.83000      0.01963      0.00000
 60.84000      0.01907      0.00000
 60.85000      0.01862      0.00000
 60.86000      0.01832      0.00000
 60.87000      0.01807      0.00000
 60.88000      0.01789      0.00000
 60.89000      0.01779      0.00000
 60.90000      0.01775      0.00000
 60.91000      0.01778      0.00000
 60.92000      0.01787      0.00000
 60.93000      0.01802      0.00000
 60.94000      0.01824      0.00000
 60.95000      0.01857      0.00000
 60.96000      0.01893      0.00000
 60.97000      0.01937      0.00000
 60.98000      0.01990      0.00000
 60.99000      0.02053      0.00000
 61.00000      0.02127      0.00000
 61.01000      0.02215      0.00000
 61.02000      0.02319      0.00000
 61.03000      0.02444      0.00000
 61.04000      0.02593      0.00000
 61.05000      0.02775      0.00000
 61.06000      0.03003      0.00000
 61.07000      0.03296      0.00000
 61.08000      0.03687      0.00000
 61.09000      0.04220      0.00000
 61.10000      0.04956      0.00000
 61.11000      0.05957      0.00000
 61.12000      0.07276      0.00000
 61.13000      0.08909      0.00000
 61.14000      0.10717      0.00000
 61.15000      0.12295      0.00000
 61.16000      0.13079      0.00000
 61.17000      0.12864      0.00000
 61.18000      0.12108      0.00000
 61.19000      0.11426      0.00000
 61.20000      0.11211      0.00000
 61.21000      0.11686      0.00000
 61.22000      0.13054      0.00000
 61.23000      0.15590      0.00000
 61.24000      0.19666      0.00000
 61.25000      0.25710      0.00000
 61.26000      0.34077      0.00000
 61.27000      0.44762      0.00000
 61.28000      0.56786      0.00000
 61.29000      0.67211      0.00000
 61.30000      0.71353      0.00000
 61.31000      0.66671      0.00000
 61.32000      0.55927      0.00000
 61.33000      0.43778      0.00000
 61.34000      0.33037      0.00000
 61.35000      0.24595      0.00000
 61.36000      0.18399      0.00000
 61.37000      0.14043      0.00000
 61.38000      0.11046      0.00000
 61.39000      0.08980      0.00000
 61.40000      0.07521      0.00000
 61.41000      0.06452      0.00000
 61.42000      0.05639      0.00000
 61.43000      0.05000      0.00000
 61.44000      0.04486      0.00000
 61.45000      0.04067      0.00000
 61.46000      0.03719      0.00000
 61.47000      0.03429      0.00000
 61.48000      0.03184      0.00000
 61.49000      0.02977      0.00000
 61.50000      0.02800      0.00000
 61.51000      0.02648      0.00000
 61.52000      0.02517      0.00000
 61.53000      0.02404      0.00000
 61.54000      0.02307      0.00000
 61.55000      0.02222      0.00000
 61.56000      0.02148      0.00000
 61.57000      0.02079      0.00000
 61.58000      0.02023      0.00000
 61.59000      0.01975      0.00000
 61.60000      0.01934      0.00000
 61.61000      0.01899      0.00000
 61.62000      0.01869      0.00000
 61.63000      0.01844      0.00000
 61.64000      0.01824      0.00000
 61.65000      0.01807      0.00000
 61.66000      0.01795      0.00000
 61.67000      0.01786      0.00000
 61.68000      0.01780      0.00000
 61.69000      0.01778      0.00000
 61.70000      0.01778      0.00000
 61.71000      0.01782      0.00000
 61.72000      0.01788      0.00000
 61.73000      0.01797      0.00000
 61.74000      0.01809      0.00000
 61.75000      0.01824      0.00000
 61.76000      0.01842      0.00000
 61.77000      0.01862      0.00000
 61.78000      0.01886      0.00000
 61.79000      0.01912      0.00000
 61.80000      0.01942      0.00000
 61.81000      0.01975      0.00000
 61.82000      0.02011      0.00000
 61.83000      0.02051      0.00000
 61.84000      0.02095      0.00000
 61.85000      0.02144      0.00000
 61.86000      0.02197      0.00000
 61.87000      0.02255      0.00000
 61.88000      0.02319      0.00000
 61.89000      0.02389      0.00000
 61.90000      0.02467      0.00000
 61.91000      0.02554      0.00000
 61.92000      0.02650      0.00000
 61.93000      0.02757      0.00000
 61.94000      0.02879      0.00000
 61.95000      0.03018      0.00000
 61.96000      0.03178      0.00000
 61.97000      0.03368      0.00000
 61.98000      0.03604      0.00000
 61.99000      0.03897      0.00000
 62.00000      0.04280      0.00000
 62.01000      0.04794      0.00000
 62.02000      0.05490      0.00000
 62.03000      0.06414      0.00000
 62.04000      0.07597      0.00000
 62.05000      0.09003      0.00000
 62.06000      0.10452      0.00000
 62.07000      0.11537      0.00000
 62.08000      0.11806      0.00000
 62.09000      0.11237      0.00000
 62.10000      0.10268      0.00000
 62.11000      0.09331      0.00000
 62.12000      0.08633      0.00000
 62.13000      0.08226      0.00000
 62.14000      0.08095      0.00000
 62.15000      0.08204      0.00000
 62.16000      0.08514      0.00000
 62.17000      0.09016      0.00000
 62.18000      0.09703      0.00000
 62.19000      0.10595      0.00000
 62.20000      0.11733      0.00000
 62.21000      0.13173      0.00000
 62.22000      0.15007      0.00000
 62.23000      0.17328      0.00000
 62.24000      0.20247      0.00000
 62.25000      0.23871      0.00000
 62.26000      0.28306      0.00000
 62.27000      0.33814      0.00000
 62.28000      0.41094      0.00000
 62.29000      0.51200      0.00000
 62.30000      0.65100      0.00000
 62.31000      0.83209      0.00000
 62.32000      1.04657      0.00000
 62.33000      1.25964      0.00000
 62.34000      1.40841      0.00000
 62.35000      1.45027      0.00000
 62.36000      1.42019      0.00000
 62.37000      1.39365      0.00000
 62.38000      1.41647      0.00000
 62.39000      1.48119      0.00000
 62.40000      1.52738      0.00000
 62.41000      1.47477      0.00000
 62.42000      1.30279      0.00000
 62.43000      1.06984      0.00000
 62.44000      0.84184      0.00000
 62.45000      0.65107      0.00000
 62.46000      0.50438      0.00000
 62.47000      0.39740      0.00000
 62.48000      0.32204      0.00000
 62.49000      0.26981      0.00000
 62.50000      0.23370      0.00000
 62.51000      0.20842      0.00000
 62.52000      0.19047      0.00000
 62.53000      0.17767      0.00000
 62.54000      0.16872      0.00000
 62.55000      0.16283      0.00000
 62.56000      0.15955      0.00000
 62.57000      0.15860      0.00000
 62.58000      0.15985      0.00000
 62.59000      0.16327      0.00000
 62.60000      0.16889      0.00000
 62.61000      0.17703      0.00000
 62.62000      0.18792      0.00000
 62.63000      0.20206      0.00000
 62.64000      0.22014      0.00000
 62.65000      0.24319      0.00000
 62.66000      0.27285      0.00000
 62.67000      0.31172      0.00000
 62.68000      0.36405      0.00000
 62.69000      0.43662      0.00000
 62.70000      0.53966      0.00000
 62.71000      0.68724      0.00000
 62.72000      0.89649      0.00000
 62.73000      1.18459      0.00000
 62.74000      1.56188      0.00000
 62.75000      2.01722      0.00000
 62.76000      2.49363      0.00000
 62.77000      2.87387      0.00000
 62.78000      3.02532      0.00000
 62.79000      2.89755      0.00000
 62.80000      2.55525      0.00000
 62.81000      2.11504      0.00000
 62.82000      1.68443      0.00000
 62.83000      1.32865      0.00000
 62.84000      1.06998      0.00000
 62.85000      0.90706      0.00000
 62.86000      0.83052      0.00000
 62.87000      0.83007      0.00000
 62.88000      0.89557      0.00000
 62.89000      1.01278      0.00000
 62.90000      1.15251      0.00000
 62.91000      1.25767      0.00000
 62.92000      1.25946      0.00000
 62.93000      1.13976      0.00000
 62.94000      0.95089      0.00000
 62.95000      0.75558      0.00000
 62.96000      0.58705      0.00000
 62.97000      0.45444      0.00000
 62.98000      0.35559      0.00000
 62.99000      0.28422      0.00000
 63.00000      0.23328      0.00000
 63.01000      0.19656      0.00000
 63.02000      0.16939      0.00000
 63.03000      0.14856      0.00000
 63.04000      0.13203      0.00000
 63.05000      0.11856      0.00000
 63.06000      0.10734      0.00000
 63.07000      0.09787      0.00000
 63.08000      0.08977      0.00000
 63.09000      0.08280      0.00000
 63.10000      0.07674      0.00000
 63.11000      0.07144      0.00000
 63.12000      0.06679      0.00000
 63.13000      0.06267      0.00000
 63.14000      0.05902      0.00000
 63.15000      0.05576      0.00000
 63.16000      0.05286      0.00000
 63.17000      0.05025      0.00000
 63.18000      0.04791      0.00000
 63.19000      0.04581      0.00000
 63.20000      0.04392      0.00000
 63.21000      0.04223      0.00000
 63.22000      0.04070      0.00000
 63.23000      0.03934      0.00000
 63.24000      0.03812      0.00000
 63.25000      0.03704      0.00000
 63.26000      0.03609      0.00000
 63.27000      0.03527      0.00000
 63.28000      0.03456      0.00000
 63.29000      0.03397      0.00000
 63.30000      0.03349      0.00000
 63.31000      0.03313      0.00000
 63.32000      0.03289      0.00000
 63.33000      0.03278      0.00000
 63.34000      0.03280      0.00000
 63.35000      0.03296      0.00000
 63.36000      0.03328      0.00000
 63.37000      0.03378      0.00000
 63.38000      0.03447      0.00000
 63.39000      0.03539      0.00000
 63.40000      0.03658      0.00000
 63.41000      0.03809      0.00000
 63.42000      0.03999      0.00000
 63.43000      0.04237      0.00000
 63.44000      0.04536      0.00000
 63.45000      0.04915      0.00000
 63.46000      0.05403      0.00000
 63.47000      0.06043      0.00000
 63.48000      0.06905      0.00000
 63.49000      0.08095      0.00000
 63.50000      0.09765      0.00000
 63.51000      0.12124      0.00000
 63.52000      0.15418      0.00000
 63.53000      0.19882      0.00000
 63.54000      0.25614      0.00000
 63.55000      0.32431      0.00000
 63.56000      0.39817      0.00000
 63.57000      0.46773      0.00000
 63.58000      0.51273      0.00000
 63.59000      0.50931      0.00000
 63.60000      0.45524      0.00000
 63.61000      0.37483      0.00000
 63.62000      0.29365      0.00000
 63.63000      0.22462      0.00000
 63.64000      0.17096      0.00000
 63.65000      0.13149      0.00000
 63.66000      0.10346      0.00000
 63.67000      0.08386      0.00000
 63.68000      0.07010      0.00000
 63.69000      0.06022      0.00000
 63.70000      0.05289      0.00000
 63.71000      0.04725      0.00000
 63.72000      0.04282      0.00000
 63.73000      0.03926      0.00000
 63.74000      0.03635      0.00000
 63.75000      0.03397      0.00000
 63.76000      0.03201      0.00000
 63.77000      0.03039      0.00000
 63.78000      0.02906      0.00000
 63.79000      0.02797      0.00000
 63.80000      0.02709      0.00000
 63.81000      0.02641      0.00000
 63.82000      0.02583      0.00000
 63.83000      0.02546      0.00000
 63.84000      0.02524      0.00000
 63.85000      0.02516      0.00000
 63.86000      0.02522      0.00000
 63.87000      0.02541      0.00000
 63.88000      0.02575      0.00000
 63.89000      0.02624      0.00000
 63.90000      0.02689      0.00000
 63.91000      0.02773      0.00000
 63.92000      0.02877      0.00000
 63.93000      0.03004      0.00000
 63.94000      0.03157      0.00000
 63.95000      0.03342      0.00000
 63.96000      0.03565      0.00000
 63.97000      0.03834      0.00000
 63.98000      0.04159      0.00000
 63.99000      0.04554      0.00000
 64.00000      0.05039      0.00000
 64.01000      0.05643      0.00000
 64.02000      0.06412      0.00000
 64.03000      0.07418      0.00000
 64.04000      0.08781      0.00000
 64.05000      0.10687      0.00000
 64.06000      0.13407      0.00000
 64.07000      0.17298      0.00000
 64.08000      0.22765      0.00000
 64.09000      0.30170      0.00000
 64.10000      0.39648      0.00000
 64.11000      0.50720      0.00000
 64.12000      0.61582      0.00000
 64.13000      0.68644      0.00000
 64.14000      0.68347      0.00000
 64.15000      0.60854      0.00000
 64.16000      0.49850      0.00000
 64.17000      0.38828      0.00000
 64.18000      0.29473      0.00000
 64.19000      0.22199      0.00000
 64.20000      0.16845      0.00000
 64.21000      0.13039      0.00000
 64.22000      0.10377      0.00000
 64.23000      0.08507      0.00000
 64.24000      0.07163      0.00000
 64.25000      0.06165      0.00000
 64.26000      0.05397      0.00000
 64.27000      0.04789      0.00000
 64.28000      0.04296      0.00000
 64.29000      0.03892      0.00000
 64.30000      0.03555      0.00000
 64.31000      0.03273      0.00000
 64.32000      0.03035      0.00000
 64.33000      0.02833      0.00000
 64.34000      0.02660      0.00000
 64.35000      0.02512      0.00000
 64.36000      0.02385      0.00000
 64.37000      0.02277      0.00000
 64.38000      0.02184      0.00000
 64.39000      0.02104      0.00000
 64.40000      0.02036      0.00000
 64.41000      0.01979      0.00000
 64.42000      0.01932      0.00000
 64.43000      0.01893      0.00000
 64.44000      0.01863      0.00000
 64.45000      0.01840      0.00000
 64.46000      0.01825      0.00000
 64.47000      0.01817      0.00000
 64.48000      0.01816      0.00000
 64.49000      0.01822      0.00000
 64.50000      0.01836      0.00000
 64.51000      0.01857      0.00000
 64.52000      0.01886      0.00000
 64.53000      0.01923      0.00000
 64.54000      0.01970      0.00000
 64.55000      0.02022      0.00000
 64.56000      0.02091      0.00000
 64.57000      0.02172      0.00000
 64.58000      0.02269      0.00000
 64.59000      0.02377      0.00000
 64.60000      0.02512      0.00000
 64.61000      0.02670      0.00000
 64.62000      0.02858      0.00000
 64.63000      0.03080      0.00000
 64.64000      0.03346      0.00000
 64.65000      0.03667      0.00000
 64.66000      0.04056      0.00000
 64.67000      0.04537      0.00000
 64.68000      0.05144      0.00000
 64.69000      0.05931      0.00000
 64.70000      0.06985      0.00000
 64.71000      0.08446      0.00000
 64.72000      0.10515      0.00000
 64.73000      0.13461      0.00000
 64.74000      0.17593      0.00000
 64.75000      0.23200      0.00000
 64.76000      0.30427      0.00000
 64.77000      0.39010      0.00000
 64.78000      0.47781      0.00000
 64.79000      0.54194      0.00000
 64.80000      0.55272      0.00000
 64.81000      0.50412      0.00000
 64.82000      0.42103      0.00000
 64.83000      0.33273      0.00000
 64.84000      0.25541      0.00000
 64.85000      0.19407      0.00000
 64.86000      0.14822      0.00000
 64.87000      0.11536      0.00000
 64.88000      0.09231      0.00000
 64.89000      0.07620      0.00000
 64.90000      0.06477      0.00000
 64.91000      0.05646      0.00000
 64.92000      0.05021      0.00000
 64.93000      0.04540      0.00000
 64.94000      0.04163      0.00000
 64.95000      0.03865      0.00000
 64.96000      0.03629      0.00000
 64.97000      0.03444      0.00000
 64.98000      0.03301      0.00000
 64.99000      0.03194      0.00000
 65.00000      0.03119      0.00000
 65.01000      0.03073      0.00000
 65.02000      0.03053      0.00000
 65.03000      0.03058      0.00000
 65.04000      0.03088      0.00000
 65.05000      0.03142      0.00000
 65.06000      0.03222      0.00000
 65.07000      0.03329      0.00000
 65.08000      0.03466      0.00000
 65.09000      0.03636      0.00000
 65.10000      0.03844      0.00000
 65.11000      0.04095      0.00000
 65.12000      0.04397      0.00000
 65.13000      0.04761      0.00000
 65.14000      0.05199      0.00000
 65.15000      0.05729      0.00000
 65.16000      0.06376      0.00000
 65.17000      0.07174      0.00000
 65.18000      0.08175      0.00000
 65.19000      0.09464      0.00000
 65.20000      0.11176      0.00000
 65.21000      0.13524      0.00000
 65.22000      0.16827      0.00000
 65.23000      0.21524      0.00000
 65.24000      0.28151      0.00000
 65.25000      0.37254      0.00000
 65.26000      0.49223      0.00000
 65.27000      0.63944      0.00000
 65.28000      0.80097      0.00000
 65.29000      0.94134      0.00000
 65.30000      1.00566      0.00000
 65.31000      0.95977      0.00000
 65.32000      0.82846      0.00000
 65.33000      0.66696      0.00000
 65.34000      0.51539      0.00000
 65.35000      0.39022      0.00000
 65.36000      0.29407      0.00000
 65.37000      0.22361      0.00000
 65.38000      0.17346      0.00000
 65.39000      0.13818      0.00000
 65.40000      0.11316      0.00000
 65.41000      0.09501      0.00000
 65.42000      0.08143      0.00000
 65.43000      0.07098      0.00000
 65.44000      0.06278      0.00000
 65.45000      0.05631      0.00000
 65.46000      0.05128      0.00000
 65.47000      0.04749      0.00000
 65.48000      0.04482      0.00000
 65.49000      0.04315      0.00000
 65.50000      0.04230      0.00000
 65.51000      0.04186      0.00000
 65.52000      0.04103      0.00000
 65.53000      0.03909      0.00000
 65.54000      0.03592      0.00000
 65.55000      0.03217      0.00000
 65.56000      0.02850      0.00000
 65.57000      0.02527      0.00000
 65.58000      0.02258      0.00000
 65.59000      0.02038      0.00000
 65.60000      0.01860      0.00000
 65.61000      0.01720      0.00000
 65.62000      0.01600      0.00000
 65.63000      0.01499      0.00000
 65.64000      0.01412      0.00000
 65.65000      0.01335      0.00000
 65.66000      0.01266      0.00000
 65.67000      0.01204      0.00000
 65.68000      0.01148      0.00000
 65.69000      0.01097      0.00000
 65.70000      0.01050      0.00000
 65.71000      0.01007      0.00000
 65.72000      0.00967      0.00000
 65.73000      0.00930      0.00000
 65.74000      0.00900      0.00000
 65.75000      0.00868      0.00000
 65.76000      0.00838      0.00000
 65.77000      0.00810      0.00000
 65.78000      0.00784      0.00000
 65.79000      0.00760      0.00000
 65.80000      0.00737      0.00000
 65.81000      0.00716      0.00000
 65.82000      0.00695      0.00000
 65.83000      0.00676      0.00000
 65.84000      0.00658      0.00000
 65.85000      0.00641      0.00000
 65.86000      0.00625      0.00000
 65.87000      0.00610      0.00000
 65.88000      0.00595      0.00000
 65.89000      0.00581      0.00000
 65.90000      0.00568      0.00000
 65.91000      0.00556      0.00000
 65.92000      0.00544      0.00000
 65.93000      0.00533      0.00000
 65.94000      0.00522      0.00000
 65.95000      0.00512      0.00000
 65.96000      0.00502      0.00000
 65.97000      0.00493      0.00000
 65.98000      0.00484      0.00000
 65.99000      0.00475      0.00000
 66.00000      0.00467      0.00000
 66.01000      0.00459      0.00000
 66.02000      0.00452      0.00000
 66.03000      0.00445      0.00000
 66.04000      0.00438      0.00000
 66.05000      0.00431      0.00000
 66.06000      0.00425      0.00000
 66.07000      0.00419      0.00000
 66.08000      0.00413      0.00000
 66.09000      0.00408      0.00000
 66.10000      0.00402      0.00000
 66.11000      0.00397      0.00000
 66.12000      0.00393      0.00000
 66.13000      0.00388      0.00000
 66.14000      0.00383      0.00000
 66.15000      0.00379      0.00000
 66.16000      0.00375      0.00000
 66.17000      0.00371      0.00000
 66.18000      0.00367      0.00000
 66.19000      0.00364      0.00000
 66.20000      0.00360      0.00000
 66.21000      0.00357      0.00000
 66.22000      0.00354      0.00000
 66.23000      0.00351      0.00000
 66.24000      0.00348      0.00000
 66.25000      0.00350      0.00000
 66.26000      0.00347      0.00000
 66.27000      0.00345      0.00000
 66.28000      0.00342      0.00000
 66.29000      0.00340      0.00000
 66.30000      0.00338      0.00000
 66.31000      0.00336      0.00000
 66.32000      0.00334      0.00000
 66.33000      0.00332      0.00000
 66.34000      0.00331      0.00000
 66.35000      0.00329      0.00000
 66.36000      0.00328      0.00000
 66.37000      0.00322      0.00000
 66.38000      0.00321      0.00000
 66.39000      0.00320      0.00000
 66.40000      0.00319      0.00000
 66.41000      0.00318      0.00000
 66.42000      0.00317      0.00000
 66.43000      0.00316      0.00000
 66.44000      0.00316      0.00000
 66.45000      0.00316      0.00000
 66.46000      0.00315      0.00000
 66.47000      0.00315      0.00000
 66.48000      0.00315      0.00000
 66.49000      0.00315      0.00000
 66.50000      0.00315      0.00000
 66.51000      0.00316      0.00000
 66.52000      0.00316      0.00000
 66.53000      0.00316      0.00000
 66.54000      0.00317      0.00000
 66.55000      0.00318      0.00000
 66.56000      0.00319      0.00000
 66.57000      0.00320      0.00000
 66.58000      0.00321      0.00000
 66.59000      0.00322      0.00000
 66.60000      0.00324      0.00000
 66.61000      0.00326      0.00000
 66.62000      0.00322      0.00000
 66.63000      0.00324      0.00000
 66.64000      0.00327      0.00000
 66.65000      0.00329      0.00000
 66.66000      0.00332      0.00000
 66.67000      0.00334      0.00000
 66.68000      0.00338      0.00000
 66.69000      0.00341      0.00000
 66.70000      0.00344      0.00000
 66.71000      0.00348      0.00000
 66.72000      0.00352      0.00000
 66.73000      0.00357      0.00000
 66.74000      0.00362      0.00000
 66.75000      0.00366      0.00000
 66.76000      0.00372      0.00000
 66.77000      0.00378      0.00000
 66.78000      0.00380      0.00000
 66.79000      0.00387      0.00000
 66.80000      0.00395      0.00000
 66.81000      0.00403      0.00000
 66.82000      0.00412      0.00000
 66.83000      0.00422      0.00000
 66.84000      0.00433      0.00000
 66.85000      0.00445      0.00000
 66.86000      0.00458      0.00000
 66.87000      0.00473      0.00000
 66.88000      0.00489      0.00000
 66.89000      0.00502      0.00000
 66.90000      0.00522      0.00000
 66.91000      0.00545      0.00000
 66.92000      0.00571      0.00000
 66.93000      0.00601      0.00000
 66.94000      0.00636      0.00000
 66.95000      0.00677      0.00000
 66.96000      0.00726      0.00000
 66.97000      0.00786      0.00000
 66.98000      0.00862      0.00000
 66.99000      0.00961      0.00000
 67.00000      0.01093      0.00000
 67.01000      0.01276      0.00000
 67.02000      0.01526      0.00000
 67.03000      0.01867      0.00000
 67.04000      0.02316      0.00000
 67.05000      0.02880      0.00000
 67.06000      0.03534      0.00000
 67.07000      0.04190      0.00000
 67.08000      0.04668      0.00000
 67.09000      0.04770      0.00000
 67.10000      0.04452      0.00000
 67.11000      0.03881      0.00000
 67.12000      0.03259      0.00000
 67.13000      0.02708      0.00000
 67.14000      0.02271      0.00000
 67.15000      0.01951      0.00000
 67.16000      0.01723      0.00000
 67.17000      0.01575      0.00000
 67.18000      0.01492      0.00000
 67.19000      0.01453      0.00000
 67.20000      0.01447      0.00000
 67.21000      0.01465      0.00000
 67.22000      0.01505      0.00000
 67.23000      0.01563      0.00000
 67.24000      0.01640      0.00000
 67.25000      0.01737      0.00000
 67.26000      0.01855      0.00000
 67.27000      0.01998      0.00000
 67.28000      0.02169      0.00000
 67.29000      0.02374      0.00000
 67.30000      0.02621      0.00000
 67.31000      0.02919      0.00000
 67.32000      0.03283      0.00000
 67.33000      0.03735      0.00000
 67.34000      0.04310      0.00000
 67.35000      0.05062      0.00000
 67.36000      0.06076      0.00000
 67.37000      0.07479      0.00000
 67.38000      0.09445      0.00000
 67.39000      0.12192      0.00000
 67.40000      0.15951      0.00000
 67.41000      0.20916      0.00000
 67.42000      0.27131      0.00000
 67.43000      0.34279      0.00000
 67.44000      0.41294      0.00000
 67.45000      0.46126      0.00000
 67.46000      0.46626      0.00000
 67.47000      0.42529      0.00000
 67.48000      0.35749      0.00000
 67.49000      0.28502      0.00000
 67.50000      0.22044      0.00000
 67.51000      0.16814      0.00000
 67.52000      0.12817      0.00000
 67.53000      0.09880      0.00000
 67.54000      0.07771      0.00000
 67.55000      0.06270      0.00000
 67.56000      0.05186      0.00000
 67.57000      0.04385      0.00000
 67.58000      0.03774      0.00000
 67.59000      0.03295      0.00000
 67.60000      0.02909      0.00000
 67.61000      0.02591      0.00000
 67.62000      0.02327      0.00000
 67.63000      0.02104      0.00000
 67.64000      0.01914      0.00000
 67.65000      0.01752      0.00000
 67.66000      0.01611      0.00000
 67.67000      0.01490      0.00000
 67.68000      0.01383      0.00000
 67.69000      0.01290      0.00000
 67.70000      0.01208      0.00000
 67.71000      0.01135      0.00000
 67.72000      0.01070      0.00000
 67.73000      0.01012      0.00000
 67.74000      0.00960      0.00000
 67.75000      0.00914      0.00000
 67.76000      0.00872      0.00000
 67.77000      0.00834      0.00000
 67.78000      0.00800      0.00000
 67.79000      0.00769      0.00000
 67.80000      0.00744      0.00000
 67.81000      0.00719      0.00000
 67.82000      0.00696      0.00000
 67.83000      0.00675      0.00000
 67.84000      0.00655      0.00000
 67.85000      0.00638      0.00000
 67.86000      0.00622      0.00000
 67.87000      0.00608      0.00000
 67.88000      0.00595      0.00000
 67.89000      0.00583      0.00000
 67.90000      0.00572      0.00000
 67.91000      0.00562      0.00000
 67.92000      0.00553      0.00000
 67.93000      0.00545      0.00000
 67.94000      0.00534      0.00000
 67.95000      0.00527      0.00000
 67.96000      0.00522      0.00000
 67.97000      0.00518      0.00000
 67.98000      0.00514      0.00000
 67.99000      0.00511      0.00000
 68.00000      0.00510      0.00000
 68.01000      0.00508      0.00000
 68.02000      0.00508      0.00000
 68.03000      0.00508      0.00000
 68.04000      0.00510      0.00000
 68.05000      0.00512      0.00000
 68.06000      0.00516      0.00000
 68.07000      0.00521      0.00000
 68.08000      0.00527      0.00000
 68.09000      0.00534      0.00000
 68.10000      0.00544      0.00000
 68.11000      0.00556      0.00000
 68.12000      0.00571      0.00000
 68.13000      0.00589      0.00000
 68.14000      0.00612      0.00000
 68.15000      0.00641      0.00000
 68.16000      0.00679      0.00000
 68.17000      0.00730      0.00000
 68.18000      0.00801      0.00000
 68.19000      0.00900      0.00000
 68.20000      0.01037      0.00000
 68.21000      0.01221      0.00000
 68.22000      0.01462      0.00000
 68.23000      0.01760      0.00000
 68.24000      0.02098      0.00000
 68.25000      0.02423      0.00000
 68.26000      0.02638      0.00000
 68.27000      0.02646      0.00000
 68.28000      0.02452      0.00000
 68.29000      0.02139      0.00000
 68.30000      0.01807      0.00000
 68.31000      0.01512      0.00000
 68.32000      0.01274      0.00000
 68.33000      0.01093      0.00000
 68.34000      0.00961      0.00000
 68.35000      0.00867      0.00000
 68.36000      0.00803      0.00000
 68.37000      0.00758      0.00000
 68.38000      0.00727      0.00000
 68.39000      0.00706      0.00000
 68.40000      0.00691      0.00000
 68.41000      0.00676      0.00000
 68.42000      0.00670      0.00000
 68.43000      0.00667      0.00000
 68.44000      0.00666      0.00000
 68.45000      0.00667      0.00000
 68.46000      0.00670      0.00000
 68.47000      0.00675      0.00000
 68.48000      0.00681      0.00000
 68.49000      0.00689      0.00000
 68.50000      0.00698      0.00000
 68.51000      0.00708      0.00000
 68.52000      0.00719      0.00000
 68.53000      0.00731      0.00000
 68.54000      0.00745      0.00000
 68.55000      0.00760      0.00000
 68.56000      0.00775      0.00000
 68.57000      0.00792      0.00000
 68.58000      0.00811      0.00000
 68.59000      0.00830      0.00000
 68.60000      0.00851      0.00000
 68.61000      0.00876      0.00000
 68.62000      0.00900      0.00000
 68.63000      0.00929      0.00000
 68.64000      0.00956      0.00000
 68.65000      0.00985      0.00000
 68.66000      0.01016      0.00000
 68.67000      0.01049      0.00000
 68.68000      0.01084      0.00000
 68.69000      0.01122      0.00000
 68.70000      0.01162      0.00000
 68.71000      0.01205      0.00000
 68.72000      0.01251      0.00000
 68.73000      0.01301      0.00000
 68.74000      0.01354      0.00000
 68.75000      0.01411      0.00000
 68.76000      0.01473      0.00000
 68.77000      0.01540      0.00000
 68.78000      0.01612      0.00000
 68.79000      0.01690      0.00000
 68.80000      0.01775      0.00000
 68.81000      0.01868      0.00000
 68.82000      0.01969      0.00000
 68.83000      0.02084      0.00000
 68.84000      0.02206      0.00000
 68.85000      0.02339      0.00000
 68.86000      0.02487      0.00000
 68.87000      0.02651      0.00000
 68.88000      0.02832      0.00000
 68.89000      0.03035      0.00000
 68.90000      0.03262      0.00000
 68.91000      0.03518      0.00000
 68.92000      0.03806      0.00000
 68.93000      0.04134      0.00000
 68.94000      0.04509      0.00000
 68.95000      0.04940      0.00000
 68.96000      0.05437      0.00000
 68.97000      0.06017      0.00000
 68.98000      0.06698      0.00000
 68.99000      0.07506      0.00000
 69.00000      0.08475      0.00000
 69.01000      0.09657      0.00000
 69.02000      0.11131      0.00000
 69.03000      0.13018      0.00000
 69.04000      0.15508      0.00000
 69.05000      0.18884      0.00000
 69.06000      0.23548      0.00000
 69.07000      0.30016      0.00000
 69.08000      0.38881      0.00000
 69.09000      0.50711      0.00000
 69.10000      0.65861      0.00000
 69.11000      0.84110      0.00000
 69.12000      1.03944      0.00000
 69.13000      1.21574      0.00000
 69.14000      1.31107      0.00000
 69.15000      1.28154      0.00000
 69.16000      1.14166      0.00000
 69.17000      0.94880      0.00000
 69.18000      0.75450      0.00000
 69.19000      0.58527      0.00000
 69.20000      0.44917      0.00000
 69.21000      0.34516      0.00000
 69.22000      0.26836      0.00000
 69.23000      0.21279      0.00000
 69.24000      0.17279      0.00000
 69.25000      0.14370      0.00000
 69.26000      0.12204      0.00000
 69.27000      0.10546      0.00000
 69.28000      0.09238      0.00000
 69.29000      0.08183      0.00000
 69.30000      0.07315      0.00000
 69.31000      0.06593      0.00000
 69.32000      0.05985      0.00000
 69.33000      0.05470      0.00000
 69.34000      0.05031      0.00000
 69.35000      0.04654      0.00000
 69.36000      0.04331      0.00000
 69.37000      0.04053      0.00000
 69.38000      0.03812      0.00000
 69.39000      0.03605      0.00000
 69.40000      0.03427      0.00000
 69.41000      0.03274      0.00000
 69.42000      0.03144      0.00000
 69.43000      0.03036      0.00000
 69.44000      0.02946      0.00000
 69.45000      0.02874      0.00000
 69.46000      0.02818      0.00000
 69.47000      0.02779      0.00000
 69.48000      0.02756      0.00000
 69.49000      0.02750      0.00000
 69.50000      0.02761      0.00000
 69.51000      0.02791      0.00000
 69.52000      0.02840      0.00000
 69.53000      0.02911      0.00000
 69.54000      0.03007      0.00000
 69.55000      0.03132      0.00000
 69.56000      0.03291      0.00000
 69.57000      0.03492      0.00000
 69.58000      0.03744      0.00000
 69.59000      0.04064      0.00000
 69.60000      0.04473      0.00000
 69.61000      0.05013      0.00000
 69.62000      0.05732      0.00000
 69.63000      0.06718      0.00000
 69.64000      0.08087      0.00000
 69.65000      0.09990      0.00000
 69.66000      0.12597      0.00000
 69.67000      0.16071      0.00000
 69.68000      0.20512      0.00000
 69.69000      0.25853      0.00000
 69.70000      0.31658      0.00000
 69.71000      0.36845      0.00000
 69.72000      0.39722      0.00000
 69.73000      0.38992      0.00000
 69.74000      0.35005      0.00000
 69.75000      0.29387      0.00000
 69.76000      0.23657      0.00000
 69.77000      0.18623      0.00000
 69.78000      0.14547      0.00000
 69.79000      0.11412      0.00000
 69.80000      0.09087      0.00000
 69.81000      0.07400      0.00000
 69.82000      0.06185      0.00000
 69.83000      0.05305      0.00000
 69.84000      0.04655      0.00000
 69.85000      0.04171      0.00000
 69.86000      0.03790      0.00000
 69.87000      0.03489      0.00000
 69.88000      0.03248      0.00000
 69.89000      0.03055      0.00000
 69.90000      0.02899      0.00000
 69.91000      0.02776      0.00000
 69.92000      0.02680      0.00000
 69.93000      0.02611      0.00000
 69.94000      0.02560      0.00000
 69.95000      0.02529      0.00000
 69.96000      0.02516      0.00000
 69.97000      0.02521      0.00000
 69.98000      0.02538      0.00000
 69.99000      0.02579      0.00000
 70.00000      0.02639      0.00000
 70.01000      0.02720      0.00000
 70.02000      0.02823      0.00000
 70.03000      0.02952      0.00000
 70.04000      0.03110      0.00000
 70.05000      0.03302      0.00000
 70.06000      0.03534      0.00000
 70.07000      0.03816      0.00000
 70.08000      0.04159      0.00000
 70.09000      0.04579      0.00000
 70.10000      0.05101      0.00000
 70.11000      0.05765      0.00000
 70.12000      0.06627      0.00000
 70.13000      0.07780      0.00000
 70.14000      0.09354      0.00000
 70.15000      0.11531      0.00000
 70.16000      0.14532      0.00000
 70.17000      0.18603      0.00000
 70.18000      0.23959      0.00000
 70.19000      0.30704      0.00000
 70.20000      0.38652      0.00000
 70.21000      0.47011      0.00000
 70.22000      0.54015      0.00000
 70.23000      0.57211      0.00000
 70.24000      0.55128      0.00000
 70.25000      0.48740      0.00000
 70.26000      0.40467      0.00000
 70.27000      0.32304      0.00000
 70.28000      0.25236      0.00000
 70.29000      0.19552      0.00000
 70.30000      0.15192      0.00000
 70.31000      0.11955      0.00000
 70.32000      0.09598      0.00000
 70.33000      0.07888      0.00000
 70.34000      0.06636      0.00000
 70.35000      0.05698      0.00000
 70.36000      0.04975      0.00000
 70.37000      0.04402      0.00000
 70.38000      0.03938      0.00000
 70.39000      0.03553      0.00000
 70.40000      0.03231      0.00000
 70.41000      0.02958      0.00000
 70.42000      0.02725      0.00000
 70.43000      0.02525      0.00000
 70.44000      0.02351      0.00000
 70.45000      0.02199      0.00000
 70.46000      0.02067      0.00000
 70.47000      0.01950      0.00000
 70.48000      0.01848      0.00000
 70.49000      0.01756      0.00000
 70.50000      0.01675      0.00000
 70.51000      0.01603      0.00000
 70.52000      0.01539      0.00000
 70.53000      0.01481      0.00000
 70.54000      0.01430      0.00000
 70.55000      0.01383      0.00000
 70.56000      0.01342      0.00000
 70.57000      0.01305      0.00000
 70.58000      0.01272      0.00000
 70.59000      0.01242      0.00000
 70.60000      0.01216      0.00000
 70.61000      0.01192      0.00000
 70.62000      0.01172      0.00000
 70.63000      0.01154      0.00000
 70.64000      0.01139      0.00000
 70.65000      0.01130      0.00000
 70.66000      0.01120      0.00000
 70.67000      0.01113      0.00000
 70.68000      0.01108      0.00000
 70.69000      0.01107      0.00000
 70.70000      0.01110      0.00000
 70.71000      0.01118      0.00000
 70.72000      0.01132      0.00000
 70.73000      0.01154      0.00000
 70.74000      0.01188      0.00000
 70.75000      0.01234      0.00000
 70.76000      0.01296      0.00000
 70.77000      0.01374      0.00000
 70.78000      0.01465      0.00000
 70.79000      0.01556      0.00000
 70.80000      0.01628      0.00000
 70.81000      0.01656      0.00000
 70.82000      0.01628      0.00000
 70.83000      0.01563      0.00000
 70.84000      0.01484      0.00000
 70.85000      0.01412      0.00000
 70.86000      0.01356      0.00000
 70.87000      0.01315      0.00000
 70.88000      0.01288      0.00000
 70.89000      0.01276      0.00000
 70.90000      0.01274      0.00000
 70.91000      0.01281      0.00000
 70.92000      0.01290      0.00000
 70.93000      0.01310      0.00000
 70.94000      0.01336      0.00000
 70.95000      0.01367      0.00000
 70.96000      0.01402      0.00000
 70.97000      0.01443      0.00000
 70.98000      0.01490      0.00000
 70.99000      0.01542      0.00000
 71.00000      0.01602      0.00000
 71.01000      0.01669      0.00000
 71.02000      0.01746      0.00000
 71.03000      0.01833      0.00000
 71.04000      0.01933      0.00000
 71.05000      0.02047      0.00000
 71.06000      0.02179      0.00000
 71.07000      0.02332      0.00000
 71.08000      0.02511      0.00000
 71.09000      0.02723      0.00000
 71.10000      0.02977      0.00000
 71.11000      0.03288      0.00000
 71.12000      0.03676      0.00000
 71.13000      0.04175      0.00000
 71.14000      0.04833      0.00000
 71.15000      0.05721      0.00000
 71.16000      0.06932      0.00000
 71.17000      0.08581      0.00000
 71.18000      0.10786      0.00000
 71.19000      0.13650      0.00000
 71.20000      0.17212      0.00000
 71.21000      0.21356      0.00000
 71.22000      0.25652      0.00000
 71.23000      0.29195      0.00000
 71.24000      0.30787      0.00000
 71.25000      0.29776      0.00000
 71.26000      0.26695      0.00000
 71.27000      0.22732      0.00000
 71.28000      0.18835      0.00000
 71.29000      0.15450      0.00000
 71.30000      0.12664      0.00000
 71.31000      0.10420      0.00000
 71.32000      0.08645      0.00000
 71.33000      0.07274      0.00000
 71.34000      0.06241      0.00000
 71.35000      0.05476      0.00000
 71.36000      0.04914      0.00000
 71.37000      0.04505      0.00000
 71.38000      0.04210      0.00000
 71.39000      0.04004      0.00000
 71.40000      0.03868      0.00000
 71.41000      0.03790      0.00000
 71.42000      0.03762      0.00000
 71.43000      0.03781      0.00000
 71.44000      0.03846      0.00000
 71.45000      0.03960      0.00000
 71.46000      0.04127      0.00000
 71.47000      0.04360      0.00000
 71.48000      0.04678      0.00000
 71.49000      0.05110      0.00000
 71.50000      0.05703      0.00000
 71.51000      0.06521      0.00000
 71.52000      0.07652      0.00000
 71.53000      0.09198      0.00000
 71.54000      0.11268      0.00000
 71.55000      0.13948      0.00000
 71.56000      0.17261      0.00000
 71.57000      0.21079      0.00000
 71.58000      0.24975      0.00000
 71.59000      0.28083      0.00000
 71.60000      0.29317      0.00000
 71.61000      0.28147      0.00000
 71.62000      0.25122      0.00000
 71.63000      0.21332      0.00000
 71.64000      0.17636      0.00000
 71.65000      0.14455      0.00000
 71.66000      0.11914      0.00000
 71.67000      0.09989      0.00000
 71.68000      0.08592      0.00000
 71.69000      0.07618      0.00000
 71.70000      0.06964      0.00000
 71.71000      0.06546      0.00000
 71.72000      0.06303      0.00000
 71.73000      0.06191      0.00000
 71.74000      0.06183      0.00000
 71.75000      0.06267      0.00000
 71.76000      0.06434      0.00000
 71.77000      0.06687      0.00000
 71.78000      0.07030      0.00000
 71.79000      0.07477      0.00000
 71.80000      0.08046      0.00000
 71.81000      0.08768      0.00000
 71.82000      0.09692      0.00000
 71.83000      0.10892      0.00000
 71.84000      0.12477      0.00000
 71.85000      0.14607      0.00000
 71.86000      0.17497      0.00000
 71.87000      0.21416      0.00000
 71.88000      0.26668      0.00000
 71.89000      0.33542      0.00000
 71.90000      0.42218      0.00000
 71.91000      0.52584      0.00000
 71.92000      0.63929      0.00000
 71.93000      0.74675      0.00000
 71.94000      0.82630      0.00000
 71.95000      0.85910      0.00000
 71.96000      0.83735      0.00000
 71.97000      0.76802      0.00000
 71.98000      0.67157      0.00000
 71.99000      0.57031      0.00000
 72.00000      0.47740      0.00000
 72.01000      0.39649      0.00000
 72.02000      0.32727      0.00000
 72.03000      0.26949      0.00000
 72.04000      0.22308      0.00000
 72.05000      0.18715      0.00000
 72.06000      0.16010      0.00000
 72.07000      0.14019      0.00000
 72.08000      0.12590      0.00000
 72.09000      0.11605      0.00000
 72.10000      0.10974      0.00000
 72.11000      0.10628      0.00000
 72.12000      0.10503      0.00000
 72.13000      0.10518      0.00000
 72.14000      0.10558      0.00000
 72.15000      0.10489      0.00000
 72.16000      0.10231      0.00000
 72.17000      0.09820      0.00000
 72.18000      0.09366      0.00000
 72.19000      0.08960      0.00000
 72.20000      0.08653      0.00000
 72.21000      0.08459      0.00000
 72.22000      0.08377      0.00000
 72.23000      0.08401      0.00000
 72.24000      0.08520      0.00000
 72.25000      0.08727      0.00000
 72.26000      0.09016      0.00000
 72.27000      0.09387      0.00000
 72.28000      0.09841      0.00000
 72.29000      0.10389      0.00000
 72.30000      0.11032      0.00000
 72.31000      0.11789      0.00000
 72.32000      0.12677      0.00000
 72.33000      0.13720      0.00000
 72.34000      0.14951      0.00000
 72.35000      0.16411      0.00000
 72.36000      0.18157      0.00000
 72.37000      0.20273      0.00000
 72.38000      0.22881      0.00000
 72.39000      0.26170      0.00000
 72.40000      0.30425      0.00000
 72.41000      0.36067      0.00000
 72.42000      0.43690      0.00000
 72.43000      0.54071      0.00000
 72.44000      0.68129      0.00000
 72.45000      0.86826      0.00000
 72.46000      1.10956      0.00000
 72.47000      1.40778      0.00000
 72.48000      1.75308      0.00000
 72.49000      2.11065      0.00000
 72.50000      2.40775      0.00000
 72.51000      2.54696      0.00000
 72.52000      2.46929      0.00000
 72.53000      2.20961      0.00000
 72.54000      1.86265      0.00000
 72.55000      1.51176      0.00000
 72.56000      1.20161      0.00000
 72.57000      0.94765      0.00000
 72.58000      0.74989      0.00000
 72.59000      0.60147      0.00000
 72.60000      0.49305      0.00000
 72.61000      0.41525      0.00000
 72.62000      0.35998      0.00000
 72.63000      0.32096      0.00000
 72.64000      0.29375      0.00000
 72.65000      0.27550      0.00000
 72.66000      0.26459      0.00000
 72.67000      0.26037      0.00000
 72.68000      0.26305      0.00000
 72.69000      0.27368      0.00000
 72.70000      0.29419      0.00000
 72.71000      0.32749      0.00000
 72.72000      0.37728      0.00000
 72.73000      0.44773      0.00000
 72.74000      0.54273      0.00000
 72.75000      0.66453      0.00000
 72.76000      0.81119      0.00000
 72.77000      0.97199      0.00000
 72.78000      1.12117      0.00000
 72.79000      1.21786      0.00000
 72.80000      1.22527      0.00000
 72.81000      1.13976      0.00000
 72.82000      0.99349      0.00000
 72.83000      0.82778      0.00000
 72.84000      0.67151      0.00000
 72.85000      0.53814      0.00000
 72.86000      0.43105      0.00000
 72.87000      0.34859      0.00000
 72.88000      0.28698      0.00000
 72.89000      0.24186      0.00000
 72.90000      0.20916      0.00000
 72.91000      0.18553      0.00000
 72.92000      0.16846      0.00000
 72.93000      0.15623      0.00000
 72.94000      0.14774      0.00000
 72.95000      0.14243      0.00000
 72.96000      0.14012      0.00000
 72.97000      0.14098      0.00000
 72.98000      0.14557      0.00000
 72.99000      0.15479      0.00000
 73.00000      0.16985      0.00000
 73.01000      0.19222      0.00000
 73.02000      0.22329      0.00000
 73.03000      0.26407      0.00000
 73.04000      0.31435      0.00000
 73.05000      0.37128      0.00000
 73.06000      0.42716      0.00000
 73.07000      0.46807      0.00000
 73.08000      0.47874      0.00000
 73.09000      0.45402      0.00000
 73.10000      0.40391      0.00000
 73.11000      0.34431      0.00000
 73.12000      0.28702      0.00000
 73.13000      0.23771      0.00000
 73.14000      0.19803      0.00000
 73.15000      0.16757      0.00000
 73.16000      0.14507      0.00000
 73.17000      0.12899      0.00000
 73.18000      0.11785      0.00000
 73.19000      0.11040      0.00000
 73.20000      0.10570      0.00000
 73.21000      0.10312      0.00000
 73.22000      0.10227      0.00000
 73.23000      0.10294      0.00000
 73.24000      0.10508      0.00000
 73.25000      0.10877      0.00000
 73.26000      0.11418      0.00000
 73.27000      0.12159      0.00000
 73.28000      0.13137      0.00000
 73.29000      0.14398      0.00000
 73.30000      0.16010      0.00000
 73.31000      0.18041      0.00000
 73.32000      0.20576      0.00000
 73.33000      0.23704      0.00000
 73.34000      0.27531      0.00000
 73.35000      0.32285      0.00000
 73.36000      0.38408      0.00000
 73.37000      0.46508      0.00000
 73.38000      0.57163      0.00000
 73.39000      0.70702      0.00000
 73.40000      0.86921      0.00000
 73.41000      1.04605      0.00000
 73.42000      1.20853      0.00000
 73.43000      1.31080      0.00000
 73.44000      1.31228      0.00000
 73.45000      1.21150      0.00000
 73.46000      1.04742      0.00000
 73.47000      0.86623      0.00000
 73.48000      0.69790      0.00000
 73.49000      0.55536      0.00000
 73.50000      0.44140      0.00000
 73.51000      0.35386      0.00000
 73.52000      0.28858      0.00000
 73.53000      0.24086      0.00000
 73.54000      0.20634      0.00000
 73.55000      0.18146      0.00000
 73.56000      0.16357      0.00000
 73.57000      0.15087      0.00000
 73.58000      0.14228      0.00000
 73.59000      0.13726      0.00000
 73.60000      0.13566      0.00000
 73.61000      0.13763      0.00000
 73.62000      0.14346      0.00000
 73.63000      0.15348      0.00000
 73.64000      0.16788      0.00000
 73.65000      0.18630      0.00000
 73.66000      0.20737      0.00000
 73.67000      0.22788      0.00000
 73.68000      0.24277      0.00000
 73.69000      0.24762      0.00000
 73.70000      0.24259      0.00000
 73.71000      0.23274      0.00000
 73.72000      0.22439      0.00000
 73.73000      0.22244      0.00000
 73.74000      0.23022      0.00000
 73.75000      0.25015      0.00000
 73.76000      0.28403      0.00000
 73.77000      0.33306      0.00000
 73.78000      0.39700      0.00000
 73.79000      0.47274      0.00000
 73.80000      0.55155      0.00000
 73.81000      0.61656      0.00000
 73.82000      0.64611      0.00000
 73.83000      0.62734      0.00000
 73.84000      0.56793      0.00000
 73.85000      0.48867      0.00000
 73.86000      0.40821      0.00000
 73.87000      0.33695      0.00000
 73.88000      0.27877      0.00000
 73.89000      0.23404      0.00000
 73.90000      0.20155      0.00000
 73.91000      0.17959      0.00000
 73.92000      0.16650      0.00000
 73.93000      0.16111      0.00000
 73.94000      0.16284      0.00000
 73.95000      0.17183      0.00000
 73.96000      0.18878      0.00000
 73.97000      0.21469      0.00000
 73.98000      0.25056      0.00000
 73.99000      0.29671      0.00000
 74.00000      0.35179      0.00000
 74.01000      0.41095      0.00000
 74.02000      0.46366      0.00000
 74.03000      0.49451      0.00000
 74.04000      0.49144      0.00000
 74.05000      0.45604      0.00000
 74.06000      0.40210      0.00000
 74.07000      0.34454      0.00000
 74.08000      0.29271      0.00000
 74.09000      0.25071      0.00000
 74.10000      0.21965      0.00000
 74.11000      0.19927      0.00000
 74.12000      0.18897      0.00000
 74.13000      0.18832      0.00000
 74.14000      0.19738      0.00000
 74.15000      0.21685      0.00000
 74.16000      0.24802      0.00000
 74.17000      0.29244      0.00000
 74.18000      0.35141      0.00000
 74.19000      0.42481      0.00000
 74.20000      0.50927      0.00000
 74.21000      0.59599      0.00000
 74.22000      0.67094      0.00000
 74.23000      0.72031      0.00000
 74.24000      0.73593      0.00000
 74.25000      0.71412      0.00000
 74.26000      0.65592      0.00000
 74.27000      0.57165      0.00000
 74.28000      0.47805      0.00000
 74.29000      0.38925      0.00000
 74.30000      0.31264      0.00000
 74.31000      0.25023      0.00000
 74.32000      0.20134      0.00000
 74.33000      0.16395      0.00000
 74.34000      0.13575      0.00000
 74.35000      0.11456      0.00000
 74.36000      0.09852      0.00000
 74.37000      0.08618      0.00000
 74.38000      0.07648      0.00000
 74.39000      0.06868      0.00000
 74.40000      0.06226      0.00000
 74.41000      0.05689      0.00000
 74.42000      0.05233      0.00000
 74.43000      0.04842      0.00000
 74.44000      0.04503      0.00000
 74.45000      0.04208      0.00000
 74.46000      0.03950      0.00000
 74.47000      0.03723      0.00000
 74.48000      0.03522      0.00000
 74.49000      0.03344      0.00000
 74.50000      0.03186      0.00000
 74.51000      0.03045      0.00000
 74.52000      0.02918      0.00000
 74.53000      0.02806      0.00000
 74.54000      0.02705      0.00000
 74.55000      0.02614      0.00000
 74.56000      0.02533      0.00000
 74.57000      0.02461      0.00000
 74.58000      0.02397      0.00000
 74.59000      0.02341      0.00000
 74.60000      0.02291      0.00000
 74.61000      0.02248      0.00000
 74.62000      0.02211      0.00000
 74.63000      0.02180      0.00000
 74.64000      0.02155      0.00000
 74.65000      0.02135      0.00000
 74.66000      0.02122      0.00000
 74.67000      0.02113      0.00000
 74.68000      0.02111      0.00000
 74.69000      0.02115      0.00000
 74.70000      0.02124      0.00000
 74.71000      0.02141      0.00000
 74.72000      0.02164      0.00000
 74.73000      0.02196      0.00000
 74.74000      0.02235      0.00000
 74.75000      0.02284      0.00000
 74.76000      0.02344      0.00000
 74.77000      0.02416      0.00000
 74.78000      0.02501      0.00000
 74.79000      0.02602      0.00000
 74.80000      0.02722      0.00000
 74.81000      0.02868      0.00000
 74.82000      0.03036      0.00000
 74.83000      0.03238      0.00000
 74.84000      0.03480      0.00000
 74.85000      0.03776      0.00000
 74.86000      0.04144      0.00000
 74.87000      0.04611      0.00000
 74.88000      0.05216      0.00000
 74.89000      0.06018      0.00000
 74.90000      0.07093      0.00000
 74.91000      0.08534      0.00000
 74.92000      0.10455      0.00000
 74.93000      0.12957      0.00000
 74.94000      0.16120      0.00000
 74.95000      0.19949      0.00000
 74.96000      0.24287      0.00000
 74.97000      0.28682      0.00000
 74.98000      0.32258      0.00000
 74.99000      0.33913      0.00000
 75.00000      0.33011      0.00000
 75.01000      0.29950      0.00000
 75.02000      0.25798      0.00000
 75.03000      0.21526      0.00000
 75.04000      0.17704      0.00000
 75.05000      0.14545      0.00000
 75.06000      0.12081      0.00000
 75.07000      0.10254      0.00000
 75.08000      0.08972      0.00000
 75.09000      0.08142      0.00000
 75.10000      0.07685      0.00000
 75.11000      0.07553      0.00000
 75.12000      0.07732      0.00000
 75.13000      0.08241      0.00000
 75.14000      0.09133      0.00000
 75.15000      0.10475      0.00000
 75.16000      0.12349      0.00000
 75.17000      0.14819      0.00000
 75.18000      0.17898      0.00000
 75.19000      0.21481      0.00000
 75.20000      0.25232      0.00000
 75.21000      0.28466      0.00000
 75.22000      0.30240      0.00000
 75.23000      0.29893      0.00000
 75.24000      0.27609      0.00000
 75.25000      0.24263      0.00000
 75.26000      0.20758      0.00000
 75.27000      0.17659      0.00000
 75.28000      0.15201      0.00000
 75.29000      0.13414      0.00000
 75.30000      0.12203      0.00000
 75.31000      0.11362      0.00000
 75.32000      0.10628      0.00000
 75.33000      0.09782      0.00000
 75.34000      0.08762      0.00000
 75.35000      0.07661      0.00000
 75.36000      0.06600      0.00000
 75.37000      0.05659      0.00000
 75.38000      0.04865      0.00000
 75.39000      0.04217      0.00000
 75.40000      0.03699      0.00000
 75.41000      0.03292      0.00000
 75.42000      0.02973      0.00000
 75.43000      0.02723      0.00000
 75.44000      0.02526      0.00000
 75.45000      0.02370      0.00000
 75.46000      0.02246      0.00000
 75.47000      0.02146      0.00000
 75.48000      0.02068      0.00000
 75.49000      0.02009      0.00000
 75.50000      0.01966      0.00000
 75.51000      0.01940      0.00000
 75.52000      0.01932      0.00000
 75.53000      0.01944      0.00000
 75.54000      0.01978      0.00000
 75.55000      0.02042      0.00000
 75.56000      0.02145      0.00000
 75.57000      0.02300      0.00000
 75.58000      0.02525      0.00000
 75.59000      0.02840      0.00000
 75.60000      0.03269      0.00000
 75.61000      0.03831      0.00000
 75.62000      0.04539      0.00000
 75.63000      0.05382      0.00000
 75.64000      0.06309      0.00000
 75.65000      0.07188      0.00000
 75.66000      0.07815      0.00000
 75.67000      0.07966      0.00000
 75.68000      0.07573      0.00000
 75.69000      0.06782      0.00000
 75.70000      0.05827      0.00000
 75.71000      0.04888      0.00000
 75.72000      0.04060      0.00000
 75.73000      0.03373      0.00000
 75.74000      0.02828      0.00000
 75.75000      0.02408      0.00000
 75.76000      0.02090      0.00000
 75.77000      0.01852      0.00000
 75.78000      0.01673      0.00000
 75.79000      0.01536      0.00000
 75.80000      0.01431      0.00000
 75.81000      0.01346      0.00000
 75.82000      0.01278      0.00000
 75.83000      0.01222      0.00000
 75.84000      0.01175      0.00000
 75.85000      0.01135      0.00000
 75.86000      0.01101      0.00000
 75.87000      0.01072      0.00000
 75.88000      0.01046      0.00000
 75.89000      0.01025      0.00000
 75.90000      0.01003      0.00000
 75.91000      0.00987      0.00000
 75.92000      0.00974      0.00000
 75.93000      0.00963      0.00000
 75.94000      0.00954      0.00000
 75.95000      0.00947      0.00000
 75.96000      0.00941      0.00000
 75.97000      0.00937      0.00000
 75.98000      0.00934      0.00000
 75.99000      0.00932      0.00000
 76.00000      0.00932      0.00000
 76.01000      0.00933      0.00000
 76.02000      0.00934      0.00000
 76.03000      0.00937      0.00000
 76.04000      0.00941      0.00000
 76.05000      0.00946      0.00000
 76.06000      0.00952      0.00000
 76.07000      0.00959      0.00000
 76.08000      0.00967      0.00000
 76.09000      0.00976      0.00000
 76.10000      0.00986      0.00000
 76.11000      0.00998      0.00000
 76.12000      0.01010      0.00000
 76.13000      0.01023      0.00000
 76.14000      0.01038      0.00000
 76.15000      0.01054      0.00000
 76.16000      0.01072      0.00000
 76.17000      0.01091      0.00000
 76.18000      0.01111      0.00000
 76.19000      0.01134      0.00000
 76.20000      0.01158      0.00000
 76.21000      0.01184      0.00000
 76.22000      0.01212      0.00000
 76.23000      0.01242      0.00000
 76.24000      0.01275      0.00000
 76.25000      0.01311      0.00000
 76.26000      0.01350      0.00000
 76.27000      0.01393      0.00000
 76.28000      0.01440      0.00000
 76.29000      0.01491      0.00000
 76.30000      0.01547      0.00000
 76.31000      0.01610      0.00000
 76.32000      0.01680      0.00000
 76.33000      0.01758      0.00000
 76.34000      0.01847      0.00000
 76.35000      0.01949      0.00000
 76.36000      0.02067      0.00000
 76.37000      0.02207      0.00000
 76.38000      0.02378      0.00000
 76.39000      0.02589      0.00000
 76.40000      0.02857      0.00000
 76.41000      0.03200      0.00000
 76.42000      0.03643      0.00000
 76.43000      0.04208      0.00000
 76.44000      0.04918      0.00000
 76.45000      0.05784      0.00000
 76.46000      0.06794      0.00000
 76.47000      0.07893      0.00000
 76.48000      0.08946      0.00000
 76.49000      0.09733      0.00000
 76.50000      0.10026      0.00000
 76.51000      0.09756      0.00000
 76.52000      0.09069      0.00000
 76.53000      0.08211      0.00000
 76.54000      0.07375      0.00000
 76.55000      0.06666      0.00000
 76.56000      0.06123      0.00000
 76.57000      0.05749      0.00000
 76.58000      0.05529      0.00000
 76.59000      0.05448      0.00000
 76.60000      0.05486      0.00000
 76.61000      0.05630      0.00000
 76.62000      0.05861      0.00000
 76.63000      0.06179      0.00000
 76.64000      0.06583      0.00000
 76.65000      0.07081      0.00000
 76.66000      0.07686      0.00000
 76.67000      0.08422      0.00000
 76.68000      0.09322      0.00000
 76.69000      0.10439      0.00000
 76.70000      0.11850      0.00000
 76.71000      0.13669      0.00000
 76.72000      0.16052      0.00000
 76.73000      0.19205      0.00000
 76.74000      0.23378      0.00000
 76.75000      0.28844      0.00000
 76.76000      0.35867      0.00000
 76.77000      0.44630      0.00000
 76.78000      0.55129      0.00000
 76.79000      0.66955      0.00000
 76.80000      0.78965      0.00000
 76.81000      0.89001      0.00000
 76.82000      0.94338      0.00000
 76.83000      0.93303      0.00000
 76.84000      0.86715      0.00000
 76.85000      0.77216      0.00000
 76.86000      0.67470      0.00000
 76.87000      0.59190      0.00000
 76.88000      0.53222      0.00000
 76.89000      0.49850      0.00000
 76.90000      0.49017      0.00000
 76.91000      0.50404      0.00000
 76.92000      0.53343      0.00000
 76.93000      0.56716      0.00000
 76.94000      0.59017      0.00000
 76.95000      0.58941      0.00000
 76.96000      0.56170      0.00000
 76.97000      0.51404      0.00000
 76.98000      0.45642      0.00000
 76.99000      0.39705      0.00000
 77.00000      0.34203      0.00000
 77.01000      0.29551      0.00000
 77.02000      0.25971      0.00000
 77.03000      0.23540      0.00000
 77.04000      0.22263      0.00000
 77.05000      0.22126      0.00000
 77.06000      0.23115      0.00000
 77.07000      0.25216      0.00000
 77.08000      0.28383      0.00000
 77.09000      0.32471      0.00000
 77.10000      0.37114      0.00000
 77.11000      0.41561      0.00000
 77.12000      0.44647      0.00000
 77.13000      0.45220      0.00000
 77.14000      0.42944      0.00000
 77.15000      0.38586      0.00000
 77.16000      0.33368      0.00000
 77.17000      0.28243      0.00000
 77.18000      0.23691      0.00000
 77.19000      0.19838      0.00000
 77.20000      0.16632      0.00000
 77.21000      0.13976      0.00000
 77.22000      0.11797      0.00000
 77.23000      0.10035      0.00000
 77.24000      0.08628      0.00000
 77.25000      0.07510      0.00000
 77.26000      0.06619      0.00000
 77.27000      0.05903      0.00000
 77.28000      0.05322      0.00000
 77.29000      0.04846      0.00000
 77.30000      0.04450      0.00000
 77.31000      0.04119      0.00000
 77.32000      0.03839      0.00000
 77.33000      0.03600      0.00000
 77.34000      0.03394      0.00000
 77.35000      0.03218      0.00000
 77.36000      0.03065      0.00000
 77.37000      0.02934      0.00000
 77.38000      0.02822      0.00000
 77.39000      0.02728      0.00000
 77.40000      0.02654      0.00000
 77.41000      0.02593      0.00000
 77.42000      0.02550      0.00000
 77.43000      0.02525      0.00000
 77.44000      0.02521      0.00000
 77.45000      0.02543      0.00000
 77.46000      0.02597      0.00000
 77.47000      0.02692      0.00000
 77.48000      0.02841      0.00000
 77.49000      0.03056      0.00000
 77.50000      0.03351      0.00000
 77.51000      0.03736      0.00000
 77.52000      0.04214      0.00000
 77.53000      0.04777      0.00000
 77.54000      0.05381      0.00000
 77.55000      0.05940      0.00000
 77.56000      0.06319      0.00000
 77.57000      0.06400      0.00000
 77.58000      0.06166      0.00000
 77.59000      0.05719      0.00000
 77.60000      0.05206      0.00000
 77.61000      0.04739      0.00000
 77.62000      0.04385      0.00000
 77.63000      0.04180      0.00000
 77.64000      0.04141      0.00000
 77.65000      0.04282      0.00000
 77.66000      0.04609      0.00000
 77.67000      0.05126      0.00000
 77.68000      0.05821      0.00000
 77.69000      0.06656      0.00000
 77.70000      0.07544      0.00000
 77.71000      0.08327      0.00000
 77.72000      0.08788      0.00000
 77.73000      0.08756      0.00000
 77.74000      0.08221      0.00000
 77.75000      0.07351      0.00000
 77.76000      0.06360      0.00000
 77.77000      0.05406      0.00000
 77.78000      0.04569      0.00000
 77.79000      0.03876      0.00000
 77.80000      0.03323      0.00000
 77.81000      0.02896      0.00000
 77.82000      0.02573      0.00000
 77.83000      0.02332      0.00000
 77.84000      0.02154      0.00000
 77.85000      0.02022      0.00000
 77.86000      0.01925      0.00000
 77.87000      0.01853      0.00000
 77.88000      0.01801      0.00000
 77.89000      0.01764      0.00000
 77.90000      0.01740      0.00000
 77.91000      0.01728      0.00000
 77.92000      0.01725      0.00000
 77.93000      0.01732      0.00000
 77.94000      0.01747      0.00000
 77.95000      0.01772      0.00000
 77.96000      0.01806      0.00000
 77.97000      0.01850      0.00000
 77.98000      0.01904      0.00000
 77.99000      0.01969      0.00000
 78.00000      0.02046      0.00000
 78.01000      0.02138      0.00000
 78.02000      0.02242      0.00000
 78.03000      0.02369      0.00000
 78.04000      0.02517      0.00000
 78.05000      0.02693      0.00000
 78.06000      0.02902      0.00000
 78.07000      0.03153      0.00000
 78.08000      0.03461      0.00000
 78.09000      0.03843      0.00000
 78.10000      0.04323      0.00000
 78.11000      0.04949      0.00000
 78.12000      0.05765      0.00000
 78.13000      0.06836      0.00000
 78.14000      0.08232      0.00000
 78.15000      0.10025      0.00000
 78.16000      0.12273      0.00000
 78.17000      0.15002      0.00000
 78.18000      0.18160      0.00000
 78.19000      0.21549      0.00000
 78.20000      0.24739      0.00000
 78.21000      0.27067      0.00000
 78.22000      0.27904      0.00000
 78.23000      0.27133      0.00000
 78.24000      0.25261      0.00000
 78.25000      0.23064      0.00000
 78.26000      0.21178      0.00000
 78.27000      0.19980      0.00000
 78.28000      0.19637      0.00000
 78.29000      0.20178      0.00000
 78.30000      0.21500      0.00000
 78.31000      0.23340      0.00000
 78.32000      0.25203      0.00000
 78.33000      0.26385      0.00000
 78.34000      0.26235      0.00000
 78.35000      0.24579      0.00000
 78.36000      0.21831      0.00000
 78.37000      0.18646      0.00000
 78.38000      0.15530      0.00000
 78.39000      0.12757      0.00000
 78.40000      0.10426      0.00000
 78.41000      0.08536      0.00000
 78.42000      0.07051      0.00000
 78.43000      0.05902      0.00000
 78.44000      0.05022      0.00000
 78.45000      0.04347      0.00000
 78.46000      0.03826      0.00000
 78.47000      0.03417      0.00000
 78.48000      0.03089      0.00000
 78.49000      0.02820      0.00000
 78.50000      0.02597      0.00000
 78.51000      0.02409      0.00000
 78.52000      0.02248      0.00000
 78.53000      0.02109      0.00000
 78.54000      0.01989      0.00000
 78.55000      0.01885      0.00000
 78.56000      0.01794      0.00000
 78.57000      0.01715      0.00000
 78.58000      0.01646      0.00000
 78.59000      0.01586      0.00000
 78.60000      0.01533      0.00000
 78.61000      0.01488      0.00000
 78.62000      0.01449      0.00000
 78.63000      0.01416      0.00000
 78.64000      0.01389      0.00000
 78.65000      0.01367      0.00000
 78.66000      0.01350      0.00000
 78.67000      0.01340      0.00000
 78.68000      0.01334      0.00000
 78.69000      0.01335      0.00000
 78.70000      0.01343      0.00000
 78.71000      0.01360      0.00000
 78.72000      0.01389      0.00000
 78.73000      0.01431      0.00000
 78.74000      0.01492      0.00000
 78.75000      0.01577      0.00000
 78.76000      0.01693      0.00000
 78.77000      0.01846      0.00000
 78.78000      0.02042      0.00000
 78.79000      0.02282      0.00000
 78.80000      0.02563      0.00000
 78.81000      0.02869      0.00000
 78.82000      0.03163      0.00000
 78.83000      0.03384      0.00000
 78.84000      0.03467      0.00000
 78.85000      0.03386      0.00000
 78.86000      0.03172      0.00000
 78.87000      0.02893      0.00000
 78.88000      0.02607      0.00000
 78.89000      0.02348      0.00000
 78.90000      0.02131      0.00000
 78.91000      0.01960      0.00000
 78.92000      0.01829      0.00000
 78.93000      0.01737      0.00000
 78.94000      0.01677      0.00000
 78.95000      0.01641      0.00000
 78.96000      0.01624      0.00000
 78.97000      0.01622      0.00000
 78.98000      0.01633      0.00000
 78.99000      0.01653      0.00000
 79.00000      0.01682      0.00000
 79.01000      0.01720      0.00000
 79.02000      0.01765      0.00000
 79.03000      0.01818      0.00000
 79.04000      0.01879      0.00000
 79.05000      0.01949      0.00000
 79.06000      0.02029      0.00000
 79.07000      0.02118      0.00000
 79.08000      0.02219      0.00000
 79.09000      0.02332      0.00000
 79.10000      0.02460      0.00000
 79.11000      0.02604      0.00000
 79.12000      0.02767      0.00000
 79.13000      0.02951      0.00000
 79.14000      0.03161      0.00000
 79.15000      0.03400      0.00000
 79.16000      0.03675      0.00000
 79.17000      0.03990      0.00000
 79.18000      0.04359      0.00000
 79.19000      0.04795      0.00000
 79.20000      0.05314      0.00000
 79.21000      0.05944      0.00000
 79.22000      0.06723      0.00000
 79.23000      0.07709      0.00000
 79.24000      0.08978      0.00000
 79.25000      0.10638      0.00000
 79.26000      0.12819      0.00000
 79.27000      0.15676      0.00000
 79.28000      0.19373      0.00000
 79.29000      0.24058      0.00000
 79.30000      0.29821      0.00000
 79.31000      0.36629      0.00000
 79.32000      0.44194      0.00000
 79.33000      0.51786      0.00000
 79.34000      0.58084      0.00000
 79.35000      0.61435      0.00000
 79.36000      0.60746      0.00000
 79.37000      0.56331      0.00000
 79.38000      0.49663      0.00000
 79.39000      0.42351      0.00000
 79.40000      0.35481      0.00000
 79.41000      0.29574      0.00000
 79.42000      0.24768      0.00000
 79.43000      0.20976      0.00000
 79.44000      0.17986      0.00000
 79.45000      0.15552      0.00000
 79.46000      0.13487      0.00000
 79.47000      0.11706      0.00000
 79.48000      0.10185      0.00000
 79.49000      0.08910      0.00000
 79.50000      0.07859      0.00000
 79.51000      0.07002      0.00000
 79.52000      0.06311      0.00000
 79.53000      0.05758      0.00000
 79.54000      0.05318      0.00000
 79.55000      0.04973      0.00000
 79.56000      0.04705      0.00000
 79.57000      0.04502      0.00000
 79.58000      0.04352      0.00000
 79.59000      0.04250      0.00000
 79.60000      0.04192      0.00000
 79.61000      0.04174      0.00000
 79.62000      0.04199      0.00000
 79.63000      0.04268      0.00000
 79.64000      0.04388      0.00000
 79.65000      0.04566      0.00000
 79.66000      0.04816      0.00000
 79.67000      0.05151      0.00000
 79.68000      0.05589      0.00000
 79.69000      0.06152      0.00000
 79.70000      0.06863      0.00000
 79.71000      0.07743      0.00000
 79.72000      0.08808      0.00000
 79.73000      0.10053      0.00000
 79.74000      0.11450      0.00000
 79.75000      0.12964      0.00000
 79.76000      0.14608      0.00000
 79.77000      0.16468      0.00000
 79.78000      0.18647      0.00000
 79.79000      0.21173      0.00000
 79.80000      0.23902      0.00000
 79.81000      0.26443      0.00000
 79.82000      0.28186      0.00000
 79.83000      0.28557      0.00000
 79.84000      0.27415      0.00000
 79.85000      0.25173      0.00000
 79.86000      0.22484      0.00000
 79.87000      0.19890      0.00000
 79.88000      0.17705      0.00000
 79.89000      0.16066      0.00000
 79.90000      0.15009      0.00000
 79.91000      0.14509      0.00000
 79.92000      0.14508      0.00000
 79.93000      0.14913      0.00000
 79.94000      0.15600      0.00000
 79.95000      0.16451      0.00000
 79.96000      0.17423      0.00000
 79.97000      0.18626      0.00000
 79.98000      0.20296      0.00000
 79.99000      0.22702      0.00000
 80.00000      0.26088      0.00000
 80.01000      0.30618      0.00000
 80.02000      0.36348      0.00000
 80.03000      0.43156      0.00000
 80.04000      0.50596      0.00000
 80.05000      0.57704      0.00000
 80.06000      0.62958      0.00000
 80.07000      0.64752      0.00000
 80.08000      0.62391      0.00000
 80.09000      0.56638      0.00000
 80.10000      0.49101      0.00000
 80.11000      0.41258      0.00000
 80.12000      0.34016      0.00000
 80.13000      0.27783      0.00000
 80.14000      0.22662      0.00000
 80.15000      0.18597      0.00000
 80.16000      0.15458      0.00000
 80.17000      0.13089      0.00000
 80.18000      0.11336      0.00000
 80.19000      0.10068      0.00000
 80.20000      0.09183      0.00000
 80.21000      0.08611      0.00000
 80.22000      0.08308      0.00000
 80.23000      0.08255      0.00000
 80.24000      0.08448      0.00000
 80.25000      0.08888      0.00000
 80.26000      0.09576      0.00000
 80.27000      0.10491      0.00000
 80.28000      0.11576      0.00000
 80.29000      0.12702      0.00000
 80.30000      0.13650      0.00000
 80.31000      0.14172      0.00000
 80.32000      0.14136      0.00000
 80.33000      0.13633      0.00000
 80.34000      0.12906      0.00000
 80.35000      0.12190      0.00000
 80.36000      0.11611      0.00000
 80.37000      0.11165      0.00000
 80.38000      0.10745      0.00000
 80.39000      0.10202      0.00000
 80.40000      0.09439      0.00000
 80.41000      0.08484      0.00000
 80.42000      0.07450      0.00000
 80.43000      0.06451      0.00000
 80.44000      0.05555      0.00000
 80.45000      0.04788      0.00000
 80.46000      0.04152      0.00000
 80.47000      0.03635      0.00000
 80.48000      0.03221      0.00000
 80.49000      0.02890      0.00000
 80.50000      0.02626      0.00000
 80.51000      0.02414      0.00000
 80.52000      0.02242      0.00000
 80.53000      0.02101      0.00000
 80.54000      0.01981      0.00000
 80.55000      0.01879      0.00000
 80.56000      0.01791      0.00000
 80.57000      0.01714      0.00000
 80.58000      0.01647      0.00000
 80.59000      0.01588      0.00000
 80.60000      0.01539      0.00000
 80.61000      0.01492      0.00000
 80.62000      0.01451      0.00000
 80.63000      0.01414      0.00000
 80.64000      0.01382      0.00000
 80.65000      0.01354      0.00000
 80.66000      0.01329      0.00000
 80.67000      0.01307      0.00000
 80.68000      0.01288      0.00000
 80.69000      0.01272      0.00000
 80.70000      0.01258      0.00000
 80.71000      0.01247      0.00000
 80.72000      0.01238      0.00000
 80.73000      0.01231      0.00000
 80.74000      0.01227      0.00000
 80.75000      0.01224      0.00000
 80.76000      0.01224      0.00000
 80.77000      0.01226      0.00000
 80.78000      0.01230      0.00000
 80.79000      0.01237      0.00000
 80.80000      0.01245      0.00000
 80.81000      0.01256      0.00000
 80.82000      0.01270      0.00000
 80.83000      0.01286      0.00000
 80.84000      0.01305      0.00000
 80.85000      0.01327      0.00000
 80.86000      0.01352      0.00000
 80.87000      0.01382      0.00000
 80.88000      0.01415      0.00000
 80.89000      0.01453      0.00000
 80.90000      0.01498      0.00000
 80.91000      0.01550      0.00000
 80.92000      0.01611      0.00000
 80.93000      0.01684      0.00000
 80.94000      0.01770      0.00000
 80.95000      0.01874      0.00000
 80.96000      0.01997      0.00000
 80.97000      0.02143      0.00000
 80.98000      0.02311      0.00000
 80.99000      0.02500      0.00000
 81.00000      0.02703      0.00000
 81.01000      0.02905      0.00000
 81.02000      0.03083      0.00000
 81.03000      0.03215      0.00000
 81.04000      0.03295      0.00000
 81.05000      0.03339      0.00000
 81.06000      0.03376      0.00000
 81.07000      0.03429      0.00000
 81.08000      0.03514      0.00000
 81.09000      0.03641      0.00000
 81.10000      0.03816      0.00000
 81.11000      0.04045      0.00000
 81.12000      0.04334      0.00000
 81.13000      0.04690      0.00000
 81.14000      0.05127      0.00000
 81.15000      0.05661      0.00000
 81.16000      0.06318      0.00000
 81.17000      0.07146      0.00000
 81.18000      0.08201      0.00000
 81.19000      0.09564      0.00000
 81.20000      0.11342      0.00000
 81.21000      0.13666      0.00000
 81.22000      0.16686      0.00000
 81.23000      0.20557      0.00000
 81.24000      0.25411      0.00000
 81.25000      0.31321      0.00000
 81.26000      0.38244      0.00000
 81.27000      0.45885      0.00000
 81.28000      0.53531      0.00000
 81.29000      0.59935      0.00000
 81.30000      0.63509      0.00000
 81.31000      0.63118      0.00000
 81.32000      0.58895      0.00000
 81.33000      0.52135      0.00000
 81.34000      0.44406      0.00000
 81.35000      0.36860      0.00000
 81.36000      0.30115      0.00000
 81.37000      0.24405      0.00000
 81.38000      0.19749      0.00000
 81.39000      0.16055      0.00000
 81.40000      0.13182      0.00000
 81.41000      0.10976      0.00000
 81.42000      0.09289      0.00000
 81.43000      0.07994      0.00000
 81.44000      0.06987      0.00000
 81.45000      0.06192      0.00000
 81.46000      0.05551      0.00000
 81.47000      0.05026      0.00000
 81.48000      0.04588      0.00000
 81.49000      0.04218      0.00000
 81.50000      0.03903      0.00000
 81.51000      0.03632      0.00000
 81.52000      0.03398      0.00000
 81.53000      0.03196      0.00000
 81.54000      0.03020      0.00000
 81.55000      0.02867      0.00000
 81.56000      0.02734      0.00000
 81.57000      0.02619      0.00000
 81.58000      0.02519      0.00000
 81.59000      0.02432      0.00000
 81.60000      0.02358      0.00000
 81.61000      0.02295      0.00000
 81.62000      0.02242      0.00000
 81.63000      0.02198      0.00000
 81.64000      0.02164      0.00000
 81.65000      0.02137      0.00000
 81.66000      0.02119      0.00000
 81.67000      0.02108      0.00000
 81.68000      0.02105      0.00000
 81.69000      0.02109      0.00000
 81.70000      0.02121      0.00000
 81.71000      0.02141      0.00000
 81.72000      0.02169      0.00000
 81.73000      0.02206      0.00000
 81.74000      0.02252      0.00000
 81.75000      0.02310      0.00000
 81.76000      0.02377      0.00000
 81.77000      0.02456      0.00000
 81.78000      0.02549      0.00000
 81.79000      0.02658      0.00000
 81.80000      0.02785      0.00000
 81.81000      0.02935      0.00000
 81.82000      0.03112      0.00000
 81.83000      0.03323      0.00000
 81.84000      0.03579      0.00000
 81.85000      0.03892      0.00000
 81.86000      0.04282      0.00000
 81.87000      0.04772      0.00000
 81.88000      0.05393      0.00000
 81.89000      0.06178      0.00000
 81.90000      0.07162      0.00000
 81.91000      0.08378      0.00000
 81.92000      0.09845      0.00000
 81.93000      0.11560      0.00000
 81.94000      0.13474      0.00000
 81.95000      0.15455      0.00000
 81.96000      0.17260      0.00000
 81.97000      0.18572      0.00000
 81.98000      0.19147      0.00000
 81.99000      0.19004      0.00000
 82.00000      0.18433      0.00000
 82.01000      0.17832      0.00000
 82.02000      0.17542      0.00000
 82.03000      0.17806      0.00000
 82.04000      0.18792      0.00000
 82.05000      0.20617      0.00000
 82.06000      0.23355      0.00000
 82.07000      0.27027      0.00000
 82.08000      0.31556      0.00000
 82.09000      0.36696      0.00000
 82.10000      0.41918      0.00000
 82.11000      0.46330      0.00000
 82.12000      0.48838      0.00000
 82.13000      0.48680      0.00000
 82.14000      0.45967      0.00000
 82.15000      0.41601      0.00000
 82.16000      0.36686      0.00000
 82.17000      0.32068      0.00000
 82.18000      0.28229      0.00000
 82.19000      0.25405      0.00000
 82.20000      0.23681      0.00000
 82.21000      0.23054      0.00000
 82.22000      0.23463      0.00000
 82.23000      0.24784      0.00000
 82.24000      0.26805      0.00000
 82.25000      0.29158      0.00000
 82.26000      0.31271      0.00000
 82.27000      0.32428      0.00000
 82.28000      0.32059      0.00000
 82.29000      0.30094      0.00000
 82.30000      0.26991      0.00000
 82.31000      0.23402      0.00000
 82.32000      0.19845      0.00000
 82.33000      0.16618      0.00000
 82.34000      0.13846      0.00000
 82.35000      0.11551      0.00000
 82.36000      0.09702      0.00000
 82.37000      0.08240      0.00000
 82.38000      0.07101      0.00000
 82.39000      0.06217      0.00000
 82.40000      0.05536      0.00000
 82.41000      0.05007      0.00000
 82.42000      0.04597      0.00000
 82.43000      0.04279      0.00000
 82.44000      0.04037      0.00000
 82.45000      0.03861      0.00000
 82.46000      0.03750      0.00000
 82.47000      0.03704      0.00000
 82.48000      0.03729      0.00000
 82.49000      0.03832      0.00000
 82.50000      0.04022      0.00000
 82.51000      0.04304      0.00000
 82.52000      0.04680      0.00000
 82.53000      0.05143      0.00000
 82.54000      0.05664      0.00000
 82.55000      0.06178      0.00000
 82.56000      0.06584      0.00000
 82.57000      0.06762      0.00000
 82.58000      0.06635      0.00000
 82.59000      0.06227      0.00000
 82.60000      0.05639      0.00000
 82.61000      0.04989      0.00000
 82.62000      0.04360      0.00000
 82.63000      0.03797      0.00000
 82.64000      0.03318      0.00000
 82.65000      0.02924      0.00000
 82.66000      0.02608      0.00000
 82.67000      0.02360      0.00000
 82.68000      0.02167      0.00000
 82.69000      0.02019      0.00000
 82.70000      0.01906      0.00000
 82.71000      0.01819      0.00000
 82.72000      0.01753      0.00000
 82.73000      0.01704      0.00000
 82.74000      0.01668      0.00000
 82.75000      0.01643      0.00000
 82.76000      0.01629      0.00000
 82.77000      0.01624      0.00000
 82.78000      0.01629      0.00000
 82.79000      0.01645      0.00000
 82.80000      0.01671      0.00000
 82.81000      0.01710      0.00000
 82.82000      0.01764      0.00000
 82.83000      0.01833      0.00000
 82.84000      0.01929      0.00000
 82.85000      0.02052      0.00000
 82.86000      0.02211      0.00000
 82.87000      0.02413      0.00000
 82.88000      0.02668      0.00000
 82.89000      0.02984      0.00000
 82.90000      0.03369      0.00000
 82.91000      0.03827      0.00000
 82.92000      0.04352      0.00000
 82.93000      0.04928      0.00000
 82.94000      0.05536      0.00000
 82.95000      0.06167      0.00000
 82.96000      0.06827      0.00000
 82.97000      0.07517      0.00000
 82.98000      0.08202      0.00000
 82.99000      0.08780      0.00000
 83.00000      0.09103      0.00000
 83.01000      0.09041      0.00000
 83.02000      0.08579      0.00000
 83.03000      0.07831      0.00000
 83.04000      0.06958      0.00000
 83.05000      0.06095      0.00000
 83.06000      0.05319      0.00000
 83.07000      0.04664      0.00000
 83.08000      0.04137      0.00000
 83.09000      0.03730      0.00000
 83.10000      0.03430      0.00000
 83.11000      0.03221      0.00000
 83.12000      0.03087      0.00000
 83.13000      0.03015      0.00000
 83.14000      0.02993      0.00000
 83.15000      0.03013      0.00000
 83.16000      0.03070      0.00000
 83.17000      0.03162      0.00000
 83.18000      0.03287      0.00000
 83.19000      0.03446      0.00000
 83.20000      0.03643      0.00000
 83.21000      0.03881      0.00000
 83.22000      0.04167      0.00000
 83.23000      0.04511      0.00000
 83.24000      0.04929      0.00000
 83.25000      0.05434      0.00000
 83.26000      0.06056      0.00000
 83.27000      0.06836      0.00000
 83.28000      0.07827      0.00000
 83.29000      0.09104      0.00000
 83.30000      0.10759      0.00000
 83.31000      0.12906      0.00000
 83.32000      0.15670      0.00000
 83.33000      0.19179      0.00000
 83.34000      0.23541      0.00000
 83.35000      0.28817      0.00000
 83.36000      0.34965      0.00000
 83.37000      0.41751      0.00000
 83.38000      0.48616      0.00000
 83.39000      0.54563      0.00000
 83.40000      0.58283      0.00000
 83.41000      0.58701      0.00000
 83.42000      0.55682      0.00000
 83.43000      0.50125      0.00000
 83.44000      0.43351      0.00000
 83.45000      0.36458      0.00000
 83.46000      0.30106      0.00000
 83.47000      0.24592      0.00000
 83.48000      0.19994      0.00000
 83.49000      0.16271      0.00000
 83.50000      0.13321      0.00000
 83.51000      0.11019      0.00000
 83.52000      0.09236      0.00000
 83.53000      0.07859      0.00000
 83.54000      0.06784      0.00000
 83.55000      0.05934      0.00000
 83.56000      0.05251      0.00000
 83.57000      0.04691      0.00000
 83.58000      0.04225      0.00000
 83.59000      0.03829      0.00000
 83.60000      0.03491      0.00000
 83.61000      0.03197      0.00000
 83.62000      0.02941      0.00000
 83.63000      0.02716      0.00000
 83.64000      0.02517      0.00000
 83.65000      0.02340      0.00000
 83.66000      0.02183      0.00000
 83.67000      0.02042      0.00000
 83.68000      0.01915      0.00000
 83.69000      0.01801      0.00000
 83.70000      0.01697      0.00000
 83.71000      0.01602      0.00000
 83.72000      0.01517      0.00000
 83.73000      0.01439      0.00000
 83.74000      0.01367      0.00000
 83.75000      0.01301      0.00000
 83.76000      0.01241      0.00000
 83.77000      0.01185      0.00000
 83.78000      0.01133      0.00000
 83.79000      0.01086      0.00000
 83.80000      0.01041      0.00000
 83.81000      0.01000      0.00000
 83.82000      0.00962      0.00000
 83.83000      0.00926      0.00000
 83.84000      0.00893      0.00000
 83.85000      0.00862      0.00000
 83.86000      0.00832      0.00000
 83.87000      0.00805      0.00000
 83.88000      0.00779      0.00000
 83.89000      0.00755      0.00000
 83.90000      0.00732      0.00000
 83.91000      0.00711      0.00000
 83.92000      0.00691      0.00000
 83.93000      0.00672      0.00000
 83.94000      0.00654      0.00000
 83.95000      0.00637      0.00000
 83.96000      0.00621      0.00000
 83.97000      0.00606      0.00000
 83.98000      0.00591      0.00000
 83.99000      0.00577      0.00000
 84.00000      0.00564      0.00000
 84.01000      0.00552      0.00000
 84.02000      0.00540      0.00000
 84.03000      0.00529      0.00000
 84.04000      0.00518      0.00000
 84.05000      0.00508      0.00000
 84.06000      0.00498      0.00000
 84.07000      0.00489      0.00000
 84.08000      0.00480      0.00000
 84.09000      0.00472      0.00000
 84.10000      0.00464      0.00000
 84.11000      0.00457      0.00000
 84.12000      0.00447      0.00000
 84.13000      0.00441      0.00000
 84.14000      0.00434      0.00000
 84.15000      0.00428      0.00000
 84.16000      0.00422      0.00000
 84.17000      0.00417      0.00000
 84.18000      0.00412      0.00000
 84.19000      0.00407      0.00000
 84.20000      0.00402      0.00000
 84.21000      0.00398      0.00000
 84.22000      0.00394      0.00000
 84.23000      0.00390      0.00000
 84.24000      0.00387      0.00000
 84.25000      0.00384      0.00000
 84.26000      0.00381      0.00000
 84.27000      0.00378      0.00000
 84.28000      0.00376      0.00000
 84.29000      0.00374      0.00000
 84.30000      0.00373      0.00000
 84.31000      0.00372      0.00000
 84.32000      0.00372      0.00000
 84.33000      0.00373      0.00000
 84.34000      0.00374      0.00000
 84.35000      0.00376      0.00000
 84.36000      0.00379      0.00000
 84.37000      0.00384      0.00000
 84.38000      0.00390      0.00000
 84.39000      0.00398      0.00000
 84.40000      0.00407      0.00000
 84.41000      0.00419      0.00000
 84.42000      0.00433      0.00000
 84.43000      0.00451      0.00000
 84.44000      0.00471      0.00000
 84.45000      0.00497      0.00000
 84.46000      0.00529      0.00000
 84.47000      0.00566      0.00000
 84.48000      0.00609      0.00000
 84.49000      0.00653      0.00000
 84.50000      0.00693      0.00000
 84.51000      0.00721      0.00000
 84.52000      0.00729      0.00000
 84.53000      0.00715      0.00000
 84.54000      0.00684      0.00000
 84.55000      0.00644      0.00000
 84.56000      0.00603      0.00000
 84.57000      0.00566      0.00000
 84.58000      0.00536      0.00000
 84.59000      0.00515      0.00000
 84.60000      0.00501      0.00000
 84.61000      0.00495      0.00000
 84.62000      0.00493      0.00000
 84.63000      0.00494      0.00000
 84.64000      0.00494      0.00000
 84.65000      0.00489      0.00000
 84.66000      0.00478      0.00000
 84.67000      0.00463      0.00000
 84.68000      0.00445      0.00000
 84.69000      0.00427      0.00000
 84.70000      0.00410      0.00000
 84.71000      0.00395      0.00000
 84.72000      0.00379      0.00000
 84.73000      0.00369      0.00000
 84.74000      0.00361      0.00000
 84.75000      0.00355      0.00000
 84.76000      0.00351      0.00000
 84.77000      0.00348      0.00000
 84.78000      0.00346      0.00000
 84.79000      0.00345      0.00000
 84.80000      0.00344      0.00000
 84.81000      0.00345      0.00000
 84.82000      0.00345      0.00000
 84.83000      0.00346      0.00000
 84.84000      0.00347      0.00000
 84.85000      0.00349      0.00000
 84.86000      0.00351      0.00000
 84.87000      0.00353      0.00000
 84.88000      0.00355      0.00000
 84.89000      0.00358      0.00000
 84.90000      0.00361      0.00000
 84.91000      0.00364      0.00000
 84.92000      0.00368      0.00000
 84.93000      0.00372      0.00000
 84.94000      0.00376      0.00000
 84.95000      0.00380      0.00000
 84.96000      0.00385      0.00000
 84.97000      0.00391      0.00000
 84.98000      0.00397      0.00000
 84.99000      0.00403      0.00000
 85.00000      0.00411      0.00000
 85.01000      0.00419      0.00000
 85.02000      0.00429      0.00000
 85.03000      0.00439      0.00000
 85.04000      0.00451      0.00000
 85.05000      0.00466      0.00000
 85.06000      0.00481      0.00000
 85.07000      0.00498      0.00000
 85.08000      0.00515      0.00000
 85.09000      0.00533      0.00000
 85.10000      0.00548      0.00000
 85.11000      0.00559      0.00000
 85.12000      0.00567      0.00000
 85.13000      0.00570      0.00000
 85.14000      0.00572      0.00000
 85.15000      0.00574      0.00000
 85.16000      0.00577      0.00000
 85.17000      0.00581      0.00000
 85.18000      0.00587      0.00000
 85.19000      0.00595      0.00000
 85.20000      0.00606      0.00000
 85.21000      0.00618      0.00000
 85.22000      0.00632      0.00000
 85.23000      0.00648      0.00000
 85.24000      0.00665      0.00000
 85.25000      0.00684      0.00000
 85.26000      0.00705      0.00000
 85.27000      0.00728      0.00000
 85.28000      0.00752      0.00000
 85.29000      0.00779      0.00000
 85.30000      0.00807      0.00000
 85.31000      0.00838      0.00000
 85.32000      0.00872      0.00000
 85.33000      0.00908      0.00000
 85.34000      0.00948      0.00000
 85.35000      0.00991      0.00000
 85.36000      0.01038      0.00000
 85.37000      0.01089      0.00000
 85.38000      0.01145      0.00000
 85.39000      0.01208      0.00000
 85.40000      0.01276      0.00000
 85.41000      0.01352      0.00000
 85.42000      0.01436      0.00000
 85.43000      0.01533      0.00000
 85.44000      0.01639      0.00000
 85.45000      0.01758      0.00000
 85.46000      0.01894      0.00000
 85.47000      0.02049      0.00000
 85.48000      0.02229      0.00000
 85.49000      0.02439      0.00000
 85.50000      0.02689      0.00000
 85.51000      0.02990      0.00000
 85.52000      0.03360      0.00000
 85.53000      0.03822      0.00000
 85.54000      0.04406      0.00000
 85.55000      0.05148      0.00000
 85.56000      0.06091      0.00000
 85.57000      0.07281      0.00000
 85.58000      0.08765      0.00000
 85.59000      0.10579      0.00000
 85.60000      0.12739      0.00000
 85.61000      0.15225      0.00000
 85.62000      0.17943      0.00000
 85.63000      0.20685      0.00000
 85.64000      0.23086      0.00000
 85.65000      0.24690      0.00000
 85.66000      0.25108      0.00000
 85.67000      0.24274      0.00000
 85.68000      0.22492      0.00000
 85.69000      0.20247      0.00000
 85.70000      0.17975      0.00000
 85.71000      0.15963      0.00000
 85.72000      0.14364      0.00000
 85.73000      0.13236      0.00000
 85.74000      0.12577      0.00000
 85.75000      0.12342      0.00000
 85.76000      0.12435      0.00000
 85.77000      0.12708      0.00000
 85.78000      0.12955      0.00000
 85.79000      0.12951      0.00000
 85.80000      0.12541      0.00000
 85.81000      0.11718      0.00000
 85.82000      0.10608      0.00000
 85.83000      0.09385      0.00000
 85.84000      0.08187      0.00000
 85.85000      0.07099      0.00000
 85.86000      0.06157      0.00000
 85.87000      0.05371      0.00000
 85.88000      0.04732      0.00000
 85.89000      0.04225      0.00000
 85.90000      0.03832      0.00000
 85.91000      0.03534      0.00000
 85.92000      0.03313      0.00000
 85.93000      0.03155      0.00000
 85.94000      0.03048      0.00000
 85.95000      0.02983      0.00000
 85.96000      0.02955      0.00000
 85.97000      0.02961      0.00000
 85.98000      0.03002      0.00000
 85.99000      0.03080      0.00000
 86.00000      0.03199      0.00000
 86.01000      0.03367      0.00000
 86.02000      0.03596      0.00000
 86.03000      0.03900      0.00000
 86.04000      0.04297      0.00000
 86.05000      0.04808      0.00000
 86.06000      0.05454      0.00000
 86.07000      0.06252      0.00000
 86.08000      0.07216      0.00000
 86.09000      0.08342      0.00000
 86.10000      0.09605      0.00000
 86.11000      0.10933      0.00000
 86.12000      0.12198      0.00000
 86.13000      0.13218      0.00000
 86.14000      0.13816      0.00000
 86.15000      0.13898      0.00000
 86.16000      0.13504      0.00000
 86.17000      0.12780      0.00000
 86.18000      0.11910      0.00000
 86.19000      0.11064      0.00000
 86.20000      0.10367      0.00000
 86.21000      0.09901      0.00000
 86.22000      0.09720      0.00000
 86.23000      0.09868      0.00000
 86.24000      0.10386      0.00000
 86.25000      0.11321      0.00000
 86.26000      0.12728      0.00000
 86.27000      0.14663      0.00000
 86.28000      0.17181      0.00000
 86.29000      0.20311      0.00000
 86.30000      0.24042      0.00000
 86.31000      0.28280      0.00000
 86.32000      0.32806      0.00000
 86.33000      0.37224      0.00000
 86.34000      0.40923      0.00000
 86.35000      0.43162      0.00000
 86.36000      0.43333      0.00000
 86.37000      0.41332      0.00000
 86.38000      0.37645      0.00000
 86.39000      0.33057      0.00000
 86.40000      0.28277      0.00000
 86.41000      0.23769      0.00000
 86.42000      0.19771      0.00000
 86.43000      0.16366      0.00000
 86.44000      0.13550      0.00000
 86.45000      0.11272      0.00000
 86.46000      0.09461      0.00000
 86.47000      0.08036      0.00000
 86.48000      0.06920      0.00000
 86.49000      0.06045      0.00000
 86.50000      0.05353      0.00000
 86.51000      0.04801      0.00000
 86.52000      0.04352      0.00000
 86.53000      0.03983      0.00000
 86.54000      0.03674      0.00000
 86.55000      0.03415      0.00000
 86.56000      0.03194      0.00000
 86.57000      0.03004      0.00000
 86.58000      0.02842      0.00000
 86.59000      0.02702      0.00000
 86.60000      0.02583      0.00000
 86.61000      0.02482      0.00000
 86.62000      0.02398      0.00000
 86.63000      0.02329      0.00000
 86.64000      0.02274      0.00000
 86.65000      0.02234      0.00000
 86.66000      0.02208      0.00000
 86.67000      0.02198      0.00000
 86.68000      0.02204      0.00000
 86.69000      0.02229      0.00000
 86.70000      0.02272      0.00000
 86.71000      0.02337      0.00000
 86.72000      0.02423      0.00000
 86.73000      0.02532      0.00000
 86.74000      0.02662      0.00000
 86.75000      0.02807      0.00000
 86.76000      0.02956      0.00000
 86.77000      0.03093      0.00000
 86.78000      0.03205      0.00000
 86.79000      0.03283      0.00000
 86.80000      0.03334      0.00000
 86.81000      0.03376      0.00000
 86.82000      0.03434      0.00000
 86.83000      0.03529      0.00000
 86.84000      0.03679      0.00000
 86.85000      0.03903      0.00000
 86.86000      0.04220      0.00000
 86.87000      0.04653      0.00000
 86.88000      0.05227      0.00000
 86.89000      0.05971      0.00000
 86.90000      0.06916      0.00000
 86.91000      0.08088      0.00000
 86.92000      0.09507      0.00000
 86.93000      0.11178      0.00000
 86.94000      0.13071      0.00000
 86.95000      0.15102      0.00000
 86.96000      0.17104      0.00000
 86.97000      0.18828      0.00000
 86.98000      0.20008      0.00000
 86.99000      0.20508      0.00000
 87.00000      0.20421      0.00000
 87.01000      0.20015      0.00000
 87.02000      0.19590      0.00000
 87.03000      0.19352      0.00000
 87.04000      0.19368      0.00000
 87.05000      0.19563      0.00000
 87.06000      0.19731      0.00000
 87.07000      0.19591      0.00000
 87.08000      0.18910      0.00000
 87.09000      0.17635      0.00000
 87.10000      0.15916      0.00000
 87.11000      0.13994      0.00000
 87.12000      0.12092      0.00000
 87.13000      0.10341      0.00000
 87.14000      0.08808      0.00000
 87.15000      0.07508      0.00000
 87.16000      0.06431      0.00000
 87.17000      0.05561      0.00000
 87.18000      0.04866      0.00000
 87.19000      0.04318      0.00000
 87.20000      0.03889      0.00000
 87.21000      0.03553      0.00000
 87.22000      0.03291      0.00000
 87.23000      0.03085      0.00000
 87.24000      0.02925      0.00000
 87.25000      0.02799      0.00000
 87.26000      0.02703      0.00000
 87.27000      0.02631      0.00000
 87.28000      0.02581      0.00000
 87.29000      0.02550      0.00000
 87.30000      0.02536      0.00000
 87.31000      0.02540      0.00000
 87.32000      0.02560      0.00000
 87.33000      0.02598      0.00000
 87.34000      0.02652      0.00000
 87.35000      0.02726      0.00000
 87.36000      0.02819      0.00000
 87.37000      0.02933      0.00000
 87.38000      0.03073      0.00000
 87.39000      0.03240      0.00000
 87.40000      0.03440      0.00000
 87.41000      0.03679      0.00000
 87.42000      0.03965      0.00000
 87.43000      0.04312      0.00000
 87.44000      0.04736      0.00000
 87.45000      0.05262      0.00000
 87.46000      0.05920      0.00000
 87.47000      0.06754      0.00000
 87.48000      0.07817      0.00000
 87.49000      0.09174      0.00000
 87.50000      0.10896      0.00000
 87.51000      0.13062      0.00000
 87.52000      0.15741      0.00000
 87.53000      0.18988      0.00000
 87.54000      0.22818      0.00000
 87.55000      0.27173      0.00000
 87.56000      0.31871      0.00000
 87.57000      0.36540      0.00000
 87.58000      0.40580      0.00000
 87.59000      0.43244      0.00000
 87.60000      0.43900      0.00000
 87.61000      0.42366      0.00000
 87.62000      0.39025      0.00000
 87.63000      0.34603      0.00000
 87.64000      0.29824      0.00000
 87.65000      0.25200      0.00000
 87.66000      0.21021      0.00000
 87.67000      0.17405      0.00000
 87.68000      0.14375      0.00000
 87.69000      0.11894      0.00000
 87.70000      0.09899      0.00000
 87.71000      0.08315      0.00000
 87.72000      0.07065      0.00000
 87.73000      0.06080      0.00000
 87.74000      0.05300      0.00000
 87.75000      0.04674      0.00000
 87.76000      0.04166      0.00000
 87.77000      0.03746      0.00000
 87.78000      0.03394      0.00000
 87.79000      0.03094      0.00000
 87.80000      0.02835      0.00000
 87.81000      0.02610      0.00000
 87.82000      0.02413      0.00000
 87.83000      0.02238      0.00000
 87.84000      0.02084      0.00000
 87.85000      0.01945      0.00000
 87.86000      0.01821      0.00000
 87.87000      0.01710      0.00000
 87.88000      0.01609      0.00000
 87.89000      0.01518      0.00000
 87.90000      0.01435      0.00000
 87.91000      0.01359      0.00000
 87.92000      0.01290      0.00000
 87.93000      0.01227      0.00000
 87.94000      0.01169      0.00000
 87.95000      0.01115      0.00000
 87.96000      0.01066      0.00000
 87.97000      0.01020      0.00000
 87.98000      0.00978      0.00000
 87.99000      0.00938      0.00000
 88.00000      0.00902      0.00000
 88.01000      0.00869      0.00000
 88.02000      0.00837      0.00000
 88.03000      0.00808      0.00000
 88.04000      0.00783      0.00000
 88.05000      0.00756      0.00000
 88.06000      0.00732      0.00000
 88.07000      0.00709      0.00000
 88.08000      0.00690      0.00000
 88.09000      0.00669      0.00000
 88.10000      0.00650      0.00000
 88.11000      0.00632      0.00000
 88.12000      0.00615      0.00000
 88.13000      0.00599      0.00000
 88.14000      0.00583      0.00000
 88.15000      0.00569      0.00000
 88.16000      0.00555      0.00000
 88.17000      0.00542      0.00000
 88.18000      0.00529      0.00000
 88.19000      0.00517      0.00000
 88.20000      0.00506      0.00000
 88.21000      0.00495      0.00000
 88.22000      0.00487      0.00000
 88.23000      0.00477      0.00000
 88.24000      0.00468      0.00000
 88.25000      0.00459      0.00000
 88.26000      0.00450      0.00000
 88.27000      0.00442      0.00000
 88.28000      0.00435      0.00000
 88.29000      0.00427      0.00000
 88.30000      0.00420      0.00000
 88.31000      0.00413      0.00000
 88.32000      0.00407      0.00000
 88.33000      0.00401      0.00000
 88.34000      0.00395      0.00000
 88.35000      0.00389      0.00000
 88.36000      0.00384      0.00000
 88.37000      0.00378      0.00000
 88.38000      0.00373      0.00000
 88.39000      0.00369      0.00000
 88.40000      0.00364      0.00000
 88.41000      0.00360      0.00000
 88.42000      0.00355      0.00000
 88.43000      0.00352      0.00000
 88.44000      0.00348      0.00000
 88.45000      0.00344      0.00000
 88.46000      0.00341      0.00000
 88.47000      0.00337      0.00000
 88.48000      0.00334      0.00000
 88.49000      0.00331      0.00000
 88.50000      0.00328      0.00000
 88.51000      0.00325      0.00000
 88.52000      0.00323      0.00000
 88.53000      0.00320      0.00000
 88.54000      0.00318      0.00000
 88.55000      0.00315      0.00000
 88.56000      0.00313      0.00000
 88.57000      0.00311      0.00000
 88.58000      0.00309      0.00000
 88.59000      0.00307      0.00000
 88.60000      0.00305      0.00000
 88.61000      0.00304      0.00000
 88.62000      0.00302      0.00000
 88.63000      0.00301      0.00000
 88.64000      0.00299      0.00000
 88.65000      0.00298      0.00000
 88.66000      0.00297      0.00000
 88.67000      0.00296      0.00000
 88.68000      0.00295      0.00000
 88.69000      0.00294      0.00000
 88.70000      0.00293      0.00000
 88.71000      0.00292      0.00000
 88.72000      0.00292      0.00000
 88.73000      0.00291      0.00000
 88.74000      0.00291      0.00000
 88.75000      0.00291      0.00000
 88.76000      0.00291      0.00000
 88.77000      0.00290      0.00000
 88.78000      0.00290      0.00000
 88.79000      0.00291      0.00000
 88.80000      0.00291      0.00000
 88.81000      0.00291      0.00000
 88.82000      0.00292      0.00000
 88.83000      0.00292      0.00000
 88.84000      0.00293      0.00000
 88.85000      0.00294      0.00000
 88.86000      0.00295      0.00000
 88.87000      0.00296      0.00000
 88.88000      0.00297      0.00000
 88.89000      0.00299      0.00000
 88.90000      0.00300      0.00000
 88.91000      0.00302      0.00000
 88.92000      0.00304      0.00000
 88.93000      0.00307      0.00000
 88.94000      0.00309      0.00000
 88.95000      0.00312      0.00000
 88.96000      0.00315      0.00000
 88.97000      0.00318      0.00000
 88.98000      0.00322      0.00000
 88.99000      0.00326      0.00000
 89.00000      0.00330      0.00000
 89.01000      0.00335      0.00000
 89.02000      0.00340      0.00000
 89.03000      0.00346      0.00000
 89.04000      0.00352      0.00000
 89.05000      0.00359      0.00000
 89.06000      0.00367      0.00000
 89.07000      0.00379      0.00000
 89.08000      0.00389      0.00000
 89.09000      0.00400      0.00000
 89.10000      0.00412      0.00000
 89.11000      0.00426      0.00000
 89.12000      0.00444      0.00000
 89.13000      0.00462      0.00000
 89.14000      0.00483      0.00000
 89.15000      0.00508      0.00000
 89.16000      0.00537      0.00000
 89.17000      0.00572      0.00000
 89.18000      0.00615      0.00000
 89.19000      0.00669      0.00000
 89.20000      0.00735      0.00000
 89.21000      0.00819      0.00000
 89.22000      0.00925      0.00000
 89.23000      0.01057      0.00000
 89.24000      0.01221      0.00000
 89.25000      0.01419      0.00000
 89.26000      0.01655      0.00000
 89.27000      0.01928      0.00000
 89.28000      0.02232      0.00000
 89.29000      0.02551      0.00000
 89.30000      0.02856      0.00000
 89.31000      0.03104      0.00000
 89.32000      0.03245      0.00000
 89.33000      0.03242      0.00000
 89.34000      0.03101      0.00000
 89.35000      0.02854      0.00000
 89.36000      0.02551      0.00000
 89.37000      0.02235      0.00000
 89.38000      0.01935      0.00000
 89.39000      0.01666      0.00000
 89.40000      0.01435      0.00000
 89.41000      0.01241      0.00000
 89.42000      0.01082      0.00000
 89.43000      0.00954      0.00000
 89.44000      0.00853      0.00000
 89.45000      0.00773      0.00000
 89.46000      0.00710      0.00000
 89.47000      0.00661      0.00000
 89.48000      0.00622      0.00000
 89.49000      0.00591      0.00000
 89.50000      0.00565      0.00000
 89.51000      0.00545      0.00000
 89.52000      0.00527      0.00000
 89.53000      0.00513      0.00000
 89.54000      0.00501      0.00000
 89.55000      0.00491      0.00000
 89.56000      0.00483      0.00000
 89.57000      0.00476      0.00000
 89.58000      0.00471      0.00000
 89.59000      0.00467      0.00000
 89.60000      0.00463      0.00000
 89.61000      0.00460      0.00000
 89.62000      0.00459      0.00000
 89.63000      0.00457      0.00000
 89.64000      0.00457      0.00000
 89.65000      0.00457      0.00000
 89.66000      0.00457      0.00000
 89.67000      0.00458      0.00000
 89.68000      0.00460      0.00000
 89.69000      0.00462      0.00000
 89.70000      0.00464      0.00000
 89.71000      0.00467      0.00000
 89.72000      0.00470      0.00000
 89.73000      0.00474      0.00000
 89.74000      0.00478      0.00000
 89.75000      0.00483      0.00000
 89.76000      0.00488      0.00000
 89.77000      0.00493      0.00000
 89.78000      0.00499      0.00000
 89.79000      0.00505      0.00000
 89.80000      0.00512      0.00000
 89.81000      0.00519      0.00000
 89.82000      0.00527      0.00000
 89.83000      0.00535      0.00000
 89.84000      0.00544      0.00000
 89.85000      0.00554      0.00000
 89.86000      0.00564      0.00000
 89.87000      0.00575      0.00000
 89.88000      0.00586      0.00000
 89.89000      0.00600      0.00000
 89.90000      0.00613      0.00000
 89.91000      0.00628      0.00000
 89.92000      0.00643      0.00000
 89.93000      0.00660      0.00000
 89.94000      0.00678      0.00000
 89.95000      0.00698      0.00000
 89.96000      0.00720      0.00000
 89.97000      0.00744      0.00000
 89.98000      0.00771      0.00000
 89.99000      0.00802      0.00000
 90.00000      0.00836      0.00000
 90.01000      0.00875      0.00000
 90.02000      0.00922      0.00000
 90.03000      0.00976      0.00000
 90.04000      0.01043      0.00000
 90.05000      0.01123      0.00000
 90.06000      0.01221      0.00000
 90.07000      0.01342      0.00000
 90.08000      0.01490      0.00000
 90.09000      0.01668      0.00000
 90.10000      0.01881      0.00000
 90.11000      0.02129      0.00000
 90.12000      0.02411      0.00000
 90.13000      0.02718      0.00000
 90.14000      0.03033      0.00000
 90.15000      0.03326      0.00000
 90.16000      0.03553      0.00000
 90.17000      0.03671      0.00000
 90.18000      0.03658      0.00000
 90.19000      0.03521      0.00000
 90.20000      0.03299      0.00000
 90.21000      0.03036      0.00000
 90.22000      0.02769      0.00000
 90.23000      0.02525      0.00000
 90.24000      0.02310      0.00000
 90.25000      0.02133      0.00000
 90.26000      0.01992      0.00000
 90.27000      0.01885      0.00000
 90.28000      0.01809      0.00000
 90.29000      0.01761      0.00000
 90.30000      0.01735      0.00000
 90.31000      0.01729      0.00000
 90.32000      0.01740      0.00000
 90.33000      0.01765      0.00000
 90.34000      0.01803      0.00000
 90.35000      0.01854      0.00000
 90.36000      0.01916      0.00000
 90.37000      0.01992      0.00000
 90.38000      0.02082      0.00000
 90.39000      0.02188      0.00000
 90.40000      0.02314      0.00000
 90.41000      0.02465      0.00000
 90.42000      0.02647      0.00000
 90.43000      0.02868      0.00000
 90.44000      0.03138      0.00000
 90.45000      0.03467      0.00000
 90.46000      0.03874      0.00000
 90.47000      0.04371      0.00000
 90.48000      0.04970      0.00000
 90.49000      0.05684      0.00000
 90.50000      0.06516      0.00000
 90.51000      0.07461      0.00000
 90.52000      0.08494      0.00000
 90.53000      0.09559      0.00000
 90.54000      0.10561      0.00000
 90.55000      0.11366      0.00000
 90.56000      0.11835      0.00000
 90.57000      0.11890      0.00000
 90.58000      0.11559      0.00000
 90.59000      0.10959      0.00000
 90.60000      0.10234      0.00000
 90.61000      0.09512      0.00000
 90.62000      0.08872      0.00000
 90.63000      0.08360      0.00000
 90.64000      0.07998      0.00000
 90.65000      0.07797      0.00000
 90.66000      0.07760      0.00000
 90.67000      0.07891      0.00000
 90.68000      0.08198      0.00000
 90.69000      0.08696      0.00000
 90.70000      0.09410      0.00000
 90.71000      0.10380      0.00000
 90.72000      0.11658      0.00000
 90.73000      0.13305      0.00000
 90.74000      0.15400      0.00000
 90.75000      0.18022      0.00000
 90.76000      0.21251      0.00000
 90.77000      0.25149      0.00000
 90.78000      0.29746      0.00000
 90.79000      0.35009      0.00000
 90.80000      0.40797      0.00000
 90.81000      0.46797      0.00000
 90.82000      0.52452      0.00000
 90.83000      0.56976      0.00000
 90.84000      0.59540      0.00000
 90.85000      0.59637      0.00000
 90.86000      0.57384      0.00000
 90.87000      0.53460      0.00000
 90.88000      0.48762      0.00000
 90.89000      0.44066      0.00000
 90.90000      0.39897      0.00000
 90.91000      0.36539      0.00000
 90.92000      0.34103      0.00000
 90.93000      0.32574      0.00000
 90.94000      0.31827      0.00000
 90.95000      0.31630      0.00000
 90.96000      0.31638      0.00000
 90.97000      0.31435      0.00000
 90.98000      0.30650      0.00000
 90.99000      0.29110      0.00000
 91.00000      0.26899      0.00000
 91.01000      0.24282      0.00000
 91.02000      0.21554      0.00000
 91.03000      0.18943      0.00000
 91.04000      0.16583      0.00000
 91.05000      0.14539      0.00000
 91.06000      0.12829      0.00000
 91.07000      0.11445      0.00000
 91.08000      0.10365      0.00000
 91.09000      0.09554      0.00000
 91.10000      0.08974      0.00000
 91.11000      0.08586      0.00000
 91.12000      0.08340      0.00000
 91.13000      0.08185      0.00000
 91.14000      0.08068      0.00000
 91.15000      0.07946      0.00000
 91.16000      0.07800      0.00000
 91.17000      0.07635      0.00000
 91.18000      0.07463      0.00000
 91.19000      0.07291      0.00000
 91.20000      0.07103      0.00000
 91.21000      0.06875      0.00000
 91.22000      0.06589      0.00000
 91.23000      0.06243      0.00000
 91.24000      0.05859      0.00000
 91.25000      0.05469      0.00000
 91.26000      0.05101      0.00000
 91.27000      0.04771      0.00000
 91.28000      0.04488      0.00000
 91.29000      0.04254      0.00000
 91.30000      0.04068      0.00000
 91.31000      0.03926      0.00000
 91.32000      0.03825      0.00000
 91.33000      0.03761      0.00000
 91.34000      0.03730      0.00000
 91.35000      0.03730      0.00000
 91.36000      0.03758      0.00000
 91.37000      0.03813      0.00000
 91.38000      0.03897      0.00000
 91.39000      0.04010      0.00000
 91.40000      0.04154      0.00000
 91.41000      0.04335      0.00000
 91.42000      0.04560      0.00000
 91.43000      0.04838      0.00000
 91.44000      0.05184      0.00000
 91.45000      0.05616      0.00000
 91.46000      0.06158      0.00000
 91.47000      0.06839      0.00000
 91.48000      0.07695      0.00000
 91.49000      0.08766      0.00000
 91.50000      0.10093      0.00000
 91.51000      0.11717      0.00000
 91.52000      0.13671      0.00000
 91.53000      0.15973      0.00000
 91.54000      0.18610      0.00000
 91.55000      0.21520      0.00000
 91.56000      0.24561      0.00000
 91.57000      0.27476      0.00000
 91.58000      0.29895      0.00000
 91.59000      0.31402      0.00000
 91.60000      0.31687      0.00000
 91.61000      0.30701      0.00000
 91.62000      0.28684      0.00000
 91.63000      0.26036      0.00000
 91.64000      0.23154      0.00000
 91.65000      0.20337      0.00000
 91.66000      0.17762      0.00000
 91.67000      0.15517      0.00000
 91.68000      0.13631      0.00000
 91.69000      0.12095      0.00000
 91.70000      0.10884      0.00000
 91.71000      0.09962      0.00000
 91.72000      0.09287      0.00000
 91.73000      0.08828      0.00000
 91.74000      0.08552      0.00000
 91.75000      0.08433      0.00000
 91.76000      0.08453      0.00000
 91.77000      0.08604      0.00000
 91.78000      0.08887      0.00000
 91.79000      0.09311      0.00000
 91.80000      0.09896      0.00000
 91.81000      0.10676      0.00000
 91.82000      0.11695      0.00000
 91.83000      0.13013      0.00000
 91.84000      0.14699      0.00000
 91.85000      0.16839      0.00000
 91.86000      0.19520      0.00000
 91.87000      0.22832      0.00000
 91.88000      0.26853      0.00000
 91.89000      0.31630      0.00000
 91.90000      0.37160      0.00000
 91.91000      0.43350      0.00000
 91.92000      0.49950      0.00000
 91.93000      0.56481      0.00000
 91.94000      0.62194      0.00000
 91.95000      0.66154      0.00000
 91.96000      0.67540      0.00000
 91.97000      0.66048      0.00000
 91.98000      0.62064      0.00000
 91.99000      0.56448      0.00000
 92.00000      0.50134      0.00000
 92.01000      0.43852      0.00000
 92.02000      0.38066      0.00000
 92.03000      0.33018      0.00000
 92.04000      0.28810      0.00000
 92.05000      0.25462      0.00000
 92.06000      0.22948      0.00000
 92.07000      0.21219      0.00000
 92.08000      0.20218      0.00000
 92.09000      0.19889      0.00000
 92.10000      0.20173      0.00000
 92.11000      0.21009      0.00000
 92.12000      0.22321      0.00000
 92.13000      0.24003      0.00000
 92.14000      0.25911      0.00000
 92.15000      0.27863      0.00000
 92.16000      0.29666      0.00000
 92.17000      0.31138      0.00000
 92.18000      0.32094      0.00000
 92.19000      0.32342      0.00000
 92.20000      0.31723      0.00000
 92.21000      0.30209      0.00000
 92.22000      0.27959      0.00000
 92.23000      0.25266      0.00000
 92.24000      0.22436      0.00000
 92.25000      0.19709      0.00000
 92.26000      0.17233      0.00000
 92.27000      0.15081      0.00000
 92.28000      0.13278      0.00000
 92.29000      0.11819      0.00000
 92.30000      0.10685      0.00000
 92.31000      0.09850      0.00000
 92.32000      0.09285      0.00000
 92.33000      0.08962      0.00000
 92.34000      0.08853      0.00000
 92.35000      0.08932      0.00000
 92.36000      0.09168      0.00000
 92.37000      0.09520      0.00000
 92.38000      0.09931      0.00000
 92.39000      0.10321      0.00000
 92.40000      0.10594      0.00000
 92.41000      0.10668      0.00000
 92.42000      0.10508      0.00000
 92.43000      0.10144      0.00000
 92.44000      0.09655      0.00000
 92.45000      0.09126      0.00000
 92.46000      0.08618      0.00000
 92.47000      0.08164      0.00000
 92.48000      0.07762      0.00000
 92.49000      0.07396      0.00000
 92.50000      0.07045      0.00000
 92.51000      0.06697      0.00000
 92.52000      0.06361      0.00000
 92.53000      0.06059      0.00000
 92.54000      0.05815      0.00000
 92.55000      0.05651      0.00000
 92.56000      0.05581      0.00000
 92.57000      0.05619      0.00000
 92.58000      0.05780      0.00000
 92.59000      0.06075      0.00000
 92.60000      0.06518      0.00000
 92.61000      0.07119      0.00000
 92.62000      0.07887      0.00000
 92.63000      0.08825      0.00000
 92.64000      0.09921      0.00000
 92.65000      0.11144      0.00000
 92.66000      0.12426      0.00000
 92.67000      0.13657      0.00000
 92.68000      0.14687      0.00000
 92.69000      0.15372      0.00000
 92.70000      0.15636      0.00000
 92.71000      0.15516      0.00000
 92.72000      0.15135      0.00000
 92.73000      0.14648      0.00000
 92.74000      0.14157      0.00000
 92.75000      0.13699      0.00000
 92.76000      0.13238      0.00000
 92.77000      0.12699      0.00000
 92.78000      0.12006      0.00000
 92.79000      0.11133      0.00000
 92.80000      0.10123      0.00000
 92.81000      0.09048      0.00000
 92.82000      0.07991      0.00000
 92.83000      0.07007      0.00000
 92.84000      0.06127      0.00000
 92.85000      0.05360      0.00000
 92.86000      0.04706      0.00000
 92.87000      0.04155      0.00000
 92.88000      0.03696      0.00000
 92.89000      0.03317      0.00000
 92.90000      0.03005      0.00000
 92.91000      0.02748      0.00000
 92.92000      0.02536      0.00000
 92.93000      0.02360      0.00000
 92.94000      0.02212      0.00000
 92.95000      0.02087      0.00000
 92.96000      0.01980      0.00000
 92.97000      0.01887      0.00000
 92.98000      0.01806      0.00000
 92.99000      0.01735      0.00000
 93.00000      0.01672      0.00000
 93.01000      0.01615      0.00000
 93.02000      0.01565      0.00000
 93.03000      0.01521      0.00000
 93.04000      0.01480      0.00000
 93.05000      0.01444      0.00000
 93.06000      0.01412      0.00000
 93.07000      0.01383      0.00000
 93.08000      0.01358      0.00000
 93.09000      0.01335      0.00000
 93.10000      0.01314      0.00000
 93.11000      0.01296      0.00000
 93.12000      0.01281      0.00000
 93.13000      0.01267      0.00000
 93.14000      0.01255      0.00000
 93.15000      0.01245      0.00000
 93.16000      0.01237      0.00000
 93.17000      0.01231      0.00000
 93.18000      0.01226      0.00000
 93.19000      0.01222      0.00000
 93.20000      0.01220      0.00000
 93.21000      0.01220      0.00000
 93.22000      0.01221      0.00000
 93.23000      0.01223      0.00000
 93.24000      0.01227      0.00000
 93.25000      0.01233      0.00000
 93.26000      0.01239      0.00000
 93.27000      0.01248      0.00000
 93.28000      0.01257      0.00000
 93.29000      0.01269      0.00000
 93.30000      0.01282      0.00000
 93.31000      0.01296      0.00000
 93.32000      0.01312      0.00000
 93.33000      0.01333      0.00000
 93.34000      0.01353      0.00000
 93.35000      0.01374      0.00000
 93.36000      0.01398      0.00000
 93.37000      0.01424      0.00000
 93.38000      0.01453      0.00000
 93.39000      0.01484      0.00000
 93.40000      0.01518      0.00000
 93.41000      0.01554      0.00000
 93.42000      0.01594      0.00000
 93.43000      0.01637      0.00000
 93.44000      0.01684      0.00000
 93.45000      0.01735      0.00000
 93.46000      0.01791      0.00000
 93.47000      0.01851      0.00000
 93.48000      0.01917      0.00000
 93.49000      0.01988      0.00000
 93.50000      0.02067      0.00000
 93.51000      0.02152      0.00000
 93.52000      0.02247      0.00000
 93.53000      0.02350      0.00000
 93.54000      0.02465      0.00000
 93.55000      0.02594      0.00000
 93.56000      0.02736      0.00000
 93.57000      0.02894      0.00000
 93.58000      0.03073      0.00000
 93.59000      0.03276      0.00000
 93.60000      0.03509      0.00000
 93.61000      0.03778      0.00000
 93.62000      0.04091      0.00000
 93.63000      0.04460      0.00000
 93.64000      0.04898      0.00000
 93.65000      0.05421      0.00000
 93.66000      0.06046      0.00000
 93.67000      0.06794      0.00000
 93.68000      0.07689      0.00000
 93.69000      0.08753      0.00000
 93.70000      0.10006      0.00000
 93.71000      0.11462      0.00000
 93.72000      0.13123      0.00000
 93.73000      0.14982      0.00000
 93.74000      0.17016      0.00000
 93.75000      0.19195      0.00000
 93.76000      0.21473      0.00000
 93.77000      0.23770      0.00000
 93.78000      0.25966      0.00000
 93.79000      0.27933      0.00000
 93.80000      0.29601      0.00000
 93.81000      0.31006      0.00000
 93.82000      0.32271      0.00000
 93.83000      0.33513      0.00000
 93.84000      0.34747      0.00000
 93.85000      0.35840      0.00000
 93.86000      0.36524      0.00000
 93.87000      0.36500      0.00000
 93.88000      0.35589      0.00000
 93.89000      0.33850      0.00000
 93.90000      0.31555      0.00000
 93.91000      0.29065      0.00000
 93.92000      0.26701      0.00000
 93.93000      0.24689      0.00000
 93.94000      0.23165      0.00000
 93.95000      0.22192      0.00000
 93.96000      0.21784      0.00000
 93.97000      0.21915      0.00000
 93.98000      0.22516      0.00000
 93.99000      0.23466      0.00000
 94.00000      0.24574      0.00000
 94.01000      0.25582      0.00000
 94.02000      0.26192      0.00000
 94.03000      0.26161      0.00000
 94.04000      0.25396      0.00000
 94.05000      0.23990      0.00000
 94.06000      0.22153      0.00000
 94.07000      0.20112      0.00000
 94.08000      0.18047      0.00000
 94.09000      0.16078      0.00000
 94.10000      0.14281      0.00000
 94.11000      0.12705      0.00000
 94.12000      0.11376      0.00000
 94.13000      0.10304      0.00000
 94.14000      0.09480      0.00000
 94.15000      0.08893      0.00000
 94.16000      0.08529      0.00000
 94.17000      0.08368      0.00000
 94.18000      0.08395      0.00000
 94.19000      0.08584      0.00000
 94.20000      0.08905      0.00000
 94.21000      0.09320      0.00000
 94.22000      0.09772      0.00000
 94.23000      0.10178      0.00000
 94.24000      0.10444      0.00000
 94.25000      0.10483      0.00000
 94.26000      0.10256      0.00000
 94.27000      0.09788      0.00000
 94.28000      0.09154      0.00000
 94.29000      0.08442      0.00000
 94.30000      0.07727      0.00000
 94.31000      0.07059      0.00000
 94.32000      0.06464      0.00000
 94.33000      0.05955      0.00000
 94.34000      0.05536      0.00000
 94.35000      0.05202      0.00000
 94.36000      0.04948      0.00000
 94.37000      0.04766      0.00000
 94.38000      0.04649      0.00000
 94.39000      0.04590      0.00000
 94.40000      0.04584      0.00000
 94.41000      0.04627      0.00000
 94.42000      0.04718      0.00000
 94.43000      0.04857      0.00000
 94.44000      0.05049      0.00000
 94.45000      0.05300      0.00000
 94.46000      0.05621      0.00000
 94.47000      0.06029      0.00000
 94.48000      0.06543      0.00000
 94.49000      0.07192      0.00000
 94.50000      0.08008      0.00000
 94.51000      0.09029      0.00000
 94.52000      0.10298      0.00000
 94.53000      0.11859      0.00000
 94.54000      0.13753      0.00000
 94.55000      0.16015      0.00000
 94.56000      0.18661      0.00000
 94.57000      0.21682      0.00000
 94.58000      0.25018      0.00000
 94.59000      0.28532      0.00000
 94.60000      0.31979      0.00000
 94.61000      0.34987      0.00000
 94.62000      0.37101      0.00000
 94.63000      0.37919      0.00000
 94.64000      0.37272      0.00000
 94.65000      0.35310      0.00000
 94.66000      0.32428      0.00000
 94.67000      0.29081      0.00000
 94.68000      0.25651      0.00000
 94.69000      0.22393      0.00000
 94.70000      0.19450      0.00000
 94.71000      0.16887      0.00000
 94.72000      0.14719      0.00000
 94.73000      0.12931      0.00000
 94.74000      0.11493      0.00000
 94.75000      0.10367      0.00000
 94.76000      0.09515      0.00000
 94.77000      0.08898      0.00000
 94.78000      0.08487      0.00000
 94.79000      0.08258      0.00000
 94.80000      0.08199      0.00000
 94.81000      0.08306      0.00000
 94.82000      0.08583      0.00000
 94.83000      0.09044      0.00000
 94.84000      0.09711      0.00000
 94.85000      0.10609      0.00000
 94.86000      0.11764      0.00000
 94.87000      0.13202      0.00000
 94.88000      0.14943      0.00000
 94.89000      0.16989      0.00000
 94.90000      0.19321      0.00000
 94.91000      0.21876      0.00000
 94.92000      0.24524      0.00000
 94.93000      0.27052      0.00000
 94.94000      0.29159      0.00000
 94.95000      0.30523      0.00000
 94.96000      0.30913      0.00000
 94.97000      0.30311      0.00000
 94.98000      0.28924      0.00000
 94.99000      0.27087      0.00000
 95.00000      0.25138      0.00000
 95.01000      0.23336      0.00000
 95.02000      0.21845      0.00000
 95.03000      0.20750      0.00000
 95.04000      0.20072      0.00000
 95.05000      0.19782      0.00000
 95.06000      0.19807      0.00000
 95.07000      0.20040      0.00000
 95.08000      0.20366      0.00000
 95.09000      0.20690      0.00000
 95.10000      0.20955      0.00000
 95.11000      0.21117      0.00000
 95.12000      0.21114      0.00000
 95.13000      0.20847      0.00000
 95.14000      0.20215      0.00000
 95.15000      0.19174      0.00000
 95.16000      0.17776      0.00000
 95.17000      0.16147      0.00000
 95.18000      0.14438      0.00000
 95.19000      0.12773      0.00000
 95.20000      0.11232      0.00000
 95.21000      0.09855      0.00000
 95.22000      0.08658      0.00000
 95.23000      0.07637      0.00000
 95.24000      0.06780      0.00000
 95.25000      0.06071      0.00000
 95.26000      0.05489      0.00000
 95.27000      0.05017      0.00000
 95.28000      0.04636      0.00000
 95.29000      0.04332      0.00000
 95.30000      0.04090      0.00000
 95.31000      0.03901      0.00000
 95.32000      0.03758      0.00000
 95.33000      0.03654      0.00000
 95.34000      0.03587      0.00000
 95.35000      0.03558      0.00000
 95.36000      0.03567      0.00000
 95.37000      0.03618      0.00000
 95.38000      0.03716      0.00000
 95.39000      0.03869      0.00000
 95.40000      0.04085      0.00000
 95.41000      0.04372      0.00000
 95.42000      0.04741      0.00000
 95.43000      0.05195      0.00000
 95.44000      0.05740      0.00000
 95.45000      0.06373      0.00000
 95.46000      0.07083      0.00000
 95.47000      0.07842      0.00000
 95.48000      0.08600      0.00000
 95.49000      0.09279      0.00000
 95.50000      0.09780      0.00000
 95.51000      0.10010      0.00000
 95.52000      0.09919      0.00000
 95.53000      0.09525      0.00000
 95.54000      0.08903      0.00000
 95.55000      0.08155      0.00000
 95.56000      0.07370      0.00000
 95.57000      0.06613      0.00000
 95.58000      0.05920      0.00000
 95.59000      0.05312      0.00000
 95.60000      0.04794      0.00000
 95.61000      0.04366      0.00000
 95.62000      0.04021      0.00000
 95.63000      0.03752      0.00000
 95.64000      0.03552      0.00000
 95.65000      0.03411      0.00000
 95.66000      0.03324      0.00000
 95.67000      0.03285      0.00000
 95.68000      0.03291      0.00000
 95.69000      0.03342      0.00000
 95.70000      0.03440      0.00000
 95.71000      0.03591      0.00000
 95.72000      0.03802      0.00000
 95.73000      0.04083      0.00000
 95.74000      0.04446      0.00000
 95.75000      0.04902      0.00000
 95.76000      0.05465      0.00000
 95.77000      0.06145      0.00000
 95.78000      0.06949      0.00000
 95.79000      0.07876      0.00000
 95.80000      0.08913      0.00000
 95.81000      0.10028      0.00000
 95.82000      0.11158      0.00000
 95.83000      0.12203      0.00000
 95.84000      0.13030      0.00000
 95.85000      0.13506      0.00000
 95.86000      0.13543      0.00000
 95.87000      0.13143      0.00000
 95.88000      0.12401      0.00000
 95.89000      0.11452      0.00000
 95.90000      0.10430      0.00000
 95.91000      0.09434      0.00000
 95.92000      0.08522      0.00000
 95.93000      0.07725      0.00000
 95.94000      0.07051      0.00000
 95.95000      0.06493      0.00000
 95.96000      0.06036      0.00000
 95.97000      0.05664      0.00000
 95.98000      0.05362      0.00000
 95.99000      0.05124      0.00000
 96.00000      0.04946      0.00000
 96.01000      0.04829      0.00000
 96.02000      0.04775      0.00000
 96.03000      0.04785      0.00000
 96.04000      0.04863      0.00000
 96.05000      0.05018      0.00000
 96.06000      0.05257      0.00000
 96.07000      0.05597      0.00000
 96.08000      0.06053      0.00000
 96.09000      0.06649      0.00000
 96.10000      0.07409      0.00000
 96.11000      0.08360      0.00000
 96.12000      0.09529      0.00000
 96.13000      0.10938      0.00000
 96.14000      0.12603      0.00000
 96.15000      0.14526      0.00000
 96.16000      0.16685      0.00000
 96.17000      0.19019      0.00000
 96.18000      0.21410      0.00000
 96.19000      0.23662      0.00000
 96.20000      0.25508      0.00000
 96.21000      0.26655      0.00000
 96.22000      0.26889      0.00000
 96.23000      0.26172      0.00000
 96.24000      0.24662      0.00000
 96.25000      0.22640      0.00000
 96.26000      0.20394      0.00000
 96.27000      0.18154      0.00000
 96.28000      0.16069      0.00000
 96.29000      0.14220      0.00000
 96.30000      0.12639      0.00000
 96.31000      0.11331      0.00000
 96.32000      0.10275      0.00000
 96.33000      0.09434      0.00000
 96.34000      0.08758      0.00000
 96.35000      0.08195      0.00000
 96.36000      0.07696      0.00000
 96.37000      0.07221      0.00000
 96.38000      0.06760      0.00000
 96.39000      0.06315      0.00000
 96.40000      0.05898      0.00000
 96.41000      0.05520      0.00000
 96.42000      0.05189      0.00000
 96.43000      0.04907      0.00000
 96.44000      0.04673      0.00000
 96.45000      0.04487      0.00000
 96.46000      0.04345      0.00000
 96.47000      0.04245      0.00000
 96.48000      0.04183      0.00000
 96.49000      0.04157      0.00000
 96.50000      0.04165      0.00000
 96.51000      0.04205      0.00000
 96.52000      0.04277      0.00000
 96.53000      0.04380      0.00000
 96.54000      0.04517      0.00000
 96.55000      0.04690      0.00000
 96.56000      0.04903      0.00000
 96.57000      0.05163      0.00000
 96.58000      0.05479      0.00000
 96.59000      0.05864      0.00000
 96.60000      0.06334      0.00000
 96.61000      0.06910      0.00000
 96.62000      0.07621      0.00000
 96.63000      0.08500      0.00000
 96.64000      0.09587      0.00000
 96.65000      0.10925      0.00000
 96.66000      0.12563      0.00000
 96.67000      0.14547      0.00000
 96.68000      0.16920      0.00000
 96.69000      0.19714      0.00000
 96.70000      0.22938      0.00000
 96.71000      0.26568      0.00000
 96.72000      0.30522      0.00000
 96.73000      0.34628      0.00000
 96.74000      0.38595      0.00000
 96.75000      0.42001      0.00000
 96.76000      0.44351      0.00000
 96.77000      0.45222      0.00000
 96.78000      0.44442      0.00000
 96.79000      0.42178      0.00000
 96.80000      0.38850      0.00000
 96.81000      0.34952      0.00000
 96.82000      0.30910      0.00000
 96.83000      0.27020      0.00000
 96.84000      0.23453      0.00000
 96.85000      0.20296      0.00000
 96.86000      0.17574      0.00000
 96.87000      0.15278      0.00000
 96.88000      0.13378      0.00000
 96.89000      0.11833      0.00000
 96.90000      0.10598      0.00000
 96.91000      0.09627      0.00000
 96.92000      0.08878      0.00000
 96.93000      0.08314      0.00000
 96.94000      0.07905      0.00000
 96.95000      0.07629      0.00000
 96.96000      0.07471      0.00000
 96.97000      0.07421      0.00000
 96.98000      0.07480      0.00000
 96.99000      0.07647      0.00000
 97.00000      0.07934      0.00000
 97.01000      0.08355      0.00000
 97.02000      0.08925      0.00000
 97.03000      0.09663      0.00000
 97.04000      0.10591      0.00000
 97.05000      0.11725      0.00000
 97.06000      0.13076      0.00000
 97.07000      0.14644      0.00000
 97.08000      0.16413      0.00000
 97.09000      0.18349      0.00000
 97.10000      0.20396      0.00000
 97.11000      0.22470      0.00000
 97.12000      0.24450      0.00000
 97.13000      0.26165      0.00000
 97.14000      0.27406      0.00000
 97.15000      0.27984      0.00000
 97.16000      0.27820      0.00000
 97.17000      0.26992      0.00000
 97.18000      0.25714      0.00000
 97.19000      0.24253      0.00000
 97.20000      0.22856      0.00000
 97.21000      0.21707      0.00000
 97.22000      0.20934      0.00000
 97.23000      0.20618      0.00000
 97.24000      0.20802      0.00000
 97.25000      0.21507      0.00000
 97.26000      0.22726      0.00000
 97.27000      0.24424      0.00000
 97.28000      0.26524      0.00000
 97.29000      0.28889      0.00000
 97.30000      0.31301      0.00000
 97.31000      0.33451      0.00000
 97.32000      0.34973      0.00000
 97.33000      0.35528      0.00000
 97.34000      0.34942      0.00000
 97.35000      0.33278      0.00000
 97.36000      0.30801      0.00000
 97.37000      0.27858      0.00000
 97.38000      0.24766      0.00000
 97.39000      0.21754      0.00000
 97.40000      0.18964      0.00000
 97.41000      0.16467      0.00000
 97.42000      0.14290      0.00000
 97.43000      0.12431      0.00000
 97.44000      0.10872      0.00000
 97.45000      0.09584      0.00000
 97.46000      0.08536      0.00000
 97.47000      0.07694      0.00000
 97.48000      0.07029      0.00000
 97.49000      0.06514      0.00000
 97.50000      0.06127      0.00000
 97.51000      0.05851      0.00000
 97.52000      0.05676      0.00000
 97.53000      0.05595      0.00000
 97.54000      0.05603      0.00000
 97.55000      0.05699      0.00000
 97.56000      0.05884      0.00000
 97.57000      0.06157      0.00000
 97.58000      0.06514      0.00000
 97.59000      0.06948      0.00000
 97.60000      0.07440      0.00000
 97.61000      0.07961      0.00000
 97.62000      0.08463      0.00000
 97.63000      0.08879      0.00000
 97.64000      0.09134      0.00000
 97.65000      0.09166      0.00000
 97.66000      0.08959      0.00000
 97.67000      0.08541      0.00000
 97.68000      0.07978      0.00000
 97.69000      0.07342      0.00000
 97.70000      0.06694      0.00000
 97.71000      0.06078      0.00000
 97.72000      0.05519      0.00000
 97.73000      0.05029      0.00000
 97.74000      0.04612      0.00000
 97.75000      0.04269      0.00000
 97.76000      0.03995      0.00000
 97.77000      0.03786      0.00000
 97.78000      0.03637      0.00000
 97.79000      0.03544      0.00000
 97.80000      0.03504      0.00000
 97.81000      0.03516      0.00000
 97.82000      0.03583      0.00000
 97.83000      0.03706      0.00000
 97.84000      0.03894      0.00000
 97.85000      0.04154      0.00000
 97.86000      0.04498      0.00000
 97.87000      0.04937      0.00000
 97.88000      0.05483      0.00000
 97.89000      0.06147      0.00000
 97.90000      0.06937      0.00000
 97.91000      0.07853      0.00000
 97.92000      0.08887      0.00000
 97.93000      0.10015      0.00000
 97.94000      0.11187      0.00000
 97.95000      0.12318      0.00000
 97.96000      0.13291      0.00000
 97.97000      0.13966      0.00000
 97.98000      0.14221      0.00000
 97.99000      0.14003      0.00000
 98.00000      0.13351      0.00000
 98.01000      0.12375      0.00000
 98.02000      0.11219      0.00000
 98.03000      0.10005      0.00000
 98.04000      0.08822      0.00000
 98.05000      0.07724      0.00000
 98.06000      0.06739      0.00000
 98.07000      0.05877      0.00000
 98.08000      0.05138      0.00000
 98.09000      0.04515      0.00000
 98.10000      0.03995      0.00000
 98.11000      0.03567      0.00000
 98.12000      0.03216      0.00000
 98.13000      0.02929      0.00000
 98.14000      0.02696      0.00000
 98.15000      0.02505      0.00000
 98.16000      0.02348      0.00000
 98.17000      0.02218      0.00000
 98.18000      0.02110      0.00000
 98.19000      0.02019      0.00000
 98.20000      0.01941      0.00000
 98.21000      0.01877      0.00000
 98.22000      0.01822      0.00000
 98.23000      0.01777      0.00000
 98.24000      0.01739      0.00000
 98.25000      0.01707      0.00000
 98.26000      0.01683      0.00000
 98.27000      0.01664      0.00000
 98.28000      0.01650      0.00000
 98.29000      0.01641      0.00000
 98.30000      0.01638      0.00000
 98.31000      0.01640      0.00000
 98.32000      0.01648      0.00000
 98.33000      0.01660      0.00000
 98.34000      0.01679      0.00000
 98.35000      0.01703      0.00000
 98.36000      0.01733      0.00000
 98.37000      0.01770      0.00000
 98.38000      0.01815      0.00000
 98.39000      0.01868      0.00000
 98.40000      0.01931      0.00000
 98.41000      0.02006      0.00000
 98.42000      0.02093      0.00000
 98.43000      0.02198      0.00000
 98.44000      0.02322      0.00000
 98.45000      0.02471      0.00000
 98.46000      0.02652      0.00000
 98.47000      0.02873      0.00000
 98.48000      0.03143      0.00000
 98.49000      0.03474      0.00000
 98.50000      0.03878      0.00000
 98.51000      0.04371      0.00000
 98.52000      0.04966      0.00000
 98.53000      0.05678      0.00000
 98.54000      0.06517      0.00000
 98.55000      0.07490      0.00000
 98.56000      0.08596      0.00000
 98.57000      0.09820      0.00000
 98.58000      0.11128      0.00000
 98.59000      0.12455      0.00000
 98.60000      0.13698      0.00000
 98.61000      0.14718      0.00000
 98.62000      0.15368      0.00000
 98.63000      0.15532      0.00000
 98.64000      0.15183      0.00000
 98.65000      0.14389      0.00000
 98.66000      0.13285      0.00000
 98.67000      0.12019      0.00000
 98.68000      0.10718      0.00000
 98.69000      0.09468      0.00000
 98.70000      0.08320      0.00000
 98.71000      0.07300      0.00000
 98.72000      0.06417      0.00000
 98.73000      0.05668      0.00000
 98.74000      0.05045      0.00000
 98.75000      0.04536      0.00000
 98.76000      0.04127      0.00000
 98.77000      0.03805      0.00000
 98.78000      0.03557      0.00000
 98.79000      0.03371      0.00000
 98.80000      0.03238      0.00000
 98.81000      0.03151      0.00000
 98.82000      0.03106      0.00000
 98.83000      0.03099      0.00000
 98.84000      0.03133      0.00000
 98.85000      0.03206      0.00000
 98.86000      0.03323      0.00000
 98.87000      0.03492      0.00000
 98.88000      0.03719      0.00000
 98.89000      0.04014      0.00000
 98.90000      0.04388      0.00000
 98.91000      0.04850      0.00000
 98.92000      0.05409      0.00000
 98.93000      0.06073      0.00000
 98.94000      0.06842      0.00000
 98.95000      0.07712      0.00000
 98.96000      0.08666      0.00000
 98.97000      0.09667      0.00000
 98.98000      0.10655      0.00000
 98.99000      0.11539      0.00000
 99.00000      0.12206      0.00000
 99.01000      0.12551      0.00000
 99.02000      0.12508      0.00000
 99.03000      0.12087      0.00000
 99.04000      0.11362      0.00000
 99.05000      0.10444      0.00000
 99.06000      0.09444      0.00000
 99.07000      0.08444      0.00000
 99.08000      0.07500      0.00000
 99.09000      0.06643      0.00000
 99.10000      0.05888      0.00000
 99.11000      0.05237      0.00000
 99.12000      0.04687      0.00000
 99.13000      0.04229      0.00000
 99.14000      0.03855      0.00000
 99.15000      0.03553      0.00000
 99.16000      0.03313      0.00000
 99.17000      0.03124      0.00000
 99.18000      0.02978      0.00000
 99.19000      0.02867      0.00000
 99.20000      0.02784      0.00000
 99.21000      0.02726      0.00000
 99.22000      0.02689      0.00000
 99.23000      0.02669      0.00000
 99.24000      0.02666      0.00000
 99.25000      0.02678      0.00000
 99.26000      0.02706      0.00000
 99.27000      0.02749      0.00000
 99.28000      0.02809      0.00000
 99.29000      0.02888      0.00000
 99.30000      0.02986      0.00000
 99.31000      0.03106      0.00000
 99.32000      0.03251      0.00000
 99.33000      0.03422      0.00000
 99.34000      0.03622      0.00000
 99.35000      0.03852      0.00000
 99.36000      0.04113      0.00000
 99.37000      0.04403      0.00000
 99.38000      0.04719      0.00000
 99.39000      0.05053      0.00000
 99.40000      0.05396      0.00000
 99.41000      0.05726      0.00000
 99.42000      0.06027      0.00000
 99.43000      0.06291      0.00000
 99.44000      0.06521      0.00000
 99.45000      0.06734      0.00000
 99.46000      0.06960      0.00000
 99.47000      0.07233      0.00000
 99.48000      0.07588      0.00000
 99.49000      0.08056      0.00000
 99.50000      0.08666      0.00000
 99.51000      0.09444      0.00000
 99.52000      0.10421      0.00000
 99.53000      0.11619      0.00000
 99.54000      0.13058      0.00000
 99.55000      0.14753      0.00000
 99.56000      0.16707      0.00000
 99.57000      0.18909      0.00000
 99.58000      0.21318      0.00000
 99.59000      0.23853      0.00000
 99.60000      0.26383      0.00000
 99.61000      0.28721      0.00000
 99.62000      0.30658      0.00000
 99.63000      0.32024      0.00000
 99.64000      0.32767      0.00000
 99.65000      0.32986      0.00000
 99.66000      0.32904      0.00000
 99.67000      0.32786      0.00000
 99.68000      0.32866      0.00000
 99.69000      0.33315      0.00000
 99.70000      0.34220      0.00000
 99.71000      0.35589      0.00000
 99.72000      0.37347      0.00000
 99.73000      0.39334      0.00000
 99.74000      0.41299      0.00000
 99.75000      0.42920      0.00000
 99.76000      0.43851      0.00000
 99.77000      0.43811      0.00000
 99.78000      0.42676      0.00000
 99.79000      0.40531      0.00000
 99.80000      0.37630      0.00000
 99.81000      0.34309      0.00000
 99.82000      0.30880      0.00000
 99.83000      0.27581      0.00000
 99.84000      0.24567      0.00000
 99.85000      0.21928      0.00000
 99.86000      0.19703      0.00000
 99.87000      0.17906      0.00000
 99.88000      0.16527      0.00000
 99.89000      0.15546      0.00000
 99.90000      0.14932      0.00000
 99.91000      0.14649      0.00000
 99.92000      0.14649      0.00000
 99.93000      0.14870      0.00000
 99.94000      0.15246      0.00000
 99.95000      0.15672      0.00000
 99.96000      0.16028      0.00000
 99.97000      0.16187      0.00000
 99.98000      0.16044      0.00000
 99.99000      0.15554      0.00000
100.00000      0.14746      0.00000
100.01000      0.13704      0.00000
100.02000      0.12535      0.00000
100.03000      0.11334      0.00000
100.04000      0.10172      0.00000
100.05000      0.09091      0.00000
100.06000      0.08114      0.00000
100.07000      0.07250      0.00000
100.08000      0.06498      0.00000
100.09000      0.05854      0.00000
100.10000      0.05306      0.00000
100.11000      0.04845      0.00000
100.12000      0.04458      0.00000
100.13000      0.04136      0.00000
100.14000      0.03867      0.00000
100.15000      0.03643      0.00000
100.16000      0.03456      0.00000
100.17000      0.03300      0.00000
100.18000      0.03168      0.00000
100.19000      0.03059      0.00000
100.20000      0.02967      0.00000
100.21000      0.02892      0.00000
100.22000      0.02831      0.00000
100.23000      0.02784      0.00000
100.24000      0.02751      0.00000
100.25000      0.02731      0.00000
100.26000      0.02725      0.00000
100.27000      0.02734      0.00000
100.28000      0.02759      0.00000
100.29000      0.02805      0.00000
100.30000      0.02873      0.00000
100.31000      0.02967      0.00000
100.32000      0.03094      0.00000
100.33000      0.03259      0.00000
100.34000      0.03467      0.00000
100.35000      0.03726      0.00000
100.36000      0.04042      0.00000
100.37000      0.04421      0.00000
100.38000      0.04866      0.00000
100.39000      0.05378      0.00000
100.40000      0.05954      0.00000
100.41000      0.06581      0.00000
100.42000      0.07235      0.00000
100.43000      0.07878      0.00000
100.44000      0.08452      0.00000
100.45000      0.08889      0.00000
100.46000      0.09121      0.00000
100.47000      0.09110      0.00000
100.48000      0.08857      0.00000
100.49000      0.08408      0.00000
100.50000      0.07829      0.00000
100.51000      0.07191      0.00000
100.52000      0.06547      0.00000
100.53000      0.05935      0.00000
100.54000      0.05377      0.00000
100.55000      0.04886      0.00000
100.56000      0.04463      0.00000
100.57000      0.04109      0.00000
100.58000      0.03820      0.00000
100.59000      0.03591      0.00000
100.60000      0.03418      0.00000
100.61000      0.03294      0.00000
100.62000      0.03215      0.00000
100.63000      0.03178      0.00000
100.64000      0.03178      0.00000
100.65000      0.03213      0.00000
100.66000      0.03281      0.00000
100.67000      0.03380      0.00000
100.68000      0.03508      0.00000
100.69000      0.03663      0.00000
100.70000      0.03839      0.00000
100.71000      0.04029      0.00000
100.72000      0.04220      0.00000
100.73000      0.04400      0.00000
100.74000      0.04550      0.00000
100.75000      0.04654      0.00000
100.76000      0.04703      0.00000
100.77000      0.04701      0.00000
100.78000      0.04661      0.00000
100.79000      0.04602      0.00000
100.80000      0.04542      0.00000
100.81000      0.04496      0.00000
100.82000      0.04476      0.00000
100.83000      0.04488      0.00000
100.84000      0.04539      0.00000
100.85000      0.04633      0.00000
100.86000      0.04775      0.00000
100.87000      0.04972      0.00000
100.88000      0.05232      0.00000
100.89000      0.05565      0.00000
100.90000      0.05983      0.00000
100.91000      0.06502      0.00000
100.92000      0.07141      0.00000
100.93000      0.07924      0.00000
100.94000      0.08874      0.00000
100.95000      0.10016      0.00000
100.96000      0.11375      0.00000
100.97000      0.12972      0.00000
100.98000      0.14822      0.00000
100.99000      0.16928      0.00000
101.00000      0.19275      0.00000
101.01000      0.21821      0.00000
101.02000      0.24478      0.00000
101.03000      0.27102      0.00000
101.04000      0.29483      0.00000
101.05000      0.31361      0.00000
101.06000      0.32500      0.00000
101.07000      0.32745      0.00000
101.08000      0.32108      0.00000
101.09000      0.30757      0.00000
101.10000      0.28951      0.00000
101.11000      0.26956      0.00000
101.12000      0.24989      0.00000
101.13000      0.23196      0.00000
101.14000      0.21663      0.00000
101.15000      0.20421      0.00000
101.16000      0.19461      0.00000
101.17000      0.18739      0.00000
101.18000      0.18180      0.00000
101.19000      0.17689      0.00000
101.20000      0.17166      0.00000
101.21000      0.16538      0.00000
101.22000      0.15777      0.00000
101.23000      0.14903      0.00000
101.24000      0.13970      0.00000
101.25000      0.13037      0.00000
101.26000      0.12155      0.00000
101.27000      0.11360      0.00000
101.28000      0.10671      0.00000
101.29000      0.10097      0.00000
101.30000      0.09642      0.00000
101.31000      0.09302      0.00000
101.32000      0.09076      0.00000
101.33000      0.08959      0.00000
101.34000      0.08947      0.00000
101.35000      0.09042      0.00000
101.36000      0.09242      0.00000
101.37000      0.09553      0.00000
101.38000      0.09985      0.00000
101.39000      0.10553      0.00000
101.40000      0.11279      0.00000
101.41000      0.12191      0.00000
101.42000      0.13327      0.00000
101.43000      0.14730      0.00000
101.44000      0.16452      0.00000
101.45000      0.18551      0.00000
101.46000      0.21086      0.00000
101.47000      0.24117      0.00000
101.48000      0.27694      0.00000
101.49000      0.31859      0.00000
101.50000      0.36627      0.00000
101.51000      0.41973      0.00000
101.52000      0.47815      0.00000
101.53000      0.53975      0.00000
101.54000      0.60153      0.00000
101.55000      0.65903      0.00000
101.56000      0.70657      0.00000
101.57000      0.73823      0.00000
101.58000      0.74953      0.00000
101.59000      0.73900      0.00000
101.60000      0.70880      0.00000
101.61000      0.66382      0.00000
101.62000      0.60999      0.00000
101.63000      0.55273      0.00000
101.64000      0.49603      0.00000
101.65000      0.44241      0.00000
101.66000      0.39310      0.00000
101.67000      0.34854      0.00000
101.68000      0.30869      0.00000
101.69000      0.27339      0.00000
101.70000      0.24246      0.00000
101.71000      0.21572      0.00000
101.72000      0.19291      0.00000
101.73000      0.17379      0.00000
101.74000      0.15799      0.00000
101.75000      0.14517      0.00000
101.76000      0.13500      0.00000
101.77000      0.12720      0.00000
101.78000      0.12154      0.00000
101.79000      0.11788      0.00000
101.80000      0.11610      0.00000
101.81000      0.11616      0.00000
101.82000      0.11803      0.00000
101.83000      0.12171      0.00000
101.84000      0.12720      0.00000
101.85000      0.13448      0.00000
101.86000      0.14348      0.00000
101.87000      0.15403      0.00000
101.88000      0.16579      0.00000
101.89000      0.17820      0.00000
101.90000      0.19041      0.00000
101.91000      0.20122      0.00000
101.92000      0.20928      0.00000
101.93000      0.21337      0.00000
101.94000      0.21287      0.00000
101.95000      0.20799      0.00000
101.96000      0.19971      0.00000
101.97000      0.18941      0.00000
101.98000      0.17849      0.00000
101.99000      0.16810      0.00000
102.00000      0.15909      0.00000
102.01000      0.15207      0.00000
102.02000      0.14745      0.00000
102.03000      0.14556      0.00000
102.04000      0.14665      0.00000
102.05000      0.15093      0.00000
102.06000      0.15862      0.00000
102.07000      0.16987      0.00000
102.08000      0.18480      0.00000
102.09000      0.20346      0.00000
102.10000      0.22576      0.00000
102.11000      0.25142      0.00000
102.12000      0.27982      0.00000
102.13000      0.30986      0.00000
102.14000      0.33986      0.00000
102.15000      0.36733      0.00000
102.16000      0.38921      0.00000
102.17000      0.40240      0.00000
102.18000      0.40469      0.00000
102.19000      0.39561      0.00000
102.20000      0.37664      0.00000
102.21000      0.35060      0.00000
102.22000      0.32070      0.00000
102.23000      0.28974      0.00000
102.24000      0.25979      0.00000
102.25000      0.23215      0.00000
102.26000      0.20755      0.00000
102.27000      0.18627      0.00000
102.28000      0.16833      0.00000
102.29000      0.15351      0.00000
102.30000      0.14140      0.00000
102.31000      0.13149      0.00000
102.32000      0.12316      0.00000
102.33000      0.11578      0.00000
102.34000      0.10879      0.00000
102.35000      0.10183      0.00000
102.36000      0.09478      0.00000
102.37000      0.08773      0.00000
102.38000      0.08084      0.00000
102.39000      0.07429      0.00000
102.40000      0.06821      0.00000
102.41000      0.06266      0.00000
102.42000      0.05769      0.00000
102.43000      0.05327      0.00000
102.44000      0.04939      0.00000
102.45000      0.04600      0.00000
102.46000      0.04306      0.00000
102.47000      0.04052      0.00000
102.48000      0.03835      0.00000
102.49000      0.03649      0.00000
102.50000      0.03490      0.00000
102.51000      0.03356      0.00000
102.52000      0.03243      0.00000
102.53000      0.03148      0.00000
102.54000      0.03069      0.00000
102.55000      0.03005      0.00000
102.56000      0.02956      0.00000
102.57000      0.02920      0.00000
102.58000      0.02897      0.00000
102.59000      0.02888      0.00000
102.60000      0.02893      0.00000
102.61000      0.02915      0.00000
102.62000      0.02954      0.00000
102.63000      0.03014      0.00000
102.64000      0.03097      0.00000
102.65000      0.03207      0.00000
102.66000      0.03347      0.00000
102.67000      0.03522      0.00000
102.68000      0.03735      0.00000
102.69000      0.03991      0.00000
102.70000      0.04291      0.00000
102.71000      0.04637      0.00000
102.72000      0.05029      0.00000
102.73000      0.05462      0.00000
102.74000      0.05927      0.00000
102.75000      0.06407      0.00000
102.76000      0.06876      0.00000
102.77000      0.07302      0.00000
102.78000      0.07649      0.00000
102.79000      0.07895      0.00000
102.80000      0.08035      0.00000
102.81000      0.08092      0.00000
102.82000      0.08108      0.00000
102.83000      0.08133      0.00000
102.84000      0.08216      0.00000
102.85000      0.08395      0.00000
102.86000      0.08701      0.00000
102.87000      0.09152      0.00000
102.88000      0.09760      0.00000
102.89000      0.10526      0.00000
102.90000      0.11440      0.00000
102.91000      0.12477      0.00000
102.92000      0.13589      0.00000
102.93000      0.14702      0.00000
102.94000      0.15713      0.00000
102.95000      0.16498      0.00000
102.96000      0.16934      0.00000
102.97000      0.16942      0.00000
102.98000      0.16512      0.00000
102.99000      0.15710      0.00000
103.00000      0.14648      0.00000
103.01000      0.13449      0.00000
103.02000      0.12217      0.00000
103.03000      0.11030      0.00000
103.04000      0.09934      0.00000
103.05000      0.08955      0.00000
103.06000      0.08101      0.00000
103.07000      0.07367      0.00000
103.08000      0.06743      0.00000
103.09000      0.06212      0.00000
103.10000      0.05757      0.00000
103.11000      0.05358      0.00000
103.12000      0.04997      0.00000
103.13000      0.04664      0.00000
103.14000      0.04349      0.00000
103.15000      0.04051      0.00000
103.16000      0.03771      0.00000
103.17000      0.03513      0.00000
103.18000      0.03276      0.00000
103.19000      0.03066      0.00000
103.20000      0.02880      0.00000
103.21000      0.02718      0.00000
103.22000      0.02577      0.00000
103.23000      0.02457      0.00000
103.24000      0.02355      0.00000
103.25000      0.02270      0.00000
103.26000      0.02199      0.00000
103.27000      0.02141      0.00000
103.28000      0.02094      0.00000
103.29000      0.02056      0.00000
103.30000      0.02025      0.00000
103.31000      0.02000      0.00000
103.32000      0.01978      0.00000
103.33000      0.01961      0.00000
103.34000      0.01946      0.00000
103.35000      0.01935      0.00000
103.36000      0.01928      0.00000
103.37000      0.01926      0.00000
103.38000      0.01929      0.00000
103.39000      0.01938      0.00000
103.40000      0.01951      0.00000
103.41000      0.01971      0.00000
103.42000      0.01997      0.00000
103.43000      0.02029      0.00000
103.44000      0.02068      0.00000
103.45000      0.02114      0.00000
103.46000      0.02167      0.00000
103.47000      0.02228      0.00000
103.48000      0.02297      0.00000
103.49000      0.02376      0.00000
103.50000      0.02465      0.00000
103.51000      0.02566      0.00000
103.52000      0.02681      0.00000
103.53000      0.02810      0.00000
103.54000      0.02957      0.00000
103.55000      0.03126      0.00000
103.56000      0.03319      0.00000
103.57000      0.03543      0.00000
103.58000      0.03803      0.00000
103.59000      0.04107      0.00000
103.60000      0.04466      0.00000
103.61000      0.04891      0.00000
103.62000      0.05396      0.00000
103.63000      0.05997      0.00000
103.64000      0.06711      0.00000
103.65000      0.07559      0.00000
103.66000      0.08561      0.00000
103.67000      0.09736      0.00000
103.68000      0.11102      0.00000
103.69000      0.12673      0.00000
103.70000      0.14451      0.00000
103.71000      0.16426      0.00000
103.72000      0.18568      0.00000
103.73000      0.20823      0.00000
103.74000      0.23116      0.00000
103.75000      0.25356      0.00000
103.76000      0.27443      0.00000
103.77000      0.29272      0.00000
103.78000      0.30728      0.00000
103.79000      0.31680      0.00000
103.80000      0.31998      0.00000
103.81000      0.31593      0.00000
103.82000      0.30467      0.00000
103.83000      0.28725      0.00000
103.84000      0.26550      0.00000
103.85000      0.24147      0.00000
103.86000      0.21697      0.00000
103.87000      0.19336      0.00000
103.88000      0.17152      0.00000
103.89000      0.15193      0.00000
103.90000      0.13486      0.00000
103.91000      0.12035      0.00000
103.92000      0.10832      0.00000
103.93000      0.09864      0.00000
103.94000      0.09112      0.00000
103.95000      0.08555      0.00000
103.96000      0.08171      0.00000
103.97000      0.07935      0.00000
103.98000      0.07819      0.00000
103.99000      0.07792      0.00000
104.00000      0.07819      0.00000
104.01000      0.07856      0.00000
104.02000      0.07858      0.00000
104.03000      0.07783      0.00000
104.04000      0.07602      0.00000
104.05000      0.07307      0.00000
104.06000      0.06916      0.00000
104.07000      0.06458      0.00000
104.08000      0.05967      0.00000
104.09000      0.05473      0.00000
104.10000      0.04997      0.00000
104.11000      0.04551      0.00000
104.12000      0.04146      0.00000
104.13000      0.03783      0.00000
104.14000      0.03463      0.00000
104.15000      0.03184      0.00000
104.16000      0.02943      0.00000
104.17000      0.02735      0.00000
104.18000      0.02559      0.00000
104.19000      0.02409      0.00000
104.20000      0.02282      0.00000
104.21000      0.02175      0.00000
104.22000      0.02084      0.00000
104.23000      0.02008      0.00000
104.24000      0.01943      0.00000
104.25000      0.01889      0.00000
104.26000      0.01844      0.00000
104.27000      0.01807      0.00000
104.28000      0.01777      0.00000
104.29000      0.01753      0.00000
104.30000      0.01736      0.00000
104.31000      0.01722      0.00000
104.32000      0.01717      0.00000
104.33000      0.01717      0.00000
104.34000      0.01724      0.00000
104.35000      0.01738      0.00000
104.36000      0.01759      0.00000
104.37000      0.01789      0.00000
104.38000      0.01827      0.00000
104.39000      0.01877      0.00000
104.40000      0.01940      0.00000
104.41000      0.02018      0.00000
104.42000      0.02115      0.00000
104.43000      0.02235      0.00000
104.44000      0.02381      0.00000
104.45000      0.02559      0.00000
104.46000      0.02774      0.00000
104.47000      0.03032      0.00000
104.48000      0.03337      0.00000
104.49000      0.03696      0.00000
104.50000      0.04112      0.00000
104.51000      0.04587      0.00000
104.52000      0.05119      0.00000
104.53000      0.05703      0.00000
104.54000      0.06326      0.00000
104.55000      0.06966      0.00000
104.56000      0.07586      0.00000
104.57000      0.08143      0.00000
104.58000      0.08582      0.00000
104.59000      0.08858      0.00000
104.60000      0.08942      0.00000
104.61000      0.08828      0.00000
104.62000      0.08536      0.00000
104.63000      0.08104      0.00000
104.64000      0.07573      0.00000
104.65000      0.06988      0.00000
104.66000      0.06386      0.00000
104.67000      0.05799      0.00000
104.68000      0.05248      0.00000
104.69000      0.04746      0.00000
104.70000      0.04301      0.00000
104.71000      0.03915      0.00000
104.72000      0.03586      0.00000
104.73000      0.03310      0.00000
104.74000      0.03085      0.00000
104.75000      0.02904      0.00000
104.76000      0.02764      0.00000
104.77000      0.02658      0.00000
104.78000      0.02583      0.00000
104.79000      0.02536      0.00000
104.80000      0.02513      0.00000
104.81000      0.02514      0.00000
104.82000      0.02537      0.00000
104.83000      0.02583      0.00000
104.84000      0.02650      0.00000
104.85000      0.02745      0.00000
104.86000      0.02868      0.00000
104.87000      0.03025      0.00000
104.88000      0.03221      0.00000
104.89000      0.03463      0.00000
104.90000      0.03760      0.00000
104.91000      0.04119      0.00000
104.92000      0.04550      0.00000
104.93000      0.05063      0.00000
104.94000      0.05667      0.00000
104.95000      0.06369      0.00000
104.96000      0.07174      0.00000
104.97000      0.08082      0.00000
104.98000      0.09087      0.00000
104.99000      0.10170      0.00000
105.00000      0.11299      0.00000
105.01000      0.12424      0.00000
105.02000      0.13475      0.00000
105.03000      0.14370      0.00000
105.04000      0.15028      0.00000
105.05000      0.15385      0.00000
105.06000      0.15412      0.00000
105.07000      0.15112      0.00000
105.08000      0.14526      0.00000
105.09000      0.13719      0.00000
105.10000      0.12769      0.00000
105.11000      0.11756      0.00000
105.12000      0.10747      0.00000
105.13000      0.09793      0.00000
105.14000      0.08927      0.00000
105.15000      0.08169      0.00000
105.16000      0.07523      0.00000
105.17000      0.06988      0.00000
105.18000      0.06553      0.00000
105.19000      0.06200      0.00000
105.20000      0.05908      0.00000
105.21000      0.05654      0.00000
105.22000      0.05414      0.00000
105.23000      0.05171      0.00000
105.24000      0.04914      0.00000
105.25000      0.04645      0.00000
105.26000      0.04371      0.00000
105.27000      0.04101      0.00000
105.28000      0.03845      0.00000
105.29000      0.03608      0.00000
105.30000      0.03395      0.00000
105.31000      0.03207      0.00000
105.32000      0.03044      0.00000
105.33000      0.02907      0.00000
105.34000      0.02792      0.00000
105.35000      0.02700      0.00000
105.36000      0.02629      0.00000
105.37000      0.02576      0.00000
105.38000      0.02541      0.00000
105.39000      0.02521      0.00000
105.40000      0.02516      0.00000
105.41000      0.02525      0.00000
105.42000      0.02548      0.00000
105.43000      0.02583      0.00000
105.44000      0.02630      0.00000
105.45000      0.02691      0.00000
105.46000      0.02766      0.00000
105.47000      0.02855      0.00000
105.48000      0.02961      0.00000
105.49000      0.03085      0.00000
105.50000      0.03231      0.00000
105.51000      0.03403      0.00000
105.52000      0.03605      0.00000
105.53000      0.03843      0.00000
105.54000      0.04126      0.00000
105.55000      0.04463      0.00000
105.56000      0.04865      0.00000
105.57000      0.05345      0.00000
105.58000      0.05917      0.00000
105.59000      0.06597      0.00000
105.60000      0.07400      0.00000
105.61000      0.08341      0.00000
105.62000      0.09436      0.00000
105.63000      0.10693      0.00000
105.64000      0.12121      0.00000
105.65000      0.13714      0.00000
105.66000      0.15459      0.00000
105.67000      0.17320      0.00000
105.68000      0.19237      0.00000
105.69000      0.21114      0.00000
105.70000      0.22820      0.00000
105.71000      0.24202      0.00000
105.72000      0.25111      0.00000
105.73000      0.25450      0.00000
105.74000      0.25204      0.00000
105.75000      0.24450      0.00000
105.76000      0.23326      0.00000
105.77000      0.21990      0.00000
105.78000      0.20582      0.00000
105.79000      0.19205      0.00000
105.80000      0.17924      0.00000
105.81000      0.16774      0.00000
105.82000      0.15772      0.00000
105.83000      0.14929      0.00000
105.84000      0.14255      0.00000
105.85000      0.13756      0.00000
105.86000      0.13436      0.00000
105.87000      0.13290      0.00000
105.88000      0.13303      0.00000
105.89000      0.13444      0.00000
105.90000      0.13666      0.00000
105.91000      0.13905      0.00000
105.92000      0.14086      0.00000
105.93000      0.14132      0.00000
105.94000      0.13983      0.00000
105.95000      0.13613      0.00000
105.96000      0.13039      0.00000
105.97000      0.12304      0.00000
105.98000      0.11478      0.00000
105.99000      0.10618      0.00000
106.00000      0.09773      0.00000
106.01000      0.08978      0.00000
106.02000      0.08254      0.00000
106.03000      0.07613      0.00000
106.04000      0.07058      0.00000
106.05000      0.06590      0.00000
106.06000      0.06208      0.00000
106.07000      0.05907      0.00000
106.08000      0.05682      0.00000
106.09000      0.05531      0.00000
106.10000      0.05449      0.00000
106.11000      0.05435      0.00000
106.12000      0.05487      0.00000
106.13000      0.05608      0.00000
106.14000      0.05800      0.00000
106.15000      0.06070      0.00000
106.16000      0.06424      0.00000
106.17000      0.06873      0.00000
106.18000      0.07428      0.00000
106.19000      0.08102      0.00000
106.20000      0.08908      0.00000
106.21000      0.09859      0.00000
106.22000      0.10965      0.00000
106.23000      0.12231      0.00000
106.24000      0.13655      0.00000
106.25000      0.15227      0.00000
106.26000      0.16923      0.00000
106.27000      0.18712      0.00000
106.28000      0.20551      0.00000
106.29000      0.22390      0.00000
106.30000      0.24165      0.00000
106.31000      0.25785      0.00000
106.32000      0.27137      0.00000
106.33000      0.28085      0.00000
106.34000      0.28505      0.00000
106.35000      0.28324      0.00000
106.36000      0.27549      0.00000
106.37000      0.26274      0.00000
106.38000      0.24650      0.00000
106.39000      0.22844      0.00000
106.40000      0.21000      0.00000
106.41000      0.19232      0.00000
106.42000      0.17614      0.00000
106.43000      0.16191      0.00000
106.44000      0.14983      0.00000
106.45000      0.13992      0.00000
106.46000      0.13206      0.00000
106.47000      0.12603      0.00000
106.48000      0.12149      0.00000
106.49000      0.11805      0.00000
106.50000      0.11528      0.00000
106.51000      0.11276      0.00000
106.52000      0.11016      0.00000
106.53000      0.10725      0.00000
106.54000      0.10392      0.00000
106.55000      0.10019      0.00000
106.56000      0.09620      0.00000
106.57000      0.09218      0.00000
106.58000      0.08838      0.00000
106.59000      0.08508      0.00000
106.60000      0.08249      0.00000
106.61000      0.08080      0.00000
106.62000      0.08011      0.00000
106.63000      0.08051      0.00000
106.64000      0.08202      0.00000
106.65000      0.08464      0.00000
106.66000      0.08833      0.00000
106.67000      0.09296      0.00000
106.68000      0.09833      0.00000
106.69000      0.10416      0.00000
106.70000      0.11002      0.00000
106.71000      0.11539      0.00000
106.72000      0.11970      0.00000
106.73000      0.12249      0.00000
106.74000      0.12351      0.00000
106.75000      0.12282      0.00000
106.76000      0.12074      0.00000
106.77000      0.11769      0.00000
106.78000      0.11408      0.00000
106.79000      0.11017      0.00000
106.80000      0.10602      0.00000
106.81000      0.10158      0.00000
106.82000      0.09678      0.00000
106.83000      0.09153      0.00000
106.84000      0.08588      0.00000
106.85000      0.07999      0.00000
106.86000      0.07407      0.00000
106.87000      0.06836      0.00000
106.88000      0.06306      0.00000
106.89000      0.05825      0.00000
106.90000      0.05404      0.00000
106.91000      0.05045      0.00000
106.92000      0.04750      0.00000
106.93000      0.04518      0.00000
106.94000      0.04350      0.00000
106.95000      0.04245      0.00000
106.96000      0.04203      0.00000
106.97000      0.04224      0.00000
106.98000      0.04312      0.00000
106.99000      0.04466      0.00000
107.00000      0.04690      0.00000
107.01000      0.04986      0.00000
107.02000      0.05355      0.00000
107.03000      0.05796      0.00000
107.04000      0.06309      0.00000
107.05000      0.06885      0.00000
107.06000      0.07512      0.00000
107.07000      0.08170      0.00000
107.08000      0.08825      0.00000
107.09000      0.09431      0.00000
107.10000      0.09933      0.00000
107.11000      0.10270      0.00000
107.12000      0.10395      0.00000
107.13000      0.10285      0.00000
107.14000      0.09953      0.00000
107.15000      0.09439      0.00000
107.16000      0.08802      0.00000
107.17000      0.08098      0.00000
107.18000      0.07377      0.00000
107.19000      0.06674      0.00000
107.20000      0.06012      0.00000
107.21000      0.05406      0.00000
107.22000      0.04862      0.00000
107.23000      0.04381      0.00000
107.24000      0.03963      0.00000
107.25000      0.03603      0.00000
107.26000      0.03298      0.00000
107.27000      0.03041      0.00000
107.28000      0.02827      0.00000
107.29000      0.02651      0.00000
107.30000      0.02508      0.00000
107.31000      0.02392      0.00000
107.32000      0.02301      0.00000
107.33000      0.02229      0.00000
107.34000      0.02176      0.00000
107.35000      0.02138      0.00000
107.36000      0.02115      0.00000
107.37000      0.02105      0.00000
107.38000      0.02108      0.00000
107.39000      0.02124      0.00000
107.40000      0.02154      0.00000
107.41000      0.02200      0.00000
107.42000      0.02262      0.00000
107.43000      0.02345      0.00000
107.44000      0.02450      0.00000
107.45000      0.02582      0.00000
107.46000      0.02746      0.00000
107.47000      0.02946      0.00000
107.48000      0.03189      0.00000
107.49000      0.03481      0.00000
107.50000      0.03828      0.00000
107.51000      0.04236      0.00000
107.52000      0.04710      0.00000
107.53000      0.05253      0.00000
107.54000      0.05866      0.00000
107.55000      0.06547      0.00000
107.56000      0.07288      0.00000
107.57000      0.08073      0.00000
107.58000      0.08873      0.00000
107.59000      0.09649      0.00000
107.60000      0.10344      0.00000
107.61000      0.10896      0.00000
107.62000      0.11243      0.00000
107.63000      0.11343      0.00000
107.64000      0.11187      0.00000
107.65000      0.10800      0.00000
107.66000      0.10239      0.00000
107.67000      0.09566      0.00000
107.68000      0.08842      0.00000
107.69000      0.08114      0.00000
107.70000      0.07415      0.00000
107.71000      0.06765      0.00000
107.72000      0.06174      0.00000
107.73000      0.05646      0.00000
107.74000      0.05179      0.00000
107.75000      0.04771      0.00000
107.76000      0.04416      0.00000
107.77000      0.04108      0.00000
107.78000      0.03841      0.00000
107.79000      0.03611      0.00000
107.80000      0.03416      0.00000
107.81000      0.03255      0.00000
107.82000      0.03128      0.00000
107.83000      0.03035      0.00000
107.84000      0.02977      0.00000
107.85000      0.02955      0.00000
107.86000      0.02967      0.00000
107.87000      0.03016      0.00000
107.88000      0.03100      0.00000
107.89000      0.03220      0.00000
107.90000      0.03376      0.00000
107.91000      0.03564      0.00000
107.92000      0.03782      0.00000
107.93000      0.04024      0.00000
107.94000      0.04281      0.00000
107.95000      0.04539      0.00000
107.96000      0.04781      0.00000
107.97000      0.04987      0.00000
107.98000      0.05138      0.00000
107.99000      0.05221      0.00000
108.00000      0.05236      0.00000
108.01000      0.05192      0.00000
108.02000      0.05110      0.00000
108.03000      0.05013      0.00000
108.04000      0.04924      0.00000
108.05000      0.04861      0.00000
108.06000      0.04840      0.00000
108.07000      0.04867      0.00000
108.08000      0.04951      0.00000
108.09000      0.05090      0.00000
108.10000      0.05281      0.00000
108.11000      0.05514      0.00000
108.12000      0.05773      0.00000
108.13000      0.06037      0.00000
108.14000      0.06277      0.00000
108.15000      0.06458      0.00000
108.16000      0.06550      0.00000
108.17000      0.06530      0.00000
108.18000      0.06394      0.00000
108.19000      0.06151      0.00000
108.20000      0.05830      0.00000
108.21000      0.05458      0.00000
108.22000      0.05064      0.00000
108.23000      0.04673      0.00000
108.24000      0.04300      0.00000
108.25000      0.03956      0.00000
108.26000      0.03648      0.00000
108.27000      0.03377      0.00000
108.28000      0.03146      0.00000
108.29000      0.02952      0.00000
108.30000      0.02795      0.00000
108.31000      0.02673      0.00000
108.32000      0.02584      0.00000
108.33000      0.02525      0.00000
108.34000      0.02496      0.00000
108.35000      0.02495      0.00000
108.36000      0.02522      0.00000
108.37000      0.02577      0.00000
108.38000      0.02662      0.00000
108.39000      0.02779      0.00000
108.40000      0.02930      0.00000
108.41000      0.03121      0.00000
108.42000      0.03356      0.00000
108.43000      0.03641      0.00000
108.44000      0.03981      0.00000
108.45000      0.04382      0.00000
108.46000      0.04849      0.00000
108.47000      0.05386      0.00000
108.48000      0.05997      0.00000
108.49000      0.06684      0.00000
108.50000      0.07447      0.00000
108.51000      0.08282      0.00000
108.52000      0.09180      0.00000
108.53000      0.10122      0.00000
108.54000      0.11076      0.00000
108.55000      0.11992      0.00000
108.56000      0.12805      0.00000
108.57000      0.13435      0.00000
108.58000      0.13810      0.00000
108.59000      0.13875      0.00000
108.60000      0.13621      0.00000
108.61000      0.13077      0.00000
108.62000      0.12305      0.00000
108.63000      0.11385      0.00000
108.64000      0.10391      0.00000
108.65000      0.09383      0.00000
108.66000      0.08407      0.00000
108.67000      0.07489      0.00000
108.68000      0.06647      0.00000
108.69000      0.05888      0.00000
108.70000      0.05214      0.00000
108.71000      0.04623      0.00000
108.72000      0.04111      0.00000
108.73000      0.03670      0.00000
108.74000      0.03293      0.00000
108.75000      0.02973      0.00000
108.76000      0.02702      0.00000
108.77000      0.02473      0.00000
108.78000      0.02280      0.00000
108.79000      0.02116      0.00000
108.80000      0.01976      0.00000
108.81000      0.01857      0.00000
108.82000      0.01754      0.00000
108.83000      0.01665      0.00000
108.84000      0.01588      0.00000
108.85000      0.01520      0.00000
108.86000      0.01460      0.00000
108.87000      0.01408      0.00000
108.88000      0.01361      0.00000
108.89000      0.01319      0.00000
108.90000      0.01282      0.00000
108.91000      0.01249      0.00000
108.92000      0.01220      0.00000
108.93000      0.01195      0.00000
108.94000      0.01172      0.00000
108.95000      0.01153      0.00000
108.96000      0.01136      0.00000
108.97000      0.01121      0.00000
108.98000      0.01109      0.00000
108.99000      0.01099      0.00000
109.00000      0.01092      0.00000
109.01000      0.01086      0.00000
109.02000      0.01083      0.00000
109.03000      0.01081      0.00000
109.04000      0.01081      0.00000
109.05000      0.01083      0.00000
109.06000      0.01087      0.00000
109.07000      0.01093      0.00000
109.08000      0.01101      0.00000
109.09000      0.01111      0.00000
109.10000      0.01123      0.00000
109.11000      0.01137      0.00000
109.12000      0.01153      0.00000
109.13000      0.01171      0.00000
109.14000      0.01192      0.00000
109.15000      0.01215      0.00000
109.16000      0.01241      0.00000
109.17000      0.01270      0.00000
109.18000      0.01303      0.00000
109.19000      0.01338      0.00000
109.20000      0.01378      0.00000
109.21000      0.01419      0.00000
109.22000      0.01468      0.00000
109.23000      0.01522      0.00000
109.24000      0.01581      0.00000
109.25000      0.01647      0.00000
109.26000      0.01721      0.00000
109.27000      0.01803      0.00000
109.28000      0.01894      0.00000
109.29000      0.01995      0.00000
109.30000      0.02109      0.00000
109.31000      0.02235      0.00000
109.32000      0.02377      0.00000
109.33000      0.02536      0.00000
109.34000      0.02715      0.00000
109.35000      0.02916      0.00000
109.36000      0.03143      0.00000
109.37000      0.03398      0.00000
109.38000      0.03687      0.00000
109.39000      0.04013      0.00000
109.40000      0.04383      0.00000
109.41000      0.04806      0.00000
109.42000      0.05290      0.00000
109.43000      0.05850      0.00000
109.44000      0.06498      0.00000
109.45000      0.07250      0.00000
109.46000      0.08119      0.00000
109.47000      0.09116      0.00000
109.48000      0.10248      0.00000
109.49000      0.11517      0.00000
109.50000      0.12918      0.00000
109.51000      0.14433      0.00000
109.52000      0.16029      0.00000
109.53000      0.17653      0.00000
109.54000      0.19226      0.00000
109.55000      0.20643      0.00000
109.56000      0.21786      0.00000
109.57000      0.22538      0.00000
109.58000      0.22818      0.00000
109.59000      0.22599      0.00000
109.60000      0.21926      0.00000
109.61000      0.20892      0.00000
109.62000      0.19617      0.00000
109.63000      0.18220      0.00000
109.64000      0.16797      0.00000
109.65000      0.15417      0.00000
109.66000      0.14123      0.00000
109.67000      0.12936      0.00000
109.68000      0.11860      0.00000
109.69000      0.10886      0.00000
109.70000      0.10001      0.00000
109.71000      0.09190      0.00000
109.72000      0.08439      0.00000
109.73000      0.07742      0.00000
109.74000      0.07093      0.00000
109.75000      0.06495      0.00000
109.76000      0.05947      0.00000
109.77000      0.05450      0.00000
109.78000      0.05006      0.00000
109.79000      0.04610      0.00000
109.80000      0.04265      0.00000
109.81000      0.03964      0.00000
109.82000      0.03703      0.00000
109.83000      0.03479      0.00000
109.84000      0.03290      0.00000
109.85000      0.03130      0.00000
109.86000      0.02999      0.00000
109.87000      0.02892      0.00000
109.88000      0.02809      0.00000
109.89000      0.02748      0.00000
109.90000      0.02707      0.00000
109.91000      0.02687      0.00000
109.92000      0.02685      0.00000
109.93000      0.02703      0.00000
109.94000      0.02742      0.00000
109.95000      0.02803      0.00000
109.96000      0.02889      0.00000
109.97000      0.03003      0.00000
109.98000      0.03148      0.00000
109.99000      0.03328      0.00000
110.00000      0.03549      0.00000
110.01000      0.03816      0.00000
110.02000      0.04135      0.00000
110.03000      0.04512      0.00000
110.04000      0.04953      0.00000
110.05000      0.05462      0.00000
110.06000      0.06043      0.00000
110.07000      0.06698      0.00000
110.08000      0.07426      0.00000
110.09000      0.08225      0.00000
110.10000      0.09084      0.00000
110.11000      0.09989      0.00000
110.12000      0.10916      0.00000
110.13000      0.11831      0.00000
110.14000      0.12690      0.00000
110.15000      0.13443      0.00000
110.16000      0.14036      0.00000
110.17000      0.14425      0.00000
110.18000      0.14580      0.00000
110.19000      0.14492      0.00000
110.20000      0.14175      0.00000
110.21000      0.13660      0.00000
110.22000      0.12986      0.00000
110.23000      0.12195      0.00000
110.24000      0.11323      0.00000
110.25000      0.10408      0.00000
110.26000      0.09484      0.00000
110.27000      0.08579      0.00000
110.28000      0.07718      0.00000
110.29000      0.06917      0.00000
110.30000      0.06186      0.00000
110.31000      0.05529      0.00000
110.32000      0.04947      0.00000
110.33000      0.04437      0.00000
110.34000      0.03993      0.00000
110.35000      0.03610      0.00000
110.36000      0.03283      0.00000
110.37000      0.03004      0.00000
110.38000      0.02768      0.00000
110.39000      0.02567      0.00000
110.40000      0.02401      0.00000
110.41000      0.02264      0.00000
110.42000      0.02152      0.00000
110.43000      0.02063      0.00000
110.44000      0.01994      0.00000
110.45000      0.01943      0.00000
110.46000      0.01911      0.00000
110.47000      0.01895      0.00000
110.48000      0.01896      0.00000
110.49000      0.01913      0.00000
110.50000      0.01945      0.00000
110.51000      0.01994      0.00000
110.52000      0.02056      0.00000
110.53000      0.02132      0.00000
110.54000      0.02219      0.00000
110.55000      0.02314      0.00000
110.56000      0.02411      0.00000
110.57000      0.02503      0.00000
110.58000      0.02582      0.00000
110.59000      0.02637      0.00000
110.60000      0.02661      0.00000
110.61000      0.02646      0.00000
110.62000      0.02593      0.00000
110.63000      0.02505      0.00000
110.64000      0.02390      0.00000
110.65000      0.02258      0.00000
110.66000      0.02117      0.00000
110.67000      0.01974      0.00000
110.68000      0.01836      0.00000
110.69000      0.01706      0.00000
110.70000      0.01585      0.00000
110.71000      0.01476      0.00000
110.72000      0.01378      0.00000
110.73000      0.01292      0.00000
110.74000      0.01216      0.00000
110.75000      0.01150      0.00000
110.76000      0.01093      0.00000
110.77000      0.01045      0.00000
110.78000      0.01003      0.00000
110.79000      0.00968      0.00000
110.80000      0.00939      0.00000
110.81000      0.00914      0.00000
110.82000      0.00893      0.00000
110.83000      0.00876      0.00000
110.84000      0.00862      0.00000
110.85000      0.00851      0.00000
110.86000      0.00842      0.00000
110.87000      0.00835      0.00000
110.88000      0.00828      0.00000
110.89000      0.00825      0.00000
110.90000      0.00823      0.00000
110.91000      0.00823      0.00000
110.92000      0.00825      0.00000
110.93000      0.00828      0.00000
110.94000      0.00832      0.00000
110.95000      0.00838      0.00000
110.96000      0.00846      0.00000
110.97000      0.00856      0.00000
110.98000      0.00867      0.00000
110.99000      0.00881      0.00000
111.00000      0.00896      0.00000
111.01000      0.00914      0.00000
111.02000      0.00935      0.00000
111.03000      0.00959      0.00000
111.04000      0.00987      0.00000
111.05000      0.01019      0.00000
111.06000      0.01055      0.00000
111.07000      0.01098      0.00000
111.08000      0.01147      0.00000
111.09000      0.01203      0.00000
111.10000      0.01268      0.00000
111.11000      0.01341      0.00000
111.12000      0.01425      0.00000
111.13000      0.01520      0.00000
111.14000      0.01626      0.00000
111.15000      0.01743      0.00000
111.16000      0.01873      0.00000
111.17000      0.02014      0.00000
111.18000      0.02164      0.00000
111.19000      0.02320      0.00000
111.20000      0.02479      0.00000
111.21000      0.02635      0.00000
111.22000      0.02779      0.00000
111.23000      0.02905      0.00000
111.24000      0.03006      0.00000
111.25000      0.03078      0.00000
111.26000      0.03123      0.00000
111.27000      0.03146      0.00000
111.28000      0.03154      0.00000
111.29000      0.03154      0.00000
111.30000      0.03156      0.00000
111.31000      0.03167      0.00000
111.32000      0.03190      0.00000
111.33000      0.03233      0.00000
111.34000      0.03301      0.00000
111.35000      0.03400      0.00000
111.36000      0.03536      0.00000
111.37000      0.03717      0.00000
111.38000      0.03951      0.00000
111.39000      0.04243      0.00000
111.40000      0.04602      0.00000
111.41000      0.05034      0.00000
111.42000      0.05543      0.00000
111.43000      0.06134      0.00000
111.44000      0.06810      0.00000
111.45000      0.07570      0.00000
111.46000      0.08410      0.00000
111.47000      0.09322      0.00000
111.48000      0.10285      0.00000
111.49000      0.11273      0.00000
111.50000      0.12243      0.00000
111.51000      0.13141      0.00000
111.52000      0.13900      0.00000
111.53000      0.14454      0.00000
111.54000      0.14748      0.00000
111.55000      0.14758      0.00000
111.56000      0.14492      0.00000
111.57000      0.13994      0.00000
111.58000      0.13330      0.00000
111.59000      0.12571      0.00000
111.60000      0.11782      0.00000
111.61000      0.11019      0.00000
111.62000      0.10317      0.00000
111.63000      0.09703      0.00000
111.64000      0.09194      0.00000
111.65000      0.08797      0.00000
111.66000      0.08515      0.00000
111.67000      0.08344      0.00000
111.68000      0.08273      0.00000
111.69000      0.08289      0.00000
111.70000      0.08371      0.00000
111.71000      0.08490      0.00000
111.72000      0.08613      0.00000
111.73000      0.08701      0.00000
111.74000      0.08717      0.00000
111.75000      0.08631      0.00000
111.76000      0.08429      0.00000
111.77000      0.08113      0.00000
111.78000      0.07704      0.00000
111.79000      0.07227      0.00000
111.80000      0.06715      0.00000
111.81000      0.06192      0.00000
111.82000      0.05681      0.00000
111.83000      0.05196      0.00000
111.84000      0.04746      0.00000
111.85000      0.04338      0.00000
111.86000      0.03973      0.00000
111.87000      0.03653      0.00000
111.88000      0.03376      0.00000
111.89000      0.03141      0.00000
111.90000      0.02947      0.00000
111.91000      0.02789      0.00000
111.92000      0.02667      0.00000
111.93000      0.02577      0.00000
111.94000      0.02518      0.00000
111.95000      0.02487      0.00000
111.96000      0.02482      0.00000
111.97000      0.02502      0.00000
111.98000      0.02544      0.00000
111.99000      0.02607      0.00000
112.00000      0.02688      0.00000
112.01000      0.02784      0.00000
112.02000      0.02889      0.00000
112.03000      0.02999      0.00000
112.04000      0.03109      0.00000
112.05000      0.03212      0.00000
112.06000      0.03307      0.00000
112.07000      0.03391      0.00000
112.08000      0.03468      0.00000
112.09000      0.03538      0.00000
112.10000      0.03605      0.00000
112.11000      0.03668      0.00000
112.12000      0.03724      0.00000
112.13000      0.03765      0.00000
112.14000      0.03783      0.00000
112.15000      0.03768      0.00000
112.16000      0.03713      0.00000
112.17000      0.03618      0.00000
112.18000      0.03484      0.00000
112.19000      0.03319      0.00000
112.20000      0.03134      0.00000
112.21000      0.02940      0.00000
112.22000      0.02746      0.00000
112.23000      0.02559      0.00000
112.24000      0.02383      0.00000
112.25000      0.02222      0.00000
112.26000      0.02077      0.00000
112.27000      0.01949      0.00000
112.28000      0.01837      0.00000
112.29000      0.01741      0.00000
112.30000      0.01660      0.00000
112.31000      0.01592      0.00000
112.32000      0.01538      0.00000
112.33000      0.01495      0.00000
112.34000      0.01463      0.00000
112.35000      0.01441      0.00000
112.36000      0.01427      0.00000
112.37000      0.01422      0.00000
112.38000      0.01425      0.00000
112.39000      0.01436      0.00000
112.40000      0.01454      0.00000
112.41000      0.01481      0.00000
112.42000      0.01516      0.00000
112.43000      0.01560      0.00000
112.44000      0.01615      0.00000
112.45000      0.01681      0.00000
112.46000      0.01762      0.00000
112.47000      0.01857      0.00000
112.48000      0.01971      0.00000
112.49000      0.02105      0.00000
112.50000      0.02262      0.00000
112.51000      0.02446      0.00000
112.52000      0.02658      0.00000
112.53000      0.02902      0.00000
112.54000      0.03180      0.00000
112.55000      0.03494      0.00000
112.56000      0.03844      0.00000
112.57000      0.04230      0.00000
112.58000      0.04649      0.00000
112.59000      0.05096      0.00000
112.60000      0.05562      0.00000
112.61000      0.06032      0.00000
112.62000      0.06486      0.00000
112.63000      0.06900      0.00000
112.64000      0.07247      0.00000
112.65000      0.07500      0.00000
112.66000      0.07645      0.00000
112.67000      0.07677      0.00000
112.68000      0.07610      0.00000
112.69000      0.07467      0.00000
112.70000      0.07280      0.00000
112.71000      0.07081      0.00000
112.72000      0.06897      0.00000
112.73000      0.06750      0.00000
112.74000      0.06655      0.00000
112.75000      0.06622      0.00000
112.76000      0.06657      0.00000
112.77000      0.06759      0.00000
112.78000      0.06923      0.00000
112.79000      0.07141      0.00000
112.80000      0.07397      0.00000
112.81000      0.07669      0.00000
112.82000      0.07929      0.00000
112.83000      0.08143      0.00000
112.84000      0.08279      0.00000
112.85000      0.08309      0.00000
112.86000      0.08218      0.00000
112.87000      0.08009      0.00000
112.88000      0.07696      0.00000
112.89000      0.07308      0.00000
112.90000      0.06875      0.00000
112.91000      0.06425      0.00000
112.92000      0.05982      0.00000
112.93000      0.05563      0.00000
112.94000      0.05181      0.00000
112.95000      0.04839      0.00000
112.96000      0.04547      0.00000
112.97000      0.04303      0.00000
112.98000      0.04107      0.00000
112.99000      0.03956      0.00000
113.00000      0.03846      0.00000
113.01000      0.03772      0.00000
113.02000      0.03726      0.00000
113.03000      0.03700      0.00000
113.04000      0.03682      0.00000
113.05000      0.03663      0.00000
113.06000      0.03631      0.00000
113.07000      0.03578      0.00000
113.08000      0.03502      0.00000
113.09000      0.03402      0.00000
113.10000      0.03283      0.00000
113.11000      0.03152      0.00000
113.12000      0.03015      0.00000
113.13000      0.02880      0.00000
113.14000      0.02751      0.00000
113.15000      0.02633      0.00000
113.16000      0.02526      0.00000
113.17000      0.02434      0.00000
113.18000      0.02356      0.00000
113.19000      0.02292      0.00000
113.20000      0.02243      0.00000
113.21000      0.02209      0.00000
113.22000      0.02190      0.00000
113.23000      0.02184      0.00000
113.24000      0.02191      0.00000
113.25000      0.02212      0.00000
113.26000      0.02246      0.00000
113.27000      0.02295      0.00000
113.28000      0.02357      0.00000
113.29000      0.02435      0.00000
113.30000      0.02530      0.00000
113.31000      0.02644      0.00000
113.32000      0.02780      0.00000
113.33000      0.02941      0.00000
113.34000      0.03131      0.00000
113.35000      0.03356      0.00000
113.36000      0.03619      0.00000
113.37000      0.03930      0.00000
113.38000      0.04293      0.00000
113.39000      0.04718      0.00000
113.40000      0.05211      0.00000
113.41000      0.05781      0.00000
113.42000      0.06436      0.00000
113.43000      0.07183      0.00000
113.44000      0.08026      0.00000
113.45000      0.08968      0.00000
113.46000      0.10010      0.00000
113.47000      0.11144      0.00000
113.48000      0.12359      0.00000
113.49000      0.13630      0.00000
113.50000      0.14922      0.00000
113.51000      0.16184      0.00000
113.52000      0.17352      0.00000
113.53000      0.18349      0.00000
113.54000      0.19104      0.00000
113.55000      0.19557      0.00000
113.56000      0.19678      0.00000
113.57000      0.19471      0.00000
113.58000      0.18968      0.00000
113.59000      0.18219      0.00000
113.60000      0.17283      0.00000
113.61000      0.16213      0.00000
113.62000      0.15060      0.00000
113.63000      0.13870      0.00000
113.64000      0.12680      0.00000
113.65000      0.11525      0.00000
113.66000      0.10429      0.00000
113.67000      0.09407      0.00000
113.68000      0.08476      0.00000
113.69000      0.07638      0.00000
113.70000      0.06893      0.00000
113.71000      0.06239      0.00000
113.72000      0.05672      0.00000
113.73000      0.05184      0.00000
113.74000      0.04769      0.00000
113.75000      0.04420      0.00000
113.76000      0.04131      0.00000
113.77000      0.03894      0.00000
113.78000      0.03704      0.00000
113.79000      0.03556      0.00000
113.80000      0.03443      0.00000
113.81000      0.03363      0.00000
113.82000      0.03309      0.00000
113.83000      0.03279      0.00000
113.84000      0.03267      0.00000
113.85000      0.03269      0.00000
113.86000      0.03280      0.00000
113.87000      0.03293      0.00000
113.88000      0.03302      0.00000
113.89000      0.03301      0.00000
113.90000      0.03287      0.00000
113.91000      0.03257      0.00000
113.92000      0.03212      0.00000
113.93000      0.03157      0.00000
113.94000      0.03095      0.00000
113.95000      0.03032      0.00000
113.96000      0.02974      0.00000
113.97000      0.02924      0.00000
113.98000      0.02888      0.00000
113.99000      0.02866      0.00000
114.00000      0.02863      0.00000
114.01000      0.02879      0.00000
114.02000      0.02919      0.00000
114.03000      0.02984      0.00000
114.04000      0.03076      0.00000
114.05000      0.03199      0.00000
114.06000      0.03354      0.00000
114.07000      0.03545      0.00000
114.08000      0.03776      0.00000
114.09000      0.04048      0.00000
114.10000      0.04364      0.00000
114.11000      0.04725      0.00000
114.12000      0.05134      0.00000
114.13000      0.05590      0.00000
114.14000      0.06090      0.00000
114.15000      0.06629      0.00000
114.16000      0.07200      0.00000
114.17000      0.07786      0.00000
114.18000      0.08370      0.00000
114.19000      0.08924      0.00000
114.20000      0.09418      0.00000
114.21000      0.09820      0.00000
114.22000      0.10102      0.00000
114.23000      0.10248      0.00000
114.24000      0.10257      0.00000
114.25000      0.10144      0.00000
114.26000      0.09937      0.00000
114.27000      0.09669      0.00000
114.28000      0.09374      0.00000
114.29000      0.09078      0.00000
114.30000      0.08803      0.00000
114.31000      0.08562      0.00000
114.32000      0.08364      0.00000
114.33000      0.08213      0.00000
114.34000      0.08113      0.00000
114.35000      0.08070      0.00000
114.36000      0.08088      0.00000
114.37000      0.08177      0.00000
114.38000      0.08347      0.00000
114.39000      0.08606      0.00000
114.40000      0.08963      0.00000
114.41000      0.09424      0.00000
114.42000      0.09990      0.00000
114.43000      0.10661      0.00000
114.44000      0.11432      0.00000
114.45000      0.12290      0.00000
114.46000      0.13215      0.00000
114.47000      0.14179      0.00000
114.48000      0.15139      0.00000
114.49000      0.16042      0.00000
114.50000      0.16824      0.00000
114.51000      0.17417      0.00000
114.52000      0.17766      0.00000
114.53000      0.17836      0.00000
114.54000      0.17623      0.00000
114.55000      0.17158      0.00000
114.56000      0.16495      0.00000
114.57000      0.15702      0.00000
114.58000      0.14849      0.00000
114.59000      0.13994      0.00000
114.60000      0.13186      0.00000
114.61000      0.12461      0.00000
114.62000      0.11843      0.00000
114.63000      0.11350      0.00000
114.64000      0.10994      0.00000
114.65000      0.10781      0.00000
114.66000      0.10712      0.00000
114.67000      0.10786      0.00000
114.68000      0.10998      0.00000
114.69000      0.11340      0.00000
114.70000      0.11796      0.00000
114.71000      0.12348      0.00000
114.72000      0.12967      0.00000
114.73000      0.13614      0.00000
114.74000      0.14243      0.00000
114.75000      0.14796      0.00000
114.76000      0.15211      0.00000
114.77000      0.15433      0.00000
114.78000      0.15421      0.00000
114.79000      0.15160      0.00000
114.80000      0.14666      0.00000
114.81000      0.13974      0.00000
114.82000      0.13138      0.00000
114.83000      0.12212      0.00000
114.84000      0.11247      0.00000
114.85000      0.10283      0.00000
114.86000      0.09350      0.00000
114.87000      0.08467      0.00000
114.88000      0.07647      0.00000
114.89000      0.06896      0.00000
114.90000      0.06217      0.00000
114.91000      0.05609      0.00000
114.92000      0.05069      0.00000
114.93000      0.04594      0.00000
114.94000      0.04179      0.00000
114.95000      0.03817      0.00000
114.96000      0.03503      0.00000
114.97000      0.03232      0.00000
114.98000      0.02996      0.00000
114.99000      0.02792      0.00000
115.00000      0.02614      0.00000
115.01000      0.02457      0.00000
115.02000      0.02316      0.00000
115.03000      0.02190      0.00000
115.04000      0.02076      0.00000
115.05000      0.01970      0.00000
115.06000      0.01874      0.00000
115.07000      0.01784      0.00000
115.08000      0.01702      0.00000
115.09000      0.01625      0.00000
115.10000      0.01555      0.00000
115.11000      0.01489      0.00000
115.12000      0.01429      0.00000
115.13000      0.01373      0.00000
115.14000      0.01322      0.00000
115.15000      0.01274      0.00000
115.16000      0.01229      0.00000
115.17000      0.01188      0.00000
115.18000      0.01151      0.00000
115.19000      0.01116      0.00000
115.20000      0.01084      0.00000
115.21000      0.01055      0.00000
115.22000      0.01027      0.00000
115.23000      0.01001      0.00000
115.24000      0.00978      0.00000
115.25000      0.00956      0.00000
115.26000      0.00936      0.00000
115.27000      0.00917      0.00000
115.28000      0.00900      0.00000
115.29000      0.00883      0.00000
115.30000      0.00868      0.00000
115.31000      0.00855      0.00000
115.32000      0.00842      0.00000
115.33000      0.00830      0.00000
115.34000      0.00819      0.00000
115.35000      0.00810      0.00000
115.36000      0.00801      0.00000
115.37000      0.00794      0.00000
115.38000      0.00787      0.00000
115.39000      0.00781      0.00000
115.40000      0.00776      0.00000
115.41000      0.00772      0.00000
115.42000      0.00769      0.00000
115.43000      0.00767      0.00000
115.44000      0.00767      0.00000
115.45000      0.00767      0.00000
115.46000      0.00768      0.00000
115.47000      0.00771      0.00000
115.48000      0.00775      0.00000
115.49000      0.00781      0.00000
115.50000      0.00788      0.00000
115.51000      0.00798      0.00000
115.52000      0.00810      0.00000
115.53000      0.00825      0.00000
115.54000      0.00842      0.00000
115.55000      0.00863      0.00000
115.56000      0.00888      0.00000
115.57000      0.00917      0.00000
115.58000      0.00951      0.00000
115.59000      0.00991      0.00000
115.60000      0.01036      0.00000
115.61000      0.01089      0.00000
115.62000      0.01148      0.00000
115.63000      0.01214      0.00000
115.64000      0.01288      0.00000
115.65000      0.01369      0.00000
115.66000      0.01458      0.00000
115.67000      0.01551      0.00000
115.68000      0.01649      0.00000
115.69000      0.01749      0.00000
115.70000      0.01846      0.00000
115.71000      0.01937      0.00000
115.72000      0.02016      0.00000
115.73000      0.02077      0.00000
115.74000      0.02116      0.00000
115.75000      0.02131      0.00000
115.76000      0.02120      0.00000
115.77000      0.02086      0.00000
115.78000      0.02033      0.00000
115.79000      0.01968      0.00000
115.80000      0.01895      0.00000
115.81000      0.01821      0.00000
115.82000      0.01747      0.00000
115.83000      0.01679      0.00000
115.84000      0.01616      0.00000
115.85000      0.01562      0.00000
115.86000      0.01516      0.00000
115.87000      0.01479      0.00000
115.88000      0.01451      0.00000
115.89000      0.01433      0.00000
115.90000      0.01423      0.00000
115.91000      0.01422      0.00000
115.92000      0.01430      0.00000
115.93000      0.01447      0.00000
115.94000      0.01473      0.00000
115.95000      0.01507      0.00000
115.96000      0.01551      0.00000
115.97000      0.01603      0.00000
115.98000      0.01666      0.00000
115.99000      0.01739      0.00000
116.00000      0.01824      0.00000
116.01000      0.01921      0.00000
116.02000      0.02032      0.00000
116.03000      0.02159      0.00000
116.04000      0.02303      0.00000
116.05000      0.02467      0.00000
116.06000      0.02654      0.00000
116.07000      0.02866      0.00000
116.08000      0.03106      0.00000
116.09000      0.03378      0.00000
116.10000      0.03684      0.00000
116.11000      0.04028      0.00000
116.12000      0.04413      0.00000
116.13000      0.04842      0.00000
116.14000      0.05319      0.00000
116.15000      0.05847      0.00000
116.16000      0.06433      0.00000
116.17000      0.07080      0.00000
116.18000      0.07796      0.00000
116.19000      0.08582      0.00000
116.20000      0.09439      0.00000
116.21000      0.10364      0.00000
116.22000      0.11345      0.00000
116.23000      0.12365      0.00000
116.24000      0.13392      0.00000
116.25000      0.14387      0.00000
116.26000      0.15295      0.00000
116.27000      0.16056      0.00000
116.28000      0.16604      0.00000
116.29000      0.16890      0.00000
116.30000      0.16882      0.00000
116.31000      0.16577      0.00000
116.32000      0.16002      0.00000
116.33000      0.15210      0.00000
116.34000      0.14261      0.00000
116.35000      0.13218      0.00000
116.36000      0.12135      0.00000
116.37000      0.11054      0.00000
116.38000      0.10009      0.00000
116.39000      0.09019      0.00000
116.40000      0.08097      0.00000
116.41000      0.07252      0.00000
116.42000      0.06486      0.00000
116.43000      0.05798      0.00000
116.44000      0.05185      0.00000
116.45000      0.04644      0.00000
116.46000      0.04169      0.00000
116.47000      0.03754      0.00000
116.48000      0.03393      0.00000
116.49000      0.03079      0.00000
116.50000      0.02807      0.00000
116.51000      0.02572      0.00000
116.52000      0.02367      0.00000
116.53000      0.02190      0.00000
116.54000      0.02035      0.00000
116.55000      0.01899      0.00000
116.56000      0.01779      0.00000
116.57000      0.01673      0.00000
116.58000      0.01578      0.00000
116.59000      0.01493      0.00000
116.60000      0.01416      0.00000
116.61000      0.01347      0.00000
116.62000      0.01283      0.00000
116.63000      0.01226      0.00000
116.64000      0.01172      0.00000
116.65000      0.01123      0.00000
116.66000      0.01078      0.00000
116.67000      0.01038      0.00000
116.68000      0.00999      0.00000
116.69000      0.00963      0.00000
116.70000      0.00929      0.00000
116.71000      0.00898      0.00000
116.72000      0.00869      0.00000
116.73000      0.00842      0.00000
116.74000      0.00816      0.00000
116.75000      0.00793      0.00000
116.76000      0.00770      0.00000
116.77000      0.00749      0.00000
116.78000      0.00730      0.00000
116.79000      0.00711      0.00000
116.80000      0.00694      0.00000
116.81000      0.00677      0.00000
116.82000      0.00662      0.00000
116.83000      0.00648      0.00000
116.84000      0.00634      0.00000
116.85000      0.00621      0.00000
116.86000      0.00609      0.00000
116.87000      0.00598      0.00000
116.88000      0.00587      0.00000
116.89000      0.00577      0.00000
116.90000      0.00567      0.00000
116.91000      0.00558      0.00000
116.92000      0.00550      0.00000
116.93000      0.00542      0.00000
116.94000      0.00534      0.00000
116.95000      0.00527      0.00000
116.96000      0.00521      0.00000
116.97000      0.00514      0.00000
116.98000      0.00508      0.00000
116.99000      0.00503      0.00000
117.00000      0.00498      0.00000
117.01000      0.00493      0.00000
117.02000      0.00489      0.00000
117.03000      0.00485      0.00000
117.04000      0.00481      0.00000
117.05000      0.00477      0.00000
117.06000      0.00474      0.00000
117.07000      0.00471      0.00000
117.08000      0.00469      0.00000
117.09000      0.00466      0.00000
117.10000      0.00464      0.00000
117.11000      0.00462      0.00000
117.12000      0.00461      0.00000
117.13000      0.00459      0.00000
117.14000      0.00458      0.00000
117.15000      0.00458      0.00000
117.16000      0.00457      0.00000
117.17000      0.00457      0.00000
117.18000      0.00457      0.00000
117.19000      0.00457      0.00000
117.20000      0.00458      0.00000
117.21000      0.00458      0.00000
117.22000      0.00459      0.00000
117.23000      0.00461      0.00000
117.24000      0.00463      0.00000
117.25000      0.00465      0.00000
117.26000      0.00467      0.00000
117.27000      0.00469      0.00000
117.28000      0.00472      0.00000
117.29000      0.00475      0.00000
117.30000      0.00478      0.00000
117.31000      0.00482      0.00000
117.32000      0.00486      0.00000
117.33000      0.00491      0.00000
117.34000      0.00496      0.00000
117.35000      0.00501      0.00000
117.36000      0.00507      0.00000
117.37000      0.00514      0.00000
117.38000      0.00521      0.00000
117.39000      0.00529      0.00000
117.40000      0.00538      0.00000
117.41000      0.00547      0.00000
117.42000      0.00557      0.00000
117.43000      0.00569      0.00000
117.44000      0.00582      0.00000
117.45000      0.00594      0.00000
117.46000      0.00610      0.00000
117.47000      0.00628      0.00000
117.48000      0.00648      0.00000
117.49000      0.00671      0.00000
117.50000      0.00697      0.00000
117.51000      0.00726      0.00000
117.52000      0.00759      0.00000
117.53000      0.00796      0.00000
117.54000      0.00837      0.00000
117.55000      0.00883      0.00000
117.56000      0.00934      0.00000
117.57000      0.00989      0.00000
117.58000      0.01050      0.00000
117.59000      0.01116      0.00000
117.60000      0.01187      0.00000
117.61000      0.01261      0.00000
117.62000      0.01337      0.00000
117.63000      0.01415      0.00000
117.64000      0.01490      0.00000
117.65000      0.01560      0.00000
117.66000      0.01622      0.00000
117.67000      0.01671      0.00000
117.68000      0.01706      0.00000
117.69000      0.01722      0.00000
117.70000      0.01722      0.00000
117.71000      0.01706      0.00000
117.72000      0.01677      0.00000
117.73000      0.01639      0.00000
117.74000      0.01595      0.00000
117.75000      0.01550      0.00000
117.76000      0.01505      0.00000
117.77000      0.01462      0.00000
117.78000      0.01425      0.00000
117.79000      0.01392      0.00000
117.80000      0.01365      0.00000
117.81000      0.01345      0.00000
117.82000      0.01331      0.00000
117.83000      0.01324      0.00000
117.84000      0.01324      0.00000
117.85000      0.01330      0.00000
117.86000      0.01342      0.00000
117.87000      0.01360      0.00000
117.88000      0.01385      0.00000
117.89000      0.01415      0.00000
117.90000      0.01452      0.00000
117.91000      0.01495      0.00000
117.92000      0.01544      0.00000
117.93000      0.01600      0.00000
117.94000      0.01663      0.00000
117.95000      0.01733      0.00000
117.96000      0.01813      0.00000
117.97000      0.01901      0.00000
117.98000      0.02002      0.00000
117.99000      0.02114      0.00000
118.00000      0.02240      0.00000
118.01000      0.02385      0.00000
118.02000      0.02548      0.00000
118.03000      0.02734      0.00000
118.04000      0.02947      0.00000
118.05000      0.03191      0.00000
118.06000      0.03472      0.00000
118.07000      0.03795      0.00000
118.08000      0.04165      0.00000
118.09000      0.04590      0.00000
118.10000      0.05076      0.00000
118.11000      0.05628      0.00000
118.12000      0.06254      0.00000
118.13000      0.06959      0.00000
118.14000      0.07747      0.00000
118.15000      0.08620      0.00000
118.16000      0.09582      0.00000
118.17000      0.10627      0.00000
118.18000      0.11751      0.00000
118.19000      0.12939      0.00000
118.20000      0.14172      0.00000
118.21000      0.15417      0.00000
118.22000      0.16635      0.00000
118.23000      0.17771      0.00000
118.24000      0.18763      0.00000
118.25000      0.19547      0.00000
118.26000      0.20066      0.00000
118.27000      0.20281      0.00000
118.28000      0.20180      0.00000
118.29000      0.19781      0.00000
118.30000      0.19122      0.00000
118.31000      0.18259      0.00000
118.32000      0.17251      0.00000
118.33000      0.16151      0.00000
118.34000      0.15006      0.00000
118.35000      0.13852      0.00000
118.36000      0.12716      0.00000
118.37000      0.11621      0.00000
118.38000      0.10581      0.00000
118.39000      0.09608      0.00000
118.40000      0.08711      0.00000
118.41000      0.07892      0.00000
118.42000      0.07154      0.00000
118.43000      0.06493      0.00000
118.44000      0.05909      0.00000
118.45000      0.05395      0.00000
118.46000      0.04947      0.00000
118.47000      0.04560      0.00000
118.48000      0.04227      0.00000
118.49000      0.03945      0.00000
118.50000      0.03707      0.00000
118.51000      0.03510      0.00000
118.52000      0.03350      0.00000
118.53000      0.03224      0.00000
118.54000      0.03130      0.00000
118.55000      0.03065      0.00000
118.56000      0.03028      0.00000
118.57000      0.03019      0.00000
118.58000      0.03037      0.00000
118.59000      0.03082      0.00000
118.60000      0.03155      0.00000
118.61000      0.03256      0.00000
118.62000      0.03384      0.00000
118.63000      0.03541      0.00000
118.64000      0.03725      0.00000
118.65000      0.03936      0.00000
118.66000      0.04172      0.00000
118.67000      0.04430      0.00000
118.68000      0.04705      0.00000
118.69000      0.04990      0.00000
118.70000      0.05276      0.00000
118.71000      0.05548      0.00000
118.72000      0.05793      0.00000
118.73000      0.05991      0.00000
118.74000      0.06128      0.00000
118.75000      0.06188      0.00000
118.76000      0.06164      0.00000
118.77000      0.06056      0.00000
118.78000      0.05873      0.00000
118.79000      0.05627      0.00000
118.80000      0.05336      0.00000
118.81000      0.05016      0.00000
118.82000      0.04683      0.00000
118.83000      0.04348      0.00000
118.84000      0.04023      0.00000
118.85000      0.03712      0.00000
118.86000      0.03420      0.00000
118.87000      0.03151      0.00000
118.88000      0.02904      0.00000
118.89000      0.02681      0.00000
118.90000      0.02481      0.00000
118.91000      0.02304      0.00000
118.92000      0.02147      0.00000
118.93000      0.02010      0.00000
118.94000      0.01890      0.00000
118.95000      0.01787      0.00000
118.96000      0.01698      0.00000
118.97000      0.01622      0.00000
118.98000      0.01558      0.00000
118.99000      0.01504      0.00000
119.00000      0.01459      0.00000
119.01000      0.01423      0.00000
119.02000      0.01394      0.00000
119.03000      0.01372      0.00000
119.04000      0.01356      0.00000
119.05000      0.01345      0.00000
119.06000      0.01341      0.00000
119.07000      0.01342      0.00000
119.08000      0.01348      0.00000
119.09000      0.01361      0.00000
119.10000      0.01379      0.00000
119.11000      0.01403      0.00000
119.12000      0.01435      0.00000
119.13000      0.01473      0.00000
119.14000      0.01519      0.00000
119.15000      0.01574      0.00000
119.16000      0.01638      0.00000
119.17000      0.01712      0.00000
119.18000      0.01796      0.00000
119.19000      0.01891      0.00000
119.20000      0.01998      0.00000
119.21000      0.02117      0.00000
119.22000      0.02248      0.00000
119.23000      0.02392      0.00000
119.24000      0.02549      0.00000
119.25000      0.02720      0.00000
119.26000      0.02906      0.00000
119.27000      0.03107      0.00000
119.28000      0.03322      0.00000
119.29000      0.03551      0.00000
119.30000      0.03792      0.00000
119.31000      0.04039      0.00000
119.32000      0.04286      0.00000
119.33000      0.04524      0.00000
119.34000      0.04740      0.00000
119.35000      0.04922      0.00000
119.36000      0.05056      0.00000
119.37000      0.05131      0.00000
119.38000      0.05139      0.00000
119.39000      0.05080      0.00000
119.40000      0.04958      0.00000
119.41000      0.04783      0.00000
119.42000      0.04568      0.00000
119.43000      0.04326      0.00000
119.44000      0.04071      0.00000
119.45000      0.03812      0.00000
119.46000      0.03559      0.00000
119.47000      0.03316      0.00000
119.48000      0.03088      0.00000
119.49000      0.02878      0.00000
119.50000      0.02686      0.00000
119.51000      0.02514      0.00000
119.52000      0.02361      0.00000
119.53000      0.02227      0.00000
119.54000      0.02111      0.00000
119.55000      0.02011      0.00000
119.56000      0.01927      0.00000
119.57000      0.01858      0.00000
119.58000      0.01801      0.00000
119.59000      0.01757      0.00000
119.60000      0.01724      0.00000
119.61000      0.01700      0.00000
119.62000      0.01686      0.00000
119.63000      0.01680      0.00000
119.64000      0.01682      0.00000
119.65000      0.01691      0.00000
119.66000      0.01708      0.00000
119.67000      0.01732      0.00000
119.68000      0.01763      0.00000
119.69000      0.01802      0.00000
119.70000      0.01849      0.00000
119.71000      0.01904      0.00000
119.72000      0.01969      0.00000
119.73000      0.02045      0.00000
119.74000      0.02132      0.00000
119.75000      0.02233      0.00000
119.76000      0.02348      0.00000
119.77000      0.02478      0.00000
119.78000      0.02628      0.00000
119.79000      0.02797      0.00000
119.80000      0.02990      0.00000
119.81000      0.03206      0.00000
119.82000      0.03449      0.00000
119.83000      0.03719      0.00000
119.84000      0.04019      0.00000
119.85000      0.04350      0.00000
119.86000      0.04710      0.00000
119.87000      0.05100      0.00000
119.88000      0.05518      0.00000
119.89000      0.05959      0.00000
119.90000      0.06419      0.00000
119.91000      0.06891      0.00000
119.92000      0.07368      0.00000
119.93000      0.07841      0.00000
119.94000      0.08302      0.00000
119.95000      0.08740      0.00000
119.96000      0.09144      0.00000
119.97000      0.09502      0.00000
119.98000      0.09802      0.00000
119.99000      0.10032      0.00000
