This is pdfTeX, Version 3.141592653-2.6-1.40.25 (TeX Live 2023/Debian) (preloaded format=pdflatex 2024.8.27)  8 SEP 2024 14:19
entering extended mode
 restricted \write18 enabled.
 %&-line parsing enabled.
**main.tex
(./main.tex
LaTeX2e <2023-11-01> patch level 1
L3 programming layer <2024-01-22>
(/usr/share/texlive/texmf-dist/tex/latex/base/book.cls
Document Class: book 2023/05/17 v1.4n Standard LaTeX document class
(/usr/share/texlive/texmf-dist/tex/latex/base/bk10.clo
File: bk10.clo 2023/05/17 v1.4n Standard LaTeX file (size option)
)
\c@part=\count187
\c@chapter=\count188
\c@section=\count189
\c@subsection=\count190
\c@subsubsection=\count191
\c@paragraph=\count192
\c@subparagraph=\count193
\c@figure=\count194
\c@table=\count195
\abovecaptionskip=\skip48
\belowcaptionskip=\skip49
\bibindent=\dimen140
) (./Lecture.sty
Package: Lecture 

(/usr/share/texlive/texmf-dist/tex/latex/base/inputenc.sty
Package: inputenc 2021/02/14 v1.3d Input encoding file
\inpenc@prehook=\toks17
\inpenc@posthook=\toks18
)
(/usr/share/texlive/texmf-dist/tex/latex/base/fontenc.sty
Package: fontenc 2021/04/29 v2.0v Standard LaTeX package
)
(/usr/share/texlive/texmf-dist/tex/generic/babel/babel.sty
Package: babel 2024/01/07 v24.1 The Babel package
\babel@savecnt=\count196
\U@D=\dimen141
\l@unhyphenated=\language13

(/usr/share/texlive/texmf-dist/tex/generic/babel/txtbabel.def)
\bbl@readstream=\read2
\bbl@dirlevel=\count197

(/usr/share/texlive/texmf-dist/tex/generic/babel-french/french.ldf
Language: french 2023-12-19 v3.5r French support from the babel system
Package babel Info: Hyphen rules for 'acadian' set to \l@french
(babel)             (\language6). Reported on input line 91.
Package babel Info: Hyphen rules for 'canadien' set to \l@french
(babel)             (\language6). Reported on input line 92.
\FB@stdchar=\count198
Package babel Info: Making : an active character on input line 420.
Package babel Info: Making ; an active character on input line 421.
Package babel Info: Making ! an active character on input line 422.
Package babel Info: Making ? an active character on input line 423.
\FBguill@level=\count199
\FBold@everypar=\toks19
\FB@Mht=\dimen142
\mc@charclass=\count266
\mc@charfam=\count267
\mc@charslot=\count268
\std@mcc=\count269
\dec@mcc=\count270
\FB@parskip=\dimen143
\listindentFB=\dimen144
\descindentFB=\dimen145
\labelindentFB=\dimen146
\labelwidthFB=\dimen147
\leftmarginFB=\dimen148
\parindentFFN=\dimen149
\FBfnindent=\dimen150
))
(/usr/share/texlive/texmf-dist/tex/generic/babel/locale/fr/babel-french.tex
Package babel Info: Importing font and identification data for french
(babel)             from babel-fr.ini. Reported on input line 11.
)
(/usr/share/texlive/texmf-dist/tex/latex/carlisle/scalefnt.sty)
(/usr/share/texlive/texmf-dist/tex/latex/graphics/keyval.sty
Package: keyval 2022/05/29 v1.15 key=value parser (DPC)
\KV@toks@=\toks20
)
(/usr/share/texlive/texmf-dist/tex/generic/chemfig/chemfig.sty
(/usr/share/texlive/texmf-dist/tex/latex/pgf/frontendlayer/tikz.sty
(/usr/share/texlive/texmf-dist/tex/latex/pgf/basiclayer/pgf.sty
(/usr/share/texlive/texmf-dist/tex/latex/pgf/utilities/pgfrcs.sty
(/usr/share/texlive/texmf-dist/tex/generic/pgf/utilities/pgfutil-common.tex
\pgfutil@everybye=\toks21
\pgfutil@tempdima=\dimen151
\pgfutil@tempdimb=\dimen152
)
(/usr/share/texlive/texmf-dist/tex/generic/pgf/utilities/pgfutil-latex.def
\pgfutil@abb=\box51
)
(/usr/share/texlive/texmf-dist/tex/generic/pgf/utilities/pgfrcs.code.tex
(/usr/share/texlive/texmf-dist/tex/generic/pgf/pgf.revision.tex)
Package: pgfrcs 2023-01-15 v3.1.10 (3.1.10)
))
Package: pgf 2023-01-15 v3.1.10 (3.1.10)

(/usr/share/texlive/texmf-dist/tex/latex/pgf/basiclayer/pgfcore.sty
(/usr/share/texlive/texmf-dist/tex/latex/graphics/graphicx.sty
Package: graphicx 2021/09/16 v1.2d Enhanced LaTeX Graphics (DPC,SPQR)

(/usr/share/texlive/texmf-dist/tex/latex/graphics/graphics.sty
Package: graphics 2022/03/10 v1.4e Standard LaTeX Graphics (DPC,SPQR)

(/usr/share/texlive/texmf-dist/tex/latex/graphics/trig.sty
Package: trig 2021/08/11 v1.11 sin cos tan (DPC)
)
(/usr/share/texlive/texmf-dist/tex/latex/graphics-cfg/graphics.cfg
File: graphics.cfg 2016/06/04 v1.11 sample graphics configuration
)
Package graphics Info: Driver file: pdftex.def on input line 107.

(/usr/share/texlive/texmf-dist/tex/latex/graphics-def/pdftex.def
File: pdftex.def 2022/09/22 v1.2b Graphics/color driver for pdftex
))
\Gin@req@height=\dimen153
\Gin@req@width=\dimen154
)
(/usr/share/texlive/texmf-dist/tex/latex/pgf/systemlayer/pgfsys.sty
(/usr/share/texlive/texmf-dist/tex/generic/pgf/systemlayer/pgfsys.code.tex
Package: pgfsys 2023-01-15 v3.1.10 (3.1.10)

(/usr/share/texlive/texmf-dist/tex/generic/pgf/utilities/pgfkeys.code.tex
\pgfkeys@pathtoks=\toks22
\pgfkeys@temptoks=\toks23

(/usr/share/texlive/texmf-dist/tex/generic/pgf/utilities/pgfkeyslibraryfiltered
.code.tex
\pgfkeys@tmptoks=\toks24
))
\pgf@x=\dimen155
\pgf@y=\dimen156
\pgf@xa=\dimen157
\pgf@ya=\dimen158
\pgf@xb=\dimen159
\pgf@yb=\dimen160
\pgf@xc=\dimen161
\pgf@yc=\dimen162
\pgf@xd=\dimen163
\pgf@yd=\dimen164
\w@pgf@writea=\write3
\r@pgf@reada=\read3
\c@pgf@counta=\count271
\c@pgf@countb=\count272
\c@pgf@countc=\count273
\c@pgf@countd=\count274
\t@pgf@toka=\toks25
\t@pgf@tokb=\toks26
\t@pgf@tokc=\toks27
\pgf@sys@id@count=\count275
 (/usr/share/texlive/texmf-dist/tex/generic/pgf/systemlayer/pgf.cfg
File: pgf.cfg 2023-01-15 v3.1.10 (3.1.10)
)
Driver file for pgf: pgfsys-pdftex.def
(/usr/share/texlive/texmf-dist/tex/generic/pgf/systemlayer/pgfsys-pdftex.def
File: pgfsys-pdftex.def 2023-01-15 v3.1.10 (3.1.10)

(/usr/share/texlive/texmf-dist/tex/generic/pgf/systemlayer/pgfsys-common-pdf.de
f
File: pgfsys-common-pdf.def 2023-01-15 v3.1.10 (3.1.10)
)))
(/usr/share/texlive/texmf-dist/tex/generic/pgf/systemlayer/pgfsyssoftpath.code.
tex
File: pgfsyssoftpath.code.tex 2023-01-15 v3.1.10 (3.1.10)
\pgfsyssoftpath@smallbuffer@items=\count276
\pgfsyssoftpath@bigbuffer@items=\count277
)
(/usr/share/texlive/texmf-dist/tex/generic/pgf/systemlayer/pgfsysprotocol.code.
tex
File: pgfsysprotocol.code.tex 2023-01-15 v3.1.10 (3.1.10)
)) (/usr/share/texlive/texmf-dist/tex/latex/xcolor/xcolor.sty
Package: xcolor 2023/11/15 v3.01 LaTeX color extensions (UK)

(/usr/share/texlive/texmf-dist/tex/latex/graphics-cfg/color.cfg
File: color.cfg 2016/01/02 v1.6 sample color configuration
)
Package xcolor Info: Driver file: pdftex.def on input line 274.

(/usr/share/texlive/texmf-dist/tex/latex/graphics/mathcolor.ltx)
Package xcolor Info: Model `cmy' substituted by `cmy0' on input line 1350.
Package xcolor Info: Model `hsb' substituted by `rgb' on input line 1354.
Package xcolor Info: Model `RGB' extended on input line 1366.
Package xcolor Info: Model `HTML' substituted by `rgb' on input line 1368.
Package xcolor Info: Model `Hsb' substituted by `hsb' on input line 1369.
Package xcolor Info: Model `tHsb' substituted by `hsb' on input line 1370.
Package xcolor Info: Model `HSB' substituted by `hsb' on input line 1371.
Package xcolor Info: Model `Gray' substituted by `gray' on input line 1372.
Package xcolor Info: Model `wave' substituted by `hsb' on input line 1373.
)
(/usr/share/texlive/texmf-dist/tex/generic/pgf/basiclayer/pgfcore.code.tex
Package: pgfcore 2023-01-15 v3.1.10 (3.1.10)

(/usr/share/texlive/texmf-dist/tex/generic/pgf/math/pgfmath.code.tex
(/usr/share/texlive/texmf-dist/tex/generic/pgf/math/pgfmathutil.code.tex)
(/usr/share/texlive/texmf-dist/tex/generic/pgf/math/pgfmathparser.code.tex
\pgfmath@dimen=\dimen165
\pgfmath@count=\count278
\pgfmath@box=\box52
\pgfmath@toks=\toks28
\pgfmath@stack@operand=\toks29
\pgfmath@stack@operation=\toks30
)
(/usr/share/texlive/texmf-dist/tex/generic/pgf/math/pgfmathfunctions.code.tex)
(/usr/share/texlive/texmf-dist/tex/generic/pgf/math/pgfmathfunctions.basic.code
.tex)
(/usr/share/texlive/texmf-dist/tex/generic/pgf/math/pgfmathfunctions.trigonomet
ric.code.tex)
(/usr/share/texlive/texmf-dist/tex/generic/pgf/math/pgfmathfunctions.random.cod
e.tex)
(/usr/share/texlive/texmf-dist/tex/generic/pgf/math/pgfmathfunctions.comparison
.code.tex)
(/usr/share/texlive/texmf-dist/tex/generic/pgf/math/pgfmathfunctions.base.code.
tex)
(/usr/share/texlive/texmf-dist/tex/generic/pgf/math/pgfmathfunctions.round.code
.tex)
(/usr/share/texlive/texmf-dist/tex/generic/pgf/math/pgfmathfunctions.misc.code.
tex)
(/usr/share/texlive/texmf-dist/tex/generic/pgf/math/pgfmathfunctions.integerari
thmetics.code.tex)
(/usr/share/texlive/texmf-dist/tex/generic/pgf/math/pgfmathcalc.code.tex)
(/usr/share/texlive/texmf-dist/tex/generic/pgf/math/pgfmathfloat.code.tex
\c@pgfmathroundto@lastzeros=\count279
))
(/usr/share/texlive/texmf-dist/tex/generic/pgf/math/pgfint.code.tex)
(/usr/share/texlive/texmf-dist/tex/generic/pgf/basiclayer/pgfcorepoints.code.te
x
File: pgfcorepoints.code.tex 2023-01-15 v3.1.10 (3.1.10)
\pgf@picminx=\dimen166
\pgf@picmaxx=\dimen167
\pgf@picminy=\dimen168
\pgf@picmaxy=\dimen169
\pgf@pathminx=\dimen170
\pgf@pathmaxx=\dimen171
\pgf@pathminy=\dimen172
\pgf@pathmaxy=\dimen173
\pgf@xx=\dimen174
\pgf@xy=\dimen175
\pgf@yx=\dimen176
\pgf@yy=\dimen177
\pgf@zx=\dimen178
\pgf@zy=\dimen179
)
(/usr/share/texlive/texmf-dist/tex/generic/pgf/basiclayer/pgfcorepathconstruct.
code.tex
File: pgfcorepathconstruct.code.tex 2023-01-15 v3.1.10 (3.1.10)
\pgf@path@lastx=\dimen180
\pgf@path@lasty=\dimen181
)
(/usr/share/texlive/texmf-dist/tex/generic/pgf/basiclayer/pgfcorepathusage.code
.tex
File: pgfcorepathusage.code.tex 2023-01-15 v3.1.10 (3.1.10)
\pgf@shorten@end@additional=\dimen182
\pgf@shorten@start@additional=\dimen183
)
(/usr/share/texlive/texmf-dist/tex/generic/pgf/basiclayer/pgfcorescopes.code.te
x
File: pgfcorescopes.code.tex 2023-01-15 v3.1.10 (3.1.10)
\pgfpic=\box53
\pgf@hbox=\box54
\pgf@layerbox@main=\box55
\pgf@picture@serial@count=\count280
)
(/usr/share/texlive/texmf-dist/tex/generic/pgf/basiclayer/pgfcoregraphicstate.c
ode.tex
File: pgfcoregraphicstate.code.tex 2023-01-15 v3.1.10 (3.1.10)
\pgflinewidth=\dimen184
)
(/usr/share/texlive/texmf-dist/tex/generic/pgf/basiclayer/pgfcoretransformation
s.code.tex
File: pgfcoretransformations.code.tex 2023-01-15 v3.1.10 (3.1.10)
\pgf@pt@x=\dimen185
\pgf@pt@y=\dimen186
\pgf@pt@temp=\dimen187
)
(/usr/share/texlive/texmf-dist/tex/generic/pgf/basiclayer/pgfcorequick.code.tex
File: pgfcorequick.code.tex 2023-01-15 v3.1.10 (3.1.10)
)
(/usr/share/texlive/texmf-dist/tex/generic/pgf/basiclayer/pgfcoreobjects.code.t
ex
File: pgfcoreobjects.code.tex 2023-01-15 v3.1.10 (3.1.10)
)
(/usr/share/texlive/texmf-dist/tex/generic/pgf/basiclayer/pgfcorepathprocessing
.code.tex
File: pgfcorepathprocessing.code.tex 2023-01-15 v3.1.10 (3.1.10)
)
(/usr/share/texlive/texmf-dist/tex/generic/pgf/basiclayer/pgfcorearrows.code.te
x
File: pgfcorearrows.code.tex 2023-01-15 v3.1.10 (3.1.10)
\pgfarrowsep=\dimen188
)
(/usr/share/texlive/texmf-dist/tex/generic/pgf/basiclayer/pgfcoreshade.code.tex
File: pgfcoreshade.code.tex 2023-01-15 v3.1.10 (3.1.10)
\pgf@max=\dimen189
\pgf@sys@shading@range@num=\count281
\pgf@shadingcount=\count282
)
(/usr/share/texlive/texmf-dist/tex/generic/pgf/basiclayer/pgfcoreimage.code.tex
File: pgfcoreimage.code.tex 2023-01-15 v3.1.10 (3.1.10)
)
(/usr/share/texlive/texmf-dist/tex/generic/pgf/basiclayer/pgfcoreexternal.code.
tex
File: pgfcoreexternal.code.tex 2023-01-15 v3.1.10 (3.1.10)
\pgfexternal@startupbox=\box56
)
(/usr/share/texlive/texmf-dist/tex/generic/pgf/basiclayer/pgfcorelayers.code.te
x
File: pgfcorelayers.code.tex 2023-01-15 v3.1.10 (3.1.10)
)
(/usr/share/texlive/texmf-dist/tex/generic/pgf/basiclayer/pgfcoretransparency.c
ode.tex
File: pgfcoretransparency.code.tex 2023-01-15 v3.1.10 (3.1.10)
)
(/usr/share/texlive/texmf-dist/tex/generic/pgf/basiclayer/pgfcorepatterns.code.
tex
File: pgfcorepatterns.code.tex 2023-01-15 v3.1.10 (3.1.10)
)
(/usr/share/texlive/texmf-dist/tex/generic/pgf/basiclayer/pgfcorerdf.code.tex
File: pgfcorerdf.code.tex 2023-01-15 v3.1.10 (3.1.10)
)))
(/usr/share/texlive/texmf-dist/tex/generic/pgf/modules/pgfmoduleshapes.code.tex
File: pgfmoduleshapes.code.tex 2023-01-15 v3.1.10 (3.1.10)
\pgfnodeparttextbox=\box57
) (/usr/share/texlive/texmf-dist/tex/generic/pgf/modules/pgfmoduleplot.code.tex
File: pgfmoduleplot.code.tex 2023-01-15 v3.1.10 (3.1.10)
)
(/usr/share/texlive/texmf-dist/tex/latex/pgf/compatibility/pgfcomp-version-0-65
.sty
Package: pgfcomp-version-0-65 2023-01-15 v3.1.10 (3.1.10)
\pgf@nodesepstart=\dimen190
\pgf@nodesepend=\dimen191
)
(/usr/share/texlive/texmf-dist/tex/latex/pgf/compatibility/pgfcomp-version-1-18
.sty
Package: pgfcomp-version-1-18 2023-01-15 v3.1.10 (3.1.10)
)) (/usr/share/texlive/texmf-dist/tex/latex/pgf/utilities/pgffor.sty
(/usr/share/texlive/texmf-dist/tex/latex/pgf/utilities/pgfkeys.sty
(/usr/share/texlive/texmf-dist/tex/generic/pgf/utilities/pgfkeys.code.tex))
(/usr/share/texlive/texmf-dist/tex/latex/pgf/math/pgfmath.sty
(/usr/share/texlive/texmf-dist/tex/generic/pgf/math/pgfmath.code.tex))
(/usr/share/texlive/texmf-dist/tex/generic/pgf/utilities/pgffor.code.tex
Package: pgffor 2023-01-15 v3.1.10 (3.1.10)
\pgffor@iter=\dimen192
\pgffor@skip=\dimen193
\pgffor@stack=\toks31
\pgffor@toks=\toks32
))
(/usr/share/texlive/texmf-dist/tex/generic/pgf/frontendlayer/tikz/tikz.code.tex
Package: tikz 2023-01-15 v3.1.10 (3.1.10)

(/usr/share/texlive/texmf-dist/tex/generic/pgf/libraries/pgflibraryplothandlers
.code.tex
File: pgflibraryplothandlers.code.tex 2023-01-15 v3.1.10 (3.1.10)
\pgf@plot@mark@count=\count283
\pgfplotmarksize=\dimen194
)
\tikz@lastx=\dimen195
\tikz@lasty=\dimen196
\tikz@lastxsaved=\dimen197
\tikz@lastysaved=\dimen198
\tikz@lastmovetox=\dimen199
\tikz@lastmovetoy=\dimen256
\tikzleveldistance=\dimen257
\tikzsiblingdistance=\dimen258
\tikz@figbox=\box58
\tikz@figbox@bg=\box59
\tikz@tempbox=\box60
\tikz@tempbox@bg=\box61
\tikztreelevel=\count284
\tikznumberofchildren=\count285
\tikznumberofcurrentchild=\count286
\tikz@fig@count=\count287

(/usr/share/texlive/texmf-dist/tex/generic/pgf/modules/pgfmodulematrix.code.tex
File: pgfmodulematrix.code.tex 2023-01-15 v3.1.10 (3.1.10)
\pgfmatrixcurrentrow=\count288
\pgfmatrixcurrentcolumn=\count289
\pgf@matrix@numberofcolumns=\count290
)
\tikz@expandcount=\count291

(/usr/share/texlive/texmf-dist/tex/generic/pgf/frontendlayer/tikz/libraries/tik
zlibrarytopaths.code.tex
File: tikzlibrarytopaths.code.tex 2023-01-15 v3.1.10 (3.1.10)
)))
(/usr/share/texlive/texmf-dist/tex/generic/chemfig/chemfig.tex
(/usr/share/texlive/texmf-dist/tex/generic/simplekv/simplekv.tex
Package: simplekv 2023/10/02 v0.2c Simple keyval package (CT)
)
(/usr/share/texlive/texmf-dist/tex/generic/pgf/libraries/pgflibraryarrows.meta.
code.tex
File: pgflibraryarrows.meta.code.tex 2023-01-15 v3.1.10 (3.1.10)
\pgfarrowinset=\dimen259
\pgfarrowlength=\dimen260
\pgfarrowwidth=\dimen261
\pgfarrowlinewidth=\dimen262
)
\CF_cnt_atomgroup=\count292
\CF_cnt_group=\count293
\CF_cnt_atom=\count294
\CF_cnt_cycle=\count295
\CF_cnt_cyclebonds=\count296
\CF_cnt_compound=\count297
\CF_dim=\dimen263
\CF_turnangle=\dimen264
\CF_arrowsize=\dimen265
\CF_zero=\dimen266
\CF_box=\box62
\CF_boxstuff=\box63
\CF_testbox=\box64
\CF_chargebox=\box65
\CF_substtoks=\toks33
)
Package: chemfig 2023/12/28 v1.66 Draw molecule with an easy syntax (CT)
) (/usr/share/texmf/tex/latex/lm/lmodern.sty
Package: lmodern 2015/05/01 v1.6.1 Latin Modern Fonts
LaTeX Font Info:    Overwriting symbol font `operators' in version `normal'
(Font)                  OT1/cmr/m/n --> OT1/lmr/m/n on input line 22.
LaTeX Font Info:    Overwriting symbol font `letters' in version `normal'
(Font)                  OML/cmm/m/it --> OML/lmm/m/it on input line 23.
LaTeX Font Info:    Overwriting symbol font `symbols' in version `normal'
(Font)                  OMS/cmsy/m/n --> OMS/lmsy/m/n on input line 24.
LaTeX Font Info:    Overwriting symbol font `largesymbols' in version `normal'
(Font)                  OMX/cmex/m/n --> OMX/lmex/m/n on input line 25.
LaTeX Font Info:    Overwriting symbol font `operators' in version `bold'
(Font)                  OT1/cmr/bx/n --> OT1/lmr/bx/n on input line 26.
LaTeX Font Info:    Overwriting symbol font `letters' in version `bold'
(Font)                  OML/cmm/b/it --> OML/lmm/b/it on input line 27.
LaTeX Font Info:    Overwriting symbol font `symbols' in version `bold'
(Font)                  OMS/cmsy/b/n --> OMS/lmsy/b/n on input line 28.
LaTeX Font Info:    Overwriting symbol font `largesymbols' in version `bold'
(Font)                  OMX/cmex/m/n --> OMX/lmex/m/n on input line 29.
LaTeX Font Info:    Overwriting math alphabet `\mathbf' in version `normal'
(Font)                  OT1/cmr/bx/n --> OT1/lmr/bx/n on input line 31.
LaTeX Font Info:    Overwriting math alphabet `\mathsf' in version `normal'
(Font)                  OT1/cmss/m/n --> OT1/lmss/m/n on input line 32.
LaTeX Font Info:    Overwriting math alphabet `\mathit' in version `normal'
(Font)                  OT1/cmr/m/it --> OT1/lmr/m/it on input line 33.
LaTeX Font Info:    Overwriting math alphabet `\mathtt' in version `normal'
(Font)                  OT1/cmtt/m/n --> OT1/lmtt/m/n on input line 34.
LaTeX Font Info:    Overwriting math alphabet `\mathbf' in version `bold'
(Font)                  OT1/cmr/bx/n --> OT1/lmr/bx/n on input line 35.
LaTeX Font Info:    Overwriting math alphabet `\mathsf' in version `bold'
(Font)                  OT1/cmss/bx/n --> OT1/lmss/bx/n on input line 36.
LaTeX Font Info:    Overwriting math alphabet `\mathit' in version `bold'
(Font)                  OT1/cmr/bx/it --> OT1/lmr/bx/it on input line 37.
LaTeX Font Info:    Overwriting math alphabet `\mathtt' in version `bold'
(Font)                  OT1/cmtt/m/n --> OT1/lmtt/m/n on input line 38.
)
(/usr/share/texlive/texmf-dist/tex/latex/hyperref/hyperref.sty
Package: hyperref 2024-01-20 v7.01h Hypertext links for LaTeX

(/usr/share/texlive/texmf-dist/tex/generic/iftex/iftex.sty
Package: iftex 2022/02/03 v1.0f TeX engine tests
)
(/usr/share/texlive/texmf-dist/tex/latex/kvsetkeys/kvsetkeys.sty
Package: kvsetkeys 2022-10-05 v1.19 Key value parser (HO)
)
(/usr/share/texlive/texmf-dist/tex/generic/kvdefinekeys/kvdefinekeys.sty
Package: kvdefinekeys 2019-12-19 v1.6 Define keys (HO)
)
(/usr/share/texlive/texmf-dist/tex/generic/pdfescape/pdfescape.sty
Package: pdfescape 2019/12/09 v1.15 Implements pdfTeX's escape features (HO)

(/usr/share/texlive/texmf-dist/tex/generic/ltxcmds/ltxcmds.sty
Package: ltxcmds 2023-12-04 v1.26 LaTeX kernel commands for general use (HO)
)
(/usr/share/texlive/texmf-dist/tex/generic/pdftexcmds/pdftexcmds.sty
Package: pdftexcmds 2020-06-27 v0.33 Utility functions of pdfTeX for LuaTeX (HO
)

(/usr/share/texlive/texmf-dist/tex/generic/infwarerr/infwarerr.sty
Package: infwarerr 2019/12/03 v1.5 Providing info/warning/error messages (HO)
)
Package pdftexcmds Info: \pdf@primitive is available.
Package pdftexcmds Info: \pdf@ifprimitive is available.
Package pdftexcmds Info: \pdfdraftmode found.
))
(/usr/share/texlive/texmf-dist/tex/latex/hycolor/hycolor.sty
Package: hycolor 2020-01-27 v1.10 Color options for hyperref/bookmark (HO)
)
(/usr/share/texlive/texmf-dist/tex/latex/auxhook/auxhook.sty
Package: auxhook 2019-12-17 v1.6 Hooks for auxiliary files (HO)
)
(/usr/share/texlive/texmf-dist/tex/latex/hyperref/nameref.sty
Package: nameref 2023-11-26 v2.56 Cross-referencing by name of section

(/usr/share/texlive/texmf-dist/tex/latex/refcount/refcount.sty
Package: refcount 2019/12/15 v3.6 Data extraction from label references (HO)
)
(/usr/share/texlive/texmf-dist/tex/generic/gettitlestring/gettitlestring.sty
Package: gettitlestring 2019/12/15 v1.6 Cleanup title references (HO)

(/usr/share/texlive/texmf-dist/tex/latex/kvoptions/kvoptions.sty
Package: kvoptions 2022-06-15 v3.15 Key value format for package options (HO)
))
\c@section@level=\count298
)
(/usr/share/texlive/texmf-dist/tex/latex/etoolbox/etoolbox.sty
Package: etoolbox 2020/10/05 v2.5k e-TeX tools for LaTeX (JAW)
\etb@tempcnta=\count299
)
\@linkdim=\dimen267
\Hy@linkcounter=\count300
\Hy@pagecounter=\count301

(/usr/share/texlive/texmf-dist/tex/latex/hyperref/pd1enc.def
File: pd1enc.def 2024-01-20 v7.01h Hyperref: PDFDocEncoding definition (HO)
Now handling font encoding PD1 ...
... no UTF-8 mapping file for font encoding PD1
)
(/usr/share/texlive/texmf-dist/tex/generic/intcalc/intcalc.sty
Package: intcalc 2019/12/15 v1.3 Expandable calculations with integers (HO)
)
\Hy@SavedSpaceFactor=\count302

(/usr/share/texlive/texmf-dist/tex/latex/hyperref/puenc.def
File: puenc.def 2024-01-20 v7.01h Hyperref: PDF Unicode definition (HO)
Now handling font encoding PU ...
... no UTF-8 mapping file for font encoding PU
)
Package hyperref Info: Hyper figures OFF on input line 4179.
Package hyperref Info: Link nesting OFF on input line 4184.
Package hyperref Info: Hyper index ON on input line 4187.
Package hyperref Info: Plain pages OFF on input line 4194.
Package hyperref Info: Backreferencing OFF on input line 4199.
Package hyperref Info: Implicit mode ON; LaTeX internals redefined.
Package hyperref Info: Bookmarks ON on input line 4446.
\c@Hy@tempcnt=\count303

(/usr/share/texlive/texmf-dist/tex/latex/url/url.sty
\Urlmuskip=\muskip16
Package: url 2013/09/16  ver 3.4  Verb mode for urls, etc.
)
LaTeX Info: Redefining \url on input line 4784.
\XeTeXLinkMargin=\dimen268

(/usr/share/texlive/texmf-dist/tex/generic/bitset/bitset.sty
Package: bitset 2019/12/09 v1.3 Handle bit-vector datatype (HO)

(/usr/share/texlive/texmf-dist/tex/generic/bigintcalc/bigintcalc.sty
Package: bigintcalc 2019/12/15 v1.5 Expandable calculations on big integers (HO
)
))
\Fld@menulength=\count304
\Field@Width=\dimen269
\Fld@charsize=\dimen270
Package hyperref Info: Hyper figures OFF on input line 6063.
Package hyperref Info: Link nesting OFF on input line 6068.
Package hyperref Info: Hyper index ON on input line 6071.
Package hyperref Info: backreferencing OFF on input line 6078.
Package hyperref Info: Link coloring OFF on input line 6083.
Package hyperref Info: Link coloring with OCG OFF on input line 6088.
Package hyperref Info: PDF/A mode OFF on input line 6093.

(/usr/share/texlive/texmf-dist/tex/latex/base/atbegshi-ltx.sty
Package: atbegshi-ltx 2021/01/10 v1.0c Emulation of the original atbegshi
package with kernel methods
)
\Hy@abspage=\count305
\c@Item=\count306
\c@Hfootnote=\count307
)
Package hyperref Info: Driver (autodetected): hpdftex.

(/usr/share/texlive/texmf-dist/tex/latex/hyperref/hpdftex.def
File: hpdftex.def 2024-01-20 v7.01h Hyperref driver for pdfTeX

(/usr/share/texlive/texmf-dist/tex/latex/base/atveryend-ltx.sty
Package: atveryend-ltx 2020/08/19 v1.0a Emulation of the original atveryend pac
kage
with kernel methods
)
\Fld@listcount=\count308
\c@bookmark@seq@number=\count309

(/usr/share/texlive/texmf-dist/tex/latex/rerunfilecheck/rerunfilecheck.sty
Package: rerunfilecheck 2022-07-10 v1.10 Rerun checks for auxiliary files (HO)

(/usr/share/texlive/texmf-dist/tex/generic/uniquecounter/uniquecounter.sty
Package: uniquecounter 2019/12/15 v1.4 Provide unlimited unique counter (HO)
)
Package uniquecounter Info: New unique counter `rerunfilecheck' on input line 2
85.
)
\Hy@SectionHShift=\skip50
)
(/usr/share/texlive/texmf-dist/tex/latex/fancybox/fancybox.sty
Package: fancybox 2010/05/15 1.4

Style option: `fancybox' v1.4 <2010/05/15> (tvz)
\@fancybox=\box66
\shadowsize=\dimen271
\@Sbox=\box67
\do@VerbBox=\toks34
\the@fancyput=\toks35
\this@fancyput=\toks36
\EndVerbatimTokens=\toks37
\Verbatim@Outfile=\write4
\Verbatim@Infile=\read4
) (/usr/share/texlive/texmf-dist/tex/latex/fancyhdr/fancyhdr.sty
Package: fancyhdr 2022/11/09 v4.1 Extensive control of page headers and footers

\f@nch@headwidth=\skip51
\f@nch@O@elh=\skip52
\f@nch@O@erh=\skip53
\f@nch@O@olh=\skip54
\f@nch@O@orh=\skip55
\f@nch@O@elf=\skip56
\f@nch@O@erf=\skip57
\f@nch@O@olf=\skip58
\f@nch@O@orf=\skip59
)
(/usr/share/texlive/texmf-dist/tex/latex/tools/verbatim.sty
Package: verbatim 2023-11-06 v1.5v LaTeX2e package for verbatim enhancements
\every@verbatim=\toks38
\verbatim@line=\toks39
\verbatim@in@stream=\read5
)
(/usr/share/texlive/texmf-dist/tex/latex/geometry/geometry.sty
Package: geometry 2020/01/02 v5.9 Page Geometry

(/usr/share/texlive/texmf-dist/tex/generic/iftex/ifvtex.sty
Package: ifvtex 2019/10/25 v1.7 ifvtex legacy package. Use iftex instead.
)
\Gm@cnth=\count310
\Gm@cntv=\count311
\c@Gm@tempcnt=\count312
\Gm@bindingoffset=\dimen272
\Gm@wd@mp=\dimen273
\Gm@odd@mp=\dimen274
\Gm@even@mp=\dimen275
\Gm@layoutwidth=\dimen276
\Gm@layoutheight=\dimen277
\Gm@layouthoffset=\dimen278
\Gm@layoutvoffset=\dimen279
\Gm@dimlist=\toks40
)
(/usr/share/texlive/texmf-dist/tex/latex/adjustbox/adjustbox.sty
Package: adjustbox 2022/10/17 v1.3a Adjusting TeX boxes (trim, clip, ...)

(/usr/share/texlive/texmf-dist/tex/latex/xkeyval/xkeyval.sty
Package: xkeyval 2022/06/16 v2.9 package option processing (HA)

(/usr/share/texlive/texmf-dist/tex/generic/xkeyval/xkeyval.tex
(/usr/share/texlive/texmf-dist/tex/generic/xkeyval/xkvutils.tex
\XKV@toks=\toks41
\XKV@tempa@toks=\toks42
)
\XKV@depth=\count313
File: xkeyval.tex 2014/12/03 v2.7a key=value parser (HA)
))
(/usr/share/texlive/texmf-dist/tex/latex/adjustbox/adjcalc.sty
Package: adjcalc 2012/05/16 v1.1 Provides advanced setlength with multiple back
-ends (calc, etex, pgfmath)
)
(/usr/share/texlive/texmf-dist/tex/latex/adjustbox/trimclip.sty
Package: trimclip 2020/08/19 v1.2 Trim and clip general TeX material

(/usr/share/texlive/texmf-dist/tex/latex/collectbox/collectbox.sty
Package: collectbox 2022/10/17 v0.4c Collect macro arguments as boxes
\collectedbox=\box68
)
\tc@llx=\dimen280
\tc@lly=\dimen281
\tc@urx=\dimen282
\tc@ury=\dimen283
Package trimclip Info: Using driver 'tc-pdftex.def'.

(/usr/share/texlive/texmf-dist/tex/latex/adjustbox/tc-pdftex.def
File: tc-pdftex.def 2019/01/04 v2.2 Clipping driver for pdftex
))
\adjbox@Width=\dimen284
\adjbox@Height=\dimen285
\adjbox@Depth=\dimen286
\adjbox@Totalheight=\dimen287
\adjbox@pwidth=\dimen288
\adjbox@pheight=\dimen289
\adjbox@pdepth=\dimen290
\adjbox@ptotalheight=\dimen291

(/usr/share/texlive/texmf-dist/tex/latex/ifoddpage/ifoddpage.sty
Package: ifoddpage 2022/10/18 v1.2 Conditionals for odd/even page detection
\c@checkoddpage=\count314
)
(/usr/share/texlive/texmf-dist/tex/latex/varwidth/varwidth.sty
Package: varwidth 2009/03/30 ver 0.92;  Variable-width minipages
\@vwid@box=\box69
\sift@deathcycles=\count315
\@vwid@loff=\dimen292
\@vwid@roff=\dimen293
))
(/usr/share/texlive/texmf-dist/tex/latex/tools/calc.sty
Package: calc 2023/07/08 v4.3 Infix arithmetic (KKT,FJ)
\calc@Acount=\count316
\calc@Bcount=\count317
\calc@Adimen=\dimen294
\calc@Bdimen=\dimen295
\calc@Askip=\skip60
\calc@Bskip=\skip61
LaTeX Info: Redefining \setlength on input line 80.
LaTeX Info: Redefining \addtolength on input line 81.
\calc@Ccount=\count318
\calc@Cskip=\skip62
)
(/usr/share/texlive/texmf-dist/tex/latex/base/ifthen.sty
Package: ifthen 2022/04/13 v1.1d Standard LaTeX ifthen package (DPC)
)
(/usr/share/texlive/texmf-dist/tex/generic/pgf/frontendlayer/tikz/libraries/tik
zlibraryarrows.code.tex
File: tikzlibraryarrows.code.tex 2023-01-15 v3.1.10 (3.1.10)

(/usr/share/texlive/texmf-dist/tex/generic/pgf/libraries/pgflibraryarrows.code.
tex
File: pgflibraryarrows.code.tex 2023-01-15 v3.1.10 (3.1.10)
\arrowsize=\dimen296
)) (/usr/share/texlive/texmf-dist/tex/latex/tikzorbital/tikzorbital.sty
Package: tikzorbital 2012/12/05 draw atomic orbitals and molecular diagrams wit
h tikz

(/usr/share/texlive/texmf-dist/tex/generic/pgf/frontendlayer/tikz/libraries/tik
zlibraryshapes.code.tex
File: tikzlibraryshapes.code.tex 2023-01-15 v3.1.10 (3.1.10)

(/usr/share/texlive/texmf-dist/tex/generic/pgf/frontendlayer/tikz/libraries/tik
zlibraryshapes.geometric.code.tex
File: tikzlibraryshapes.geometric.code.tex 2023-01-15 v3.1.10 (3.1.10)

(/usr/share/texlive/texmf-dist/tex/generic/pgf/libraries/shapes/pgflibraryshape
s.geometric.code.tex
File: pgflibraryshapes.geometric.code.tex 2023-01-15 v3.1.10 (3.1.10)
))
(/usr/share/texlive/texmf-dist/tex/generic/pgf/frontendlayer/tikz/libraries/tik
zlibraryshapes.misc.code.tex
File: tikzlibraryshapes.misc.code.tex 2023-01-15 v3.1.10 (3.1.10)

(/usr/share/texlive/texmf-dist/tex/generic/pgf/libraries/shapes/pgflibraryshape
s.misc.code.tex
File: pgflibraryshapes.misc.code.tex 2023-01-15 v3.1.10 (3.1.10)
))
(/usr/share/texlive/texmf-dist/tex/generic/pgf/frontendlayer/tikz/libraries/tik
zlibraryshapes.symbols.code.tex
File: tikzlibraryshapes.symbols.code.tex 2023-01-15 v3.1.10 (3.1.10)

(/usr/share/texlive/texmf-dist/tex/generic/pgf/libraries/shapes/pgflibraryshape
s.symbols.code.tex
File: pgflibraryshapes.symbols.code.tex 2023-01-15 v3.1.10 (3.1.10)
))
(/usr/share/texlive/texmf-dist/tex/generic/pgf/frontendlayer/tikz/libraries/tik
zlibraryshapes.arrows.code.tex
File: tikzlibraryshapes.arrows.code.tex 2023-01-15 v3.1.10 (3.1.10)

(/usr/share/texlive/texmf-dist/tex/generic/pgf/libraries/shapes/pgflibraryshape
s.arrows.code.tex
File: pgflibraryshapes.arrows.code.tex 2023-01-15 v3.1.10 (3.1.10)
))
(/usr/share/texlive/texmf-dist/tex/generic/pgf/frontendlayer/tikz/libraries/tik
zlibraryshapes.callouts.code.tex
(/usr/share/texlive/texmf-dist/tex/generic/pgf/libraries/shapes/pgflibraryshape
s.callouts.code.tex))
(/usr/share/texlive/texmf-dist/tex/generic/pgf/frontendlayer/tikz/libraries/tik
zlibraryshapes.multipart.code.tex
File: tikzlibraryshapes.multipart.code.tex 2023-01-15 v3.1.10 (3.1.10)

(/usr/share/texlive/texmf-dist/tex/generic/pgf/libraries/shapes/pgflibraryshape
s.multipart.code.tex
File: pgflibraryshapes.multipart.code.tex 2023-01-15 v3.1.10 (3.1.10)
\pgfnodepartlowerbox=\box70
\pgfnodeparttwobox=\box71
\pgfnodepartthreebox=\box72
\pgfnodepartfourbox=\box73
\pgfnodeparttwentybox=\box74
\pgfnodepartnineteenbox=\box75
\pgfnodeparteighteenbox=\box76
\pgfnodepartseventeenbox=\box77
\pgfnodepartsixteenbox=\box78
\pgfnodepartfifteenbox=\box79
\pgfnodepartfourteenbox=\box80
\pgfnodepartthirteenbox=\box81
\pgfnodeparttwelvebox=\box82
\pgfnodepartelevenbox=\box83
\pgfnodeparttenbox=\box84
\pgfnodepartninebox=\box85
\pgfnodeparteightbox=\box86
\pgfnodepartsevenbox=\box87
\pgfnodepartsixbox=\box88
\pgfnodepartfivebox=\box89
)))
\pgf@layerbox@background=\box90
\pgf@layerboxsaved@background=\box91
\pgf@layerbox@foreground=\box92
\pgf@layerboxsaved@foreground=\box93
)
(/usr/share/texlive/texmf-dist/tex/latex/braket/braket.sty)
(/usr/share/texlive/texmf-dist/tex/latex/caption/caption.sty
Package: caption 2023/08/05 v3.6o Customizing captions (AR)

(/usr/share/texlive/texmf-dist/tex/latex/caption/caption3.sty
Package: caption3 2023/07/31 v2.4d caption3 kernel (AR)
\caption@tempdima=\dimen297
\captionmargin=\dimen298
\caption@leftmargin=\dimen299
\caption@rightmargin=\dimen300
\caption@width=\dimen301
\caption@indent=\dimen302
\caption@parindent=\dimen303
\caption@hangindent=\dimen304
Package caption Info: Standard document class detected.
Package caption Info: french babel package is loaded.
)
\c@caption@flags=\count319
\c@continuedfloat=\count320
Package caption Info: hyperref package is loaded.
)
(/usr/share/texlive/texmf-dist/tex/latex/amsmath/amsmath.sty
Package: amsmath 2023/05/13 v2.17o AMS math features
\@mathmargin=\skip63

For additional information on amsmath, use the `?' option.
(/usr/share/texlive/texmf-dist/tex/latex/amsmath/amstext.sty
Package: amstext 2021/08/26 v2.01 AMS text

(/usr/share/texlive/texmf-dist/tex/latex/amsmath/amsgen.sty
File: amsgen.sty 1999/11/30 v2.0 generic functions
\@emptytoks=\toks43
\ex@=\dimen305
))
(/usr/share/texlive/texmf-dist/tex/latex/amsmath/amsbsy.sty
Package: amsbsy 1999/11/29 v1.2d Bold Symbols
\pmbraise@=\dimen306
)
(/usr/share/texlive/texmf-dist/tex/latex/amsmath/amsopn.sty
Package: amsopn 2022/04/08 v2.04 operator names
)
\inf@bad=\count321
LaTeX Info: Redefining \frac on input line 234.
\uproot@=\count322
\leftroot@=\count323
LaTeX Info: Redefining \overline on input line 399.
LaTeX Info: Redefining \colon on input line 410.
\classnum@=\count324
\DOTSCASE@=\count325
LaTeX Info: Redefining \ldots on input line 496.
LaTeX Info: Redefining \dots on input line 499.
LaTeX Info: Redefining \cdots on input line 620.
\Mathstrutbox@=\box94
\strutbox@=\box95
LaTeX Info: Redefining \big on input line 722.
LaTeX Info: Redefining \Big on input line 723.
LaTeX Info: Redefining \bigg on input line 724.
LaTeX Info: Redefining \Bigg on input line 725.
\big@size=\dimen307
LaTeX Font Info:    Redeclaring font encoding OML on input line 743.
LaTeX Font Info:    Redeclaring font encoding OMS on input line 744.
\macc@depth=\count326
LaTeX Info: Redefining \bmod on input line 905.
LaTeX Info: Redefining \pmod on input line 910.
LaTeX Info: Redefining \smash on input line 940.
LaTeX Info: Redefining \relbar on input line 970.
LaTeX Info: Redefining \Relbar on input line 971.
\c@MaxMatrixCols=\count327
\dotsspace@=\muskip17
\c@parentequation=\count328
\dspbrk@lvl=\count329
\tag@help=\toks44
\row@=\count330
\column@=\count331
\maxfields@=\count332
\andhelp@=\toks45
\eqnshift@=\dimen308
\alignsep@=\dimen309
\tagshift@=\dimen310
\tagwidth@=\dimen311
\totwidth@=\dimen312
\lineht@=\dimen313
\@envbody=\toks46
\multlinegap=\skip64
\multlinetaggap=\skip65
\mathdisplay@stack=\toks47
LaTeX Info: Redefining \[ on input line 2953.
LaTeX Info: Redefining \] on input line 2954.
)
(/usr/share/texlive/texmf-dist/tex/latex/amsfonts/amsfonts.sty
Package: amsfonts 2013/01/14 v3.01 Basic AMSFonts support
\symAMSa=\mathgroup4
\symAMSb=\mathgroup5
LaTeX Font Info:    Redeclaring math symbol \hbar on input line 98.
LaTeX Font Info:    Overwriting math alphabet `\mathfrak' in version `bold'
(Font)                  U/euf/m/n --> U/euf/b/n on input line 106.
)
(/usr/share/texlive/texmf-dist/tex/latex/amsfonts/amssymb.sty
Package: amssymb 2013/01/14 v3.01 AMS font symbols
)
(/usr/share/texlive/texmf-dist/tex/latex/jknapltx/mathrsfs.sty
Package: mathrsfs 1996/01/01 Math RSFS package v1.0 (jk)
\symrsfs=\mathgroup6
)
(/usr/share/texlive/texmf-dist/tex/latex/enumitem/enumitem.sty
Package: enumitem 2019/06/20 v3.9 Customized lists
\labelindent=\skip66
\enit@outerparindent=\dimen314
\enit@toks=\toks48
\enit@inbox=\box96
\enit@count@id=\count333
\enitdp@description=\count334
)
(/usr/share/texlive/texmf-dist/tex/latex/mhchem/mhchem.sty
Package: mhchem 2024/01/29 v4.10 for typesetting chemical formulae

(/usr/share/texlive/texmf-dist/tex/latex/l3kernel/expl3.sty
Package: expl3 2024-01-22 L3 programming layer (loader) 

(/usr/share/texlive/texmf-dist/tex/latex/l3backend/l3backend-pdftex.def
File: l3backend-pdftex.def 2024-01-04 L3 backend support: PDF output (pdfTeX)
\l__color_backend_stack_int=\count335
\l__pdf_internal_box=\box97
))
(/usr/share/texlive/texmf-dist/tex/latex/l3packages/l3keys2e/l3keys2e.sty
Package: l3keys2e 2023-10-10 LaTeX2e option processing using LaTeX3 keys
)
(/usr/share/texlive/texmf-dist/tex/latex/chemgreek/chemgreek.sty
(/usr/share/texlive/texmf-dist/tex/latex/l3packages/xparse/xparse.sty
Package: xparse 2023-10-10 L3 Experimental document command parser
)
Package: chemgreek 2020/01/16 v1.1a interface for upright Greek letters for use
 in chemistry (CN)
\l__chemgreek_tmpa_int=\count336
\g__chemgreek_tmpa_int=\count337
)
\l__mhchem_ce_distanceFromLastComma_int=\count338
\__mhchem_arrow_extPgfLength_skip=\skip67
\mhchem@minispace@tmp=\skip68
\mhchem@minibackspace@tmp=\skip69
\mhchem@bondwidth=\skip70
\mhchem@bondheight=\skip71
\mhchem@smallbondwidth@tmpA=\skip72
\mhchem@smallbondwidth@tmpB=\skip73
\mhchem@smallbondwidth=\skip74
\mhchem@bondtmp@minussidebearingleft=\skip75
\mhchem@bondtmp@minussidebearingright=\skip76
\l__mhchem_option_version_int=\count339
\mhchem@option@minusmathsidebearingleft=\dimen315
\mhchem@option@minusmathsidebearingright=\dimen316
\mhchem@option@minustextsidebearingleft=\dimen317
\mhchem@option@minustextsidebearingright=\dimen318
)
(/usr/share/texlive/texmf-dist/tex/latex/siunitx/siunitx.sty
Package: siunitx 2024-01-25 v3.3.10 A comprehensive (SI) units package
\l__siunitx_number_uncert_offset_int=\count340
\l__siunitx_number_exponent_fixed_int=\count341
\l__siunitx_number_min_decimal_int=\count342
\l__siunitx_number_min_integer_int=\count343
\l__siunitx_number_round_precision_int=\count344
\l__siunitx_number_lower_threshold_int=\count345
\l__siunitx_number_upper_threshold_int=\count346
\l__siunitx_number_group_first_int=\count347
\l__siunitx_number_group_size_int=\count348
\l__siunitx_number_group_minimum_int=\count349
\l__siunitx_angle_tmp_dim=\dimen319
\l__siunitx_angle_marker_box=\box98
\l__siunitx_angle_unit_box=\box99
\l__siunitx_compound_count_int=\count350

(/usr/share/texlive/texmf-dist/tex/latex/translations/translations.sty
Package: translations 2022/02/05 v1.12 internationalization of LaTeX2e packages
 (CN)
)
\l__siunitx_table_tmp_box=\box100
\l__siunitx_table_tmp_dim=\dimen320
\l__siunitx_table_column_width_dim=\dimen321
\l__siunitx_table_integer_box=\box101
\l__siunitx_table_decimal_box=\box102
\l__siunitx_table_uncert_box=\box103
\l__siunitx_table_before_box=\box104
\l__siunitx_table_after_box=\box105
\l__siunitx_table_before_dim=\dimen322
\l__siunitx_table_carry_dim=\dimen323
\l__siunitx_unit_tmp_int=\count351
\l__siunitx_unit_position_int=\count352
\l__siunitx_unit_total_int=\count353


Package siunitx Warning: Option "load-configurations" has been removed in this
(siunitx)                release.

(/usr/share/texlive/texmf-dist/tex/latex/tools/array.sty
Package: array 2023/10/16 v2.5g Tabular extension package (FMi)
\col@sep=\dimen324
\ar@mcellbox=\box106
\extrarowheight=\dimen325
\NC@list=\toks49
\extratabsurround=\skip77
\backup@length=\skip78
\ar@cellbox=\box107
))
(/usr/share/texlive/texmf-dist/tex/latex/tcolorbox/tcolorbox.sty
Package: tcolorbox 2024/01/10 version 6.2.0 text color boxes

(/usr/share/texlive/texmf-dist/tex/latex/environ/environ.sty
Package: environ 2014/05/04 v0.3 A new way to define environments

(/usr/share/texlive/texmf-dist/tex/latex/trimspaces/trimspaces.sty
Package: trimspaces 2009/09/17 v1.1 Trim spaces around a token list
))
\tcb@titlebox=\box108
\tcb@upperbox=\box109
\tcb@lowerbox=\box110
\tcb@phantombox=\box111
\c@tcbbreakpart=\count354
\c@tcblayer=\count355
\c@tcolorbox@number=\count356
\l__tcobox_tmpa_box=\box112
\l__tcobox_tmpa_dim=\dimen326
\tcb@temp=\box113
\tcb@temp=\box114
\tcb@temp=\box115
\tcb@temp=\box116

(/usr/share/texlive/texmf-dist/tex/latex/tcolorbox/tcbraster.code.tex
Library (tcolorbox): 'tcbraster.code.tex' version '6.2.0'
\c@tcbrastercolumn=\count357
\c@tcbrasterrow=\count358
\c@tcbrasternum=\count359
\c@tcbraster=\count360
) (/usr/share/texlive/texmf-dist/tex/latex/tcolorbox/tcbskins.code.tex
Library (tcolorbox): 'tcbskins.code.tex' version '6.2.0'
(/usr/share/texlive/texmf-dist/tex/latex/tikzfill/tikzfill.image.sty
Package: tikzfill.image 2023/08/08 v1.0.1 Image filling library for TikZ

(/usr/share/texlive/texmf-dist/tex/latex/tikzfill/tikzfill-common.sty
Package: tikzfill-common 2023/08/08 v1.0.1 Auxiliary code for tikzfill
)
(/usr/share/texlive/texmf-dist/tex/latex/tikzfill/tikzlibraryfill.image.code.te
x
File: tikzlibraryfill.image.code.tex 2023/08/08 v1.0.1 Image filling library
\l__tikzfill_img_box=\box117
)) (/usr/share/texlive/texmf-dist/tex/latex/tcolorbox/tcbskinsjigsaw.code.tex
Library (tcolorbox): 'tcbskinsjigsaw.code.tex' version '6.2.0'
)) (/usr/share/texlive/texmf-dist/tex/latex/tcolorbox/tcbbreakable.code.tex
Library (tcolorbox): 'tcbbreakable.code.tex' version '6.2.0'
(/usr/share/texlive/texmf-dist/tex/latex/pdfcol/pdfcol.sty
Package: pdfcol 2022-09-21 v1.7 Handle new color stacks for pdfTeX (HO)
)
Package pdfcol Info: New color stack `tcb@breakable' = 1 on input line 23.
\tcb@testbox=\box118
\tcb@totalupperbox=\box119
\tcb@totallowerbox=\box120
)
(/usr/share/texlive/texmf-dist/tex/latex/tcolorbox/tcbhooks.code.tex
Library (tcolorbox): 'tcbhooks.code.tex' version '6.2.0'
) (/usr/share/texlive/texmf-dist/tex/latex/tcolorbox/tcbtheorems.code.tex
Library (tcolorbox): 'tcbtheorems.code.tex' version '6.2.0'
) (/usr/share/texlive/texmf-dist/tex/latex/tcolorbox/tcbfitting.code.tex
Library (tcolorbox): 'tcbfitting.code.tex' version '6.2.0'
\tcbfitdim=\dimen327
\tcb@lowerfitdim=\dimen328
\tcb@upperfitdim=\dimen329
\tcb@cur@hbadness=\count361
)) (/usr/share/texlive/texmf-dist/tex/latex/amscls/amsthm.sty
Package: amsthm 2020/05/29 v2.20.6
\thm@style=\toks50
\thm@bodyfont=\toks51
\thm@headfont=\toks52
\thm@notefont=\toks53
\thm@headpunct=\toks54
\thm@preskip=\skip79
\thm@postskip=\skip80
\thm@headsep=\skip81
\dth@everypar=\toks55
)
(/usr/share/texlive/texmf-dist/tex/latex/doclicense/doclicense.sty
Package: doclicense 2023/10/01 v3.3.0 Support for putting documents under a lic
ense

(/usr/share/texlive/texmf-dist/tex/latex/xifthen/xifthen.sty
Package: xifthen 2015/11/05 v1.4.0 Extended ifthen features

(/usr/share/texlive/texmf-dist/tex/latex/ifmtarg/ifmtarg.sty
Package: ifmtarg 2018/04/16 v1.2b check for an empty argument
))
(/usr/share/texlive/texmf-dist/tex/generic/xstring/xstring.sty
(/usr/share/texlive/texmf-dist/tex/generic/xstring/xstring.tex
\xs_counta=\count362
\xs_countb=\count363
)
Package: xstring 2023/08/22 v1.86 String manipulations (CT)
)
(/usr/share/texlive/texmf-dist/tex/latex/tools/xspace.sty
Package: xspace 2014/10/28 v1.13 Space after command names (DPC,MH)
)
(/usr/share/texlive/texmf-dist/tex/latex/hyperxmp/hyperxmp.sty
Package: hyperxmp 2023/09/10 v5.12 Store hyperref metadata in XMP format
\hyxmp@aep@toks=\toks56

(/usr/share/texlive/texmf-dist/tex/generic/stringenc/stringenc.sty
Package: stringenc 2019/11/29 v1.12 Convert strings between diff. encodings (HO
)
)
\@hyxmp@count=\count364

(/usr/share/texlive/texmf-dist/tex/latex/oberdiek/ifdraft.sty
Package: ifdraft 2016/05/16 v1.4 Detect class options draft and final (HO)
)
(/usr/share/texlive/texmf-dist/tex/generic/iftex/ifluatex.sty
Package: ifluatex 2019/10/25 v1.5 ifluatex legacy package. Use iftex instead.
))
\doclicense@hsize=\skip82

(/usr/share/texlive/texmf-dist/tex/latex/doclicense/doclicense-french.ldf
File: doclicense-french.ldf 
))
(/usr/share/texlive/texmf-dist/tex/latex/wrapfig/wrapfig.sty
\wrapoverhang=\dimen330
\WF@size=\dimen331
\c@WF@wrappedlines=\count365
\WF@box=\box121
\WF@everypar=\toks57
Package: wrapfig 2003/01/31  v 3.6
)
(/usr/share/texlive/texmf-dist/tex/latex/fontawesome/fontawesome.sty
Package: fontawesome 2016/05/15 v4.6.3.1 font awesome icons

(/usr/share/texlive/texmf-dist/tex/generic/iftex/ifxetex.sty
Package: ifxetex 2019/10/25 v0.7 ifxetex legacy package. Use iftex instead.
)
(/usr/share/texlive/texmf-dist/tex/latex/fontawesome/fontawesomesymbols-generic
.tex)
(/usr/share/texlive/texmf-dist/tex/latex/fontawesome/fontawesomesymbols-pdftex.
tex)) (/usr/share/texlive/texmf-dist/tex/latex/multirow/multirow.sty
Package: multirow 2021/03/15 v2.8 Span multiple rows of a table
\multirow@colwidth=\skip83
\multirow@cntb=\count366
\multirow@dima=\skip84
\bigstrutjot=\dimen332
)
(/usr/share/texlive/texmf-dist/tex/latex/booktabs/booktabs.sty
Package: booktabs 2020/01/12 v1.61803398 Publication quality tables
\heavyrulewidth=\dimen333
\lightrulewidth=\dimen334
\cmidrulewidth=\dimen335
\belowrulesep=\dimen336
\belowbottomsep=\dimen337
\aboverulesep=\dimen338
\abovetopsep=\dimen339
\cmidrulesep=\dimen340
\cmidrulekern=\dimen341
\defaultaddspace=\dimen342
\@cmidla=\count367
\@cmidlb=\count368
\@aboverulesep=\dimen343
\@belowrulesep=\dimen344
\@thisruleclass=\count369
\@lastruleclass=\count370
\@thisrulewidth=\dimen345
)
(/usr/share/texlive/texmf-dist/tex/latex/background/background.sty
Package: background 2014/03/04 v2.1 background material

(/usr/share/texlive/texmf-dist/tex/latex/everypage/everypage.sty
Package: everypage 2020/10/17 R2.0b Hooks to run on every page


Package everypage Warning: Functionality similar to this package has recently
(everypage)                been implemented in LaTeX. This package is now in
(everypage)                legacy status.
(everypage)                Please, don't use it in new documents and packages.


Package everypage Warning: You appear to be running a version of LaTeX
(everypage)                providing the new functionality.
(everypage)                Doing the best to deliver the original `everypage`
(everypage)                interface on top of it. Strict equivalence is
(everypage)                not possible, breakage may occur.
(everypage)                If truly needed, Use `everypage-1x` to force the
(everypage)                loading of an older code base.

) (/usr/share/texlive/texmf-dist/tex/latex/tools/afterpage.sty
Package: afterpage 2023/07/04 v1.08 After-Page Package (DPC)
\AP@output=\toks58
\AP@partial=\box122
\AP@footins=\box123
))
(/usr/share/texlive/texmf-dist/tex/latex/float/float.sty
Package: float 2001/11/08 v1.3d Float enhancements (AL)
\c@float@type=\count371
\float@exts=\toks59
\float@box=\box124
\@float@everytoks=\toks60
\@floatcapt=\box125
)
(/usr/share/texlive/texmf-dist/tex/latex/subfig/subfig.sty
Package: subfig 2005/06/28 ver: 1.3 subfig package
\c@KVtest=\count372
\sf@farskip=\skip85
\sf@captopadj=\dimen346
\sf@capskip=\skip86
\sf@nearskip=\skip87
\c@subfigure=\count373
\c@subfigure@save=\count374
\c@lofdepth=\count375
\c@subtable=\count376
\c@subtable@save=\count377
\c@lotdepth=\count378
\sf@top=\skip88
\sf@bottom=\skip89
)
\c@Q=\count379
Package hyperref Info: Option `colorlinks' set `true' on input line 152.

(/usr/share/texlive/texmf-dist/tex/latex/boxedminipage/boxedminipage.sty
Package: boxedminipage 2020/04/19 v1.1 Boxed LaTeX2e minipages
\bmp@box=\box126
\bmp@width=\skip90
\bmp@height=\skip91
)
\hblanc=\skip92
\hblancbis=\skip93


Package geometry Warning: Over-specification in `h'-direction.
    `width' (433.62pt) is ignored.


Package geometry Warning: Over-specification in `v'-direction.
    `height' (578.15999pt) is ignored.

(/usr/share/texlive/texmf-dist/tex/latex/ragged2e/ragged2e.sty
Package: ragged2e 2023/06/22 v3.6 ragged2e Package
\CenteringLeftskip=\skip94
\RaggedLeftLeftskip=\skip95
\RaggedRightLeftskip=\skip96
\CenteringRightskip=\skip97
\RaggedLeftRightskip=\skip98
\RaggedRightRightskip=\skip99
\CenteringParfillskip=\skip100
\RaggedLeftParfillskip=\skip101
\RaggedRightParfillskip=\skip102
\JustifyingParfillskip=\skip103
\CenteringParindent=\skip104
\RaggedLeftParindent=\skip105
\RaggedRightParindent=\skip106
\JustifyingParindent=\skip107
)
\c@mySideNoteCounter=\count380

(/usr/share/texlive/texmf-dist/tex/latex/todonotes/todonotes.sty
Package: todonotes 2024/01/05 v1.1.7 Todonotes source and documentation.
Package: todonotes 2024/01/05

(/usr/share/texlive/texmf-dist/tex/generic/pgf/frontendlayer/tikz/libraries/tik
zlibrarypositioning.code.tex
File: tikzlibrarypositioning.code.tex 2023-01-15 v3.1.10 (3.1.10)
)
\c@@todonotes@numberoftodonotes=\count381
))
(/usr/share/texlive/texmf-dist/tex/latex/ccicons/ccicons.sty
Package: ccicons 2017/10/30 v1.6 LaTeX support for Creative Commons icons
)
(/usr/share/texlive/texmf-dist/tex/latex/csquotes/csquotes.sty
Package: csquotes 2022-09-14 v5.2n context-sensitive quotations (JAW)
\csq@reset=\count382
\csq@gtype=\count383
\csq@glevel=\count384
\csq@qlevel=\count385
\csq@maxlvl=\count386
\csq@tshold=\count387
\csq@ltx@everypar=\toks61

(/usr/share/texlive/texmf-dist/tex/latex/csquotes/csquotes.def
File: csquotes.def 2022-09-14 v5.2n csquotes generic definitions (JAW)
)
Package csquotes Info: Trying to load configuration file 'csquotes.cfg'...
Package csquotes Info: ... configuration file loaded successfully.

(/usr/share/texlive/texmf-dist/tex/latex/csquotes/csquotes.cfg
File: csquotes.cfg 
))
LaTeX Font Info:    Trying to load font information for T1+lmr on input line 9.


(/usr/share/texmf/tex/latex/lm/t1lmr.fd
File: t1lmr.fd 2015/05/01 v1.6.1 Font defs for Latin Modern
) (./main.aux)
\openout1 = `main.aux'.

LaTeX Font Info:    Checking defaults for OML/cmm/m/it on input line 9.
LaTeX Font Info:    ... okay on input line 9.
LaTeX Font Info:    Checking defaults for OMS/cmsy/m/n on input line 9.
LaTeX Font Info:    ... okay on input line 9.
LaTeX Font Info:    Checking defaults for OT1/cmr/m/n on input line 9.
LaTeX Font Info:    ... okay on input line 9.
LaTeX Font Info:    Checking defaults for T1/cmr/m/n on input line 9.
LaTeX Font Info:    ... okay on input line 9.
LaTeX Font Info:    Checking defaults for TS1/cmr/m/n on input line 9.
LaTeX Font Info:    ... okay on input line 9.
LaTeX Font Info:    Checking defaults for OMX/cmex/m/n on input line 9.
LaTeX Font Info:    ... okay on input line 9.
LaTeX Font Info:    Checking defaults for U/cmr/m/n on input line 9.
LaTeX Font Info:    ... okay on input line 9.
LaTeX Font Info:    Checking defaults for PD1/pdf/m/n on input line 9.
LaTeX Font Info:    ... okay on input line 9.
LaTeX Font Info:    Checking defaults for PU/pdf/m/n on input line 9.
LaTeX Font Info:    ... okay on input line 9.
LaTeX Info: Redefining \degres on input line 9.
Package french.ldf Info: Setting StandardItemizeEnv=true for
(french.ldf)             compatibility with enumitem package,
(french.ldf)             reported on input line 9.
Package french.ldf Info: Setting StandardEnumerateEnv=true for
(french.ldf)             compatibility with enumitem package,
(french.ldf)             reported on input line 9.
LaTeX Info: Redefining \up on input line 9.

(/usr/share/texlive/texmf-dist/tex/context/base/mkii/supp-pdf.mkii
[Loading MPS to PDF converter (version 2006.09.02).]
\scratchcounter=\count388
\scratchdimen=\dimen347
\scratchbox=\box127
\nofMPsegments=\count389
\nofMParguments=\count390
\everyMPshowfont=\toks62
\MPscratchCnt=\count391
\MPscratchDim=\dimen348
\MPnumerator=\count392
\makeMPintoPDFobject=\count393
\everyMPtoPDFconversion=\toks63
) (/usr/share/texlive/texmf-dist/tex/latex/epstopdf-pkg/epstopdf-base.sty
Package: epstopdf-base 2020-01-24 v2.11 Base part for package epstopdf
Package epstopdf-base Info: Redefining graphics rule for `.eps' on input line 4
85.

(/usr/share/texlive/texmf-dist/tex/latex/latexconfig/epstopdf-sys.cfg
File: epstopdf-sys.cfg 2010/07/13 v1.3 Configuration of (r)epstopdf for TeX Liv
e
))
Package hyperref Info: Link coloring ON on input line 9.

(./main.out) (./main.out)
\@outlinefile=\write5
\openout5 = `main.out'.


*geometry* driver: auto-detecting
*geometry* detected driver: pdftex
*geometry* verbose mode - [ preamble ] result:
* driver: pdftex
* paper: a4paper
* layout: <same size as paper>
* layoutoffset:(h,v)=(0.0pt,0.0pt)
* modes: twoside 
* h-part:(L,W,R)=(28.45274pt, 512.14963pt, 56.9055pt)
* v-part:(T,H,B)=(56.9055pt, 731.23584pt, 56.9055pt)
* \paperwidth=597.50787pt
* \paperheight=845.04684pt
* \textwidth=512.14963pt
* \textheight=731.23584pt
* \oddsidemargin=-43.81725pt
* \evensidemargin=-15.36449pt
* \topmargin=-45.43198pt
* \headheight=12.0pt
* \headsep=18.06749pt
* \topskip=10.0pt
* \footskip=25.29494pt
* \marginparwidth=142.26378pt
* \marginparsep=5.69046pt
* \columnsep=99.58464pt
* \skip\footins=9.0pt plus 4.0pt minus 2.0pt
* \hoffset=0.0pt
* \voffset=0.0pt
* \mag=1000
* \@twocolumnfalse
* \@twosidetrue
* \@mparswitchtrue
* \@reversemarginfalse
* (1in=72.27pt=25.4mm, 1cm=28.453pt)

Package caption Info: Begin \AtBeginDocument code.
Package caption Info: subfig package v1.3 is loaded.
Package caption Info: float package is loaded.
Package caption Info: wrapfig package is loaded.
Package caption Info: End \AtBeginDocument code.

Package chemgreek Info: Activating mapping `default' on line 9.


(/usr/share/texlive/texmf-dist/tex/latex/translations/translations-basic-dictio
nary-french.trsl
File: translations-basic-dictionary-french.trsl (french translation file `trans
lations-basic-dictionary')
)
Package translations Info: loading dictionary `translations-basic-dictionary' f
or `french'. on input line 9.
LaTeX Font Info:    Trying to load font information for T1+lmss on input line 1
3.
 (/usr/share/texmf/tex/latex/lm/t1lmss.fd
File: t1lmss.fd 2015/05/01 v1.6.1 Font defs for Latin Modern
)
<logo.png, id=706, 737.75626pt x 179.67125pt>
File: logo.png Graphic file (type png)
<use logo.png>
Package pdftex.def Info: logo.png  used on input line 18.
(pdftex.def)             Requested size: 467.33304pt x 113.81102pt.


LaTeX Font Warning: Font shape `T1/lmss/m/sc' in size <10> not available
(Font)              Font shape `T1/lmr/m/sc' tried instead on input line 20.


LaTeX Font Warning: Font shape `T1/lmss/m/sc' in size <17.28> not available
(Font)              Font shape `T1/lmr/m/sc' tried instead on input line 20.


LaTeX Font Warning: Font shape `T1/lmss/m/sc' in size <14.4> not available
(Font)              Font shape `T1/lmr/m/sc' tried instead on input line 22.


LaTeX Font Warning: Font shape `T1/lmss/m/sc' in size <12> not available
(Font)              Font shape `T1/lmr/m/sc' tried instead on input line 24.

LaTeX Font Info:    Trying to load font information for U+fontawesometwo on inp
ut line 42.
(/usr/share/texlive/texmf-dist/tex/latex/fontawesome/ufontawesometwo.fd
File: ufontawesometwo.fd 2016/05/22 Font definitions for U/fontawesometwo.
)
LaTeX Font Info:    Trying to load font information for U+fontawesomeone on inp
ut line 43.

(/usr/share/texlive/texmf-dist/tex/latex/fontawesome/ufontawesomeone.fd
File: ufontawesomeone.fd 2016/05/22 Font definitions for U/fontawesomeone.
)
LaTeX Font Info:    Trying to load font information for OT1+lmr on input line 4
5.

(/usr/share/texmf/tex/latex/lm/ot1lmr.fd
File: ot1lmr.fd 2015/05/01 v1.6.1 Font defs for Latin Modern
)
LaTeX Font Info:    Trying to load font information for OML+lmm on input line 4
5.

(/usr/share/texmf/tex/latex/lm/omllmm.fd
File: omllmm.fd 2015/05/01 v1.6.1 Font defs for Latin Modern
)
LaTeX Font Info:    Trying to load font information for OMS+lmsy on input line 
45.

(/usr/share/texmf/tex/latex/lm/omslmsy.fd
File: omslmsy.fd 2015/05/01 v1.6.1 Font defs for Latin Modern
)
LaTeX Font Info:    Trying to load font information for OMX+lmex on input line 
45.

(/usr/share/texmf/tex/latex/lm/omxlmex.fd
File: omxlmex.fd 2015/05/01 v1.6.1 Font defs for Latin Modern
)
LaTeX Font Info:    External font `lmex10' loaded for size
(Font)              <10> on input line 45.
LaTeX Font Info:    External font `lmex10' loaded for size
(Font)              <7> on input line 45.
LaTeX Font Info:    External font `lmex10' loaded for size
(Font)              <5> on input line 45.
LaTeX Font Info:    Trying to load font information for U+msa on input line 45.


(/usr/share/texlive/texmf-dist/tex/latex/amsfonts/umsa.fd
File: umsa.fd 2013/01/14 v3.01 AMS symbols A
)
LaTeX Font Info:    Trying to load font information for U+msb on input line 45.


(/usr/share/texlive/texmf-dist/tex/latex/amsfonts/umsb.fd
File: umsb.fd 2013/01/14 v3.01 AMS symbols B
)
LaTeX Font Info:    Trying to load font information for U+rsfs on input line 45
.

(/usr/share/texlive/texmf-dist/tex/latex/jknapltx/ursfs.fd
File: ursfs.fd 1998/03/24 rsfs font definition file (jk)
)
<doclicense-CC-by-nc-sa-eu-88x31.pdf, id=711, 90.3375pt x 31.61812pt>
File: doclicense-CC-by-nc-sa-eu-88x31.pdf Graphic file (type pdf)
<use doclicense-CC-by-nc-sa-eu-88x31.pdf>
Package pdftex.def Info: doclicense-CC-by-nc-sa-eu-88x31.pdf  used on input lin
e 61.
(pdftex.def)             Requested size: 74.375pt x 26.03122pt.
<garde-3.pdf, id=712, 597.3838pt x 793.8137pt>
File: garde-3.pdf Graphic file (type pdf)
<use garde-3.pdf>
Package pdftex.def Info: garde-3.pdf  used on input line 65.
(pdftex.def)             Requested size: 597.50995pt x 845.10864pt.
 [1


{/var/lib/texmf/fonts/map/pdftex/updmap/pdftex.map}{/usr/share/texmf/fonts/enc/
dvips/lm/lm-ec.enc}{/usr/share/texlive/texmf-dist/fonts/enc/dvips/fontawesome/f
ontawesometwo.enc}{/usr/share/texlive/texmf-dist/fonts/enc/dvips/fontawesome/fo
ntawesomeone.enc} <./garde-3.pdf> <./logo.png> </usr/share/texlive/texmf-dist/t
ex/latex/doclicense/images/doclicense-CC-by-nc-sa-eu-88x31.pdf

pdfTeX warning: /usr/bin/pdflatex (file /usr/share/texlive/texmf-dist/tex/latex
/doclicense/images/doclicense-CC-by-nc-sa-eu-88x31.pdf): PDF inclusion: multipl
e pdfs with page group included in a single page
>]
<cc-by-nc-sa.png, id=736, 1284.8pt x 449.68pt>
File: cc-by-nc-sa.png Graphic file (type png)
<use cc-by-nc-sa.png>
Package pdftex.def Info: cc-by-nc-sa.png  used on input line 68.
(pdftex.def)             Requested size: 40.64pt x 14.22636pt.
 [2

 <./cc-by-nc-sa.png>] (./main.toc [3]

Package fancyhdr Warning: \headheight is too small (12.0pt): 
(fancyhdr)                Make it at least 12.80502pt, for example:
(fancyhdr)                \setlength{\headheight}{12.80502pt}.
(fancyhdr)                You might also make \topmargin smaller to compensate:

(fancyhdr)                \addtolength{\topmargin}{-0.80502pt}.

File: cc-by-nc-sa.png Graphic file (type png)
<use cc-by-nc-sa.png>
Package pdftex.def Info: cc-by-nc-sa.png  used on input line 83.
(pdftex.def)             Requested size: 40.64pt x 14.22636pt.
[4]

Package fancyhdr Warning: \headheight is too small (12.0pt): 
(fancyhdr)                Make it at least 12.80502pt, for example:
(fancyhdr)                \setlength{\headheight}{12.80502pt}.
(fancyhdr)                You might also make \topmargin smaller to compensate:

(fancyhdr)                \addtolength{\topmargin}{-0.80502pt}.

File: cc-by-nc-sa.png Graphic file (type png)
<use cc-by-nc-sa.png>
Package pdftex.def Info: cc-by-nc-sa.png  used on input line 129.
(pdftex.def)             Requested size: 40.64pt x 14.22636pt.
[5{/usr/share/texmf/fonts/enc/dvips/lm/lm-mathit.enc}]

Package fancyhdr Warning: \headheight is too small (12.0pt): 
(fancyhdr)                Make it at least 12.80502pt, for example:
(fancyhdr)                \setlength{\headheight}{12.80502pt}.
(fancyhdr)                You might also make \topmargin smaller to compensate:

(fancyhdr)                \addtolength{\topmargin}{-0.80502pt}.

File: cc-by-nc-sa.png Graphic file (type png)
<use cc-by-nc-sa.png>
Package pdftex.def Info: cc-by-nc-sa.png  used on input line 177.
(pdftex.def)             Requested size: 40.64pt x 14.22636pt.
[6])
\tf@toc=\write6
\openout6 = `main.toc'.


(/home/jeff/Documents/IUTOrsay/1-Cours/3p06-Cours_Batterie/01-Cours/Chp-Intro.t
ex

Package fancyhdr Warning: \headheight is too small (12.0pt): 
(fancyhdr)                Make it at least 12.80502pt, for example:
(fancyhdr)                \setlength{\headheight}{12.80502pt}.
(fancyhdr)                You might also make \topmargin smaller to compensate:

(fancyhdr)                \addtolength{\topmargin}{-0.80502pt}.

File: cc-by-nc-sa.png Graphic file (type png)
<use cc-by-nc-sa.png>
Package pdftex.def Info: cc-by-nc-sa.png  used on input line 1.
(pdftex.def)             Requested size: 40.64pt x 14.22636pt.
[7{/usr/share/texmf/fonts/enc/dvips/lm/lm-rm.enc}]
*geometry* verbose mode - [ newgeometry ] result:
* driver: pdftex
* paper: a4paper
* layout: <same size as paper>
* layoutoffset:(h,v)=(0.0pt,0.0pt)
* modes: twoside 
* h-part:(L,W,R)=(28.45274pt, 540.60239pt, 28.45274pt)
* v-part:(T,H,B)=(56.9055pt, 731.23584pt, 56.9055pt)
* \paperwidth=597.50787pt
* \paperheight=845.04684pt
* \textwidth=540.60239pt
* \textheight=731.23584pt
* \oddsidemargin=-43.81725pt
* \evensidemargin=-43.81725pt
* \topmargin=-45.43198pt
* \headheight=12.0pt
* \headsep=18.06749pt
* \topskip=10.0pt
* \footskip=25.29494pt
* \marginparwidth=142.26378pt
* \marginparsep=5.69046pt
* \columnsep=99.58464pt
* \skip\footins=9.0pt plus 4.0pt minus 2.0pt
* \hoffset=0.0pt
* \voffset=0.0pt
* \mag=1000
* \@twocolumnfalse
* \@twosidetrue
* \@mparswitchtrue
* \@reversemarginfalse
* (1in=72.27pt=25.4mm, 1cm=28.453pt)



Package fancyhdr Warning: \headheight is too small (12.0pt): 
(fancyhdr)                Make it at least 12.80502pt, for example:
(fancyhdr)                \setlength{\headheight}{12.80502pt}.
(fancyhdr)                You might also make \topmargin smaller to compensate:

(fancyhdr)                \addtolength{\topmargin}{-0.80502pt}.

File: cc-by-nc-sa.png Graphic file (type png)
<use cc-by-nc-sa.png>
Package pdftex.def Info: cc-by-nc-sa.png  used on input line 1.
(pdftex.def)             Requested size: 40.64pt x 14.22636pt.
[8


]
Chapitre 1.
</home/jeff/Documents/IUTOrsay/1-Cours/3p06-Cours_Batterie/01-Cours/figures-Chp
Intro/Fig01.png, id=951, 492.33937pt x 255.20343pt>
File: /home/jeff/Documents/IUTOrsay/1-Cours/3p06-Cours_Batterie/01-Cours/figure
s-ChpIntro/Fig01.png Graphic file (type png)
<use /home/jeff/Documents/IUTOrsay/1-Cours/3p06-Cours_Batterie/01-Cours/figures
-ChpIntro/Fig01.png>
Package pdftex.def Info: /home/jeff/Documents/IUTOrsay/1-Cours/3p06-Cours_Batte
rie/01-Cours/figures-ChpIntro/Fig01.png  used on input line 8.
(pdftex.def)             Requested size: 246.16907pt x 127.6014pt.

Overfull \hbox (2.89966pt too wide) in paragraph at lines 8--9
[][] 
 []


Package caption Warning: The option `hypcap=true' will be ignored for this
(caption)                particular \caption on input line 10.
See the caption package documentation for explanation.

</home/jeff/Documents/IUTOrsay/1-Cours/3p06-Cours_Batterie/01-Cours/figures-Chp
Intro/Fig02.jpg, id=952, 453.94594pt x 450.9347pt>
File: /home/jeff/Documents/IUTOrsay/1-Cours/3p06-Cours_Batterie/01-Cours/figure
s-ChpIntro/Fig02.jpg Graphic file (type jpg)
<use /home/jeff/Documents/IUTOrsay/1-Cours/3p06-Cours_Batterie/01-Cours/figures
-ChpIntro/Fig02.jpg>
Package pdftex.def Info: /home/jeff/Documents/IUTOrsay/1-Cours/3p06-Cours_Batte
rie/01-Cours/figures-ChpIntro/Fig02.jpg  used on input line 15.
(pdftex.def)             Requested size: 170.71652pt x 169.58174pt.
</home/jeff/Documents/IUTOrsay/1-Cours/3p06-Cours_Batterie/01-Cours/figures-Chp
Intro/Fig03.jpg, id=953, 803.0pt x 593.21625pt>
File: /home/jeff/Documents/IUTOrsay/1-Cours/3p06-Cours_Batterie/01-Cours/figure
s-ChpIntro/Fig03.jpg Graphic file (type jpg)
<use /home/jeff/Documents/IUTOrsay/1-Cours/3p06-Cours_Batterie/01-Cours/figures
-ChpIntro/Fig03.jpg>
Package pdftex.def Info: /home/jeff/Documents/IUTOrsay/1-Cours/3p06-Cours_Batte
rie/01-Cours/figures-ChpIntro/Fig03.jpg  used on input line 30.
(pdftex.def)             Requested size: 170.71652pt x 126.11787pt.

Package caption Warning: The option `hypcap=true' will be ignored for this
(caption)                particular \caption on input line 33.
See the caption package documentation for explanation.

</home/jeff/Documents/IUTOrsay/1-Cours/3p06-Cours_Batterie/01-Cours/figures-Chp
Intro/Fig04.png, id=954, 480.79625pt x 242.9075pt>
File: /home/jeff/Documents/IUTOrsay/1-Cours/3p06-Cours_Batterie/01-Cours/figure
s-ChpIntro/Fig04.png Graphic file (type png)
<use /home/jeff/Documents/IUTOrsay/1-Cours/3p06-Cours_Batterie/01-Cours/figures
-ChpIntro/Fig04.png>
Package pdftex.def Info: /home/jeff/Documents/IUTOrsay/1-Cours/3p06-Cours_Batte
rie/01-Cours/figures-ChpIntro/Fig04.png  used on input line 41.
(pdftex.def)             Requested size: 113.81102pt x 57.49838pt.

Underfull \hbox (badness 2261) in paragraph at lines 42--42
[]\T1/lmr/m/sc/10 Figure 1.3 \T1/lmr/m/n/10 ^^U |Bat-te-rie
 []


Underfull \hbox (badness 6173) in paragraph at lines 42--42
\T1/lmr/m/n/10 in-dus-trielle NiMH avec
 []

[9{/usr/share/texmf/fonts/enc/dvips/lm/lm-mathsy.enc} </home/jeff/Documents/IUT
Orsay/1-Cours/3p06-Cours_Batterie/01-Cours/figures-ChpIntro/Fig01.png> </home/j
eff/Documents/IUTOrsay/1-Cours/3p06-Cours_Batterie/01-Cours/figures-ChpIntro/Fi
g02.jpg> </home/jeff/Documents/IUTOrsay/1-Cours/3p06-Cours_Batterie/01-Cours/fi
gures-ChpIntro/Fig03.jpg>]
<figures-Chp0/3-Reseau.png, id=966, 581.17125pt x 329.23pt>
File: figures-Chp0/3-Reseau.png Graphic file (type png)
<use figures-Chp0/3-Reseau.png>
Package pdftex.def Info: figures-Chp0/3-Reseau.png  used on input line 50.
(pdftex.def)             Requested size: 170.71652pt x 96.71007pt.


Package caption Warning: The option `hypcap=true' will be ignored for this
(caption)                particular \caption on input line 53.
See the caption package documentation for explanation.

) (/home/jeff/Documents/IUTOrsay/1-Cours/3p06-Cours_Batterie/01-Cours/Chp-0.tex
File: cc-by-nc-sa.png Graphic file (type png)
<use cc-by-nc-sa.png>
Package pdftex.def Info: cc-by-nc-sa.png  used on input line 1.
(pdftex.def)             Requested size: 40.64pt x 14.22636pt.
[10 </home/jeff/Documents/IUTOrsay/1-Cours/3p06-Cours_Batterie/01-Cours/figures
-ChpIntro/Fig04.png> <./figures-Chp0/3-Reseau.png>]
*geometry* verbose mode - [ newgeometry ] result:
* driver: pdftex
* paper: a4paper
* layout: <same size as paper>
* layoutoffset:(h,v)=(0.0pt,0.0pt)
* modes: twoside 
* h-part:(L,W,R)=(28.45274pt, 398.33861pt, 170.71652pt)
* v-part:(T,H,B)=(56.9055pt, 731.23584pt, 56.9055pt)
* \paperwidth=597.50787pt
* \paperheight=845.04684pt
* \textwidth=398.33861pt
* \textheight=731.23584pt
* \oddsidemargin=-43.81725pt
* \evensidemargin=98.44653pt
* \topmargin=-45.43198pt
* \headheight=12.0pt
* \headsep=18.06749pt
* \topskip=10.0pt
* \footskip=25.29494pt
* \marginparwidth=142.26378pt
* \marginparsep=5.69046pt
* \columnsep=99.58464pt
* \skip\footins=9.0pt plus 4.0pt minus 2.0pt
* \hoffset=0.0pt
* \voffset=0.0pt
* \mag=1000
* \@twocolumnfalse
* \@twosidetrue
* \@mparswitchtrue
* \@reversemarginfalse
* (1in=72.27pt=25.4mm, 1cm=28.453pt)


Chapitre 2.
<figures-Chp0/Fig15.png, id=978, 853.1875pt x 469.755pt>
File: figures-Chp0/Fig15.png Graphic file (type png)
<use figures-Chp0/Fig15.png>
Package pdftex.def Info: figures-Chp0/Fig15.png  used on input line 36.
(pdftex.def)             Requested size: 398.33861pt x 219.32263pt.

Underfull \vbox (badness 10000) has occurred while \output is active []

 [11


]

LaTeX Font Warning: Font shape `U/fontawesometwo/m/it' undefined
(Font)              using `U/fontawesometwo/m/n' instead on input line 42.

LaTeX Font Info:    External font `lmex10' loaded for size
(Font)              <8> on input line 42.
LaTeX Font Info:    External font `lmex10' loaded for size
(Font)              <6> on input line 42.

LaTeX Warning: Marginpar on page 12 moved.

LaTeX Font Info:    Trying to load font information for TS1+lmr on input line 5
1.
(/usr/share/texmf/tex/latex/lm/ts1lmr.fd
File: ts1lmr.fd 2015/05/01 v1.6.1 Font defs for Latin Modern
)
<figures-Chp0/Fig02.png, id=984, 335.91096pt x 108.11592pt>
File: figures-Chp0/Fig02.png Graphic file (type png)
<use figures-Chp0/Fig02.png>
Package pdftex.def Info: figures-Chp0/Fig02.png  used on input line 57.
(pdftex.def)             Requested size: 142.26378pt x 45.7878pt.


Package caption Warning: The option `hypcap=true' will be ignored for this
(caption)                particular \caption on input line 60.
See the caption package documentation for explanation.

<figures-Chp0/Fig03a.png, id=985, 867.24pt x 565.11125pt>
File: figures-Chp0/Fig03a.png Graphic file (type png)
<use figures-Chp0/Fig03a.png>
Package pdftex.def Info: figures-Chp0/Fig03a.png  used on input line 80.
(pdftex.def)             Requested size: 85.35826pt x 55.61765pt.
<figures-Chp0/Fig03c.png, id=986, 968.61874pt x 505.89pt>
File: figures-Chp0/Fig03c.png Graphic file (type png)
<use figures-Chp0/Fig03c.png>
Package pdftex.def Info: figures-Chp0/Fig03c.png  used on input line 80.
(pdftex.def)             Requested size: 85.35826pt x 44.57866pt.
<figures-Chp0/Fig03b.png, id=987, 177.20604pt x 237.7683pt>
File: figures-Chp0/Fig03b.png Graphic file (type png)
<use figures-Chp0/Fig03b.png>
Package pdftex.def Info: figures-Chp0/Fig03b.png  used on input line 81.
(pdftex.def)             Requested size: 85.35826pt x 114.53018pt.
<figures-Chp0/Fig03d.png, id=988, 177.20604pt x 260.02747pt>
File: figures-Chp0/Fig03d.png Graphic file (type png)
<use figures-Chp0/Fig03d.png>
Package pdftex.def Info: figures-Chp0/Fig03d.png  used on input line 81.
(pdftex.def)             Requested size: 85.35826pt x 125.25217pt.

Underfull \vbox (badness 2837) has occurred while \output is active []



Package fancyhdr Warning: \headheight is too small (12.0pt): 
(fancyhdr)                Make it at least 12.80502pt, for example:
(fancyhdr)                \setlength{\headheight}{12.80502pt}.
(fancyhdr)                You might also make \topmargin smaller to compensate:

(fancyhdr)                \addtolength{\topmargin}{-0.80502pt}.

File: cc-by-nc-sa.png Graphic file (type png)
<use cc-by-nc-sa.png>
Package pdftex.def Info: cc-by-nc-sa.png  used on input line 91.
(pdftex.def)             Requested size: 40.64pt x 14.22636pt.
[12{/usr/share/texmf/fonts/enc/dvips/lm/lm-ts1.enc} <./figures-Chp0/Fig15.png> 
<./figures-Chp0/Fig02.png>]
Underfull \hbox (badness 1755) in paragraph at lines 99--99
[]$[]$ \T1/lmr/m/n/10 est un dis-po-si-tif élec-tro-chi-mique qui gé-nère de l'
élec-tri-cité
 []


Underfull \hbox (badness 3780) in paragraph at lines 99--99
\T1/lmr/m/n/10 en conver-tis-sant de l'éner-gie chi-mique en éner-gie élec-triq
ue grâce à une
 []

<figures-Chp0/Fig05.png, id=1019, 94.24008pt x 77.03983pt>
File: figures-Chp0/Fig05.png Graphic file (type png)
<use figures-Chp0/Fig05.png>
Package pdftex.def Info: figures-Chp0/Fig05.png  used on input line 118.
(pdftex.def)             Requested size: 56.9055pt x 46.5193pt.

Package fancyhdr Warning: \headheight is too small (12.0pt): 
(fancyhdr)                Make it at least 12.80502pt, for example:
(fancyhdr)                \setlength{\headheight}{12.80502pt}.
(fancyhdr)                You might also make \topmargin smaller to compensate:

(fancyhdr)                \addtolength{\topmargin}{-0.80502pt}.

File: cc-by-nc-sa.png Graphic file (type png)
<use cc-by-nc-sa.png>
Package pdftex.def Info: cc-by-nc-sa.png  used on input line 129.
(pdftex.def)             Requested size: 40.64pt x 14.22636pt.
[13 <./figures-Chp0/Fig03a.png> <./figures-Chp0/Fig03c.png> <./figures-Chp0/Fig
03b.png> <./figures-Chp0/Fig03d.png> <./figures-Chp0/Fig05.png>]
Overfull \hbox (11.64742pt too wide) in paragraph at lines 146--147
[]\T1/lmr/m/n/10 La pre-mière (resp. deuxième) demi-équation ré-dox cor-res-pon
d à la $[]$ (resp. l'$[]$).
 []


LaTeX Warning: Command \' invalid in math mode on input line 160.


LaTeX Warning: Command \' invalid in math mode on input line 160.


Package fancyhdr Warning: \headheight is too small (12.0pt): 
(fancyhdr)                Make it at least 12.80502pt, for example:
(fancyhdr)                \setlength{\headheight}{12.80502pt}.
(fancyhdr)                You might also make \topmargin smaller to compensate:

(fancyhdr)                \addtolength{\topmargin}{-0.80502pt}.

File: cc-by-nc-sa.png Graphic file (type png)
<use cc-by-nc-sa.png>
Package pdftex.def Info: cc-by-nc-sa.png  used on input line 197.
(pdftex.def)             Requested size: 40.64pt x 14.22636pt.
[14{/usr/share/texmf/fonts/enc/dvips/lm/lm-mathex.enc}]
Overfull \hbox (3.13988pt too wide) in paragraph at lines 233--234
\T1/lmr/m/n/10 au sein des demi-piles. On oriente chi-mi-que-ment la bat-te-rie
 à l'aide des termes $[]$/$[]$. 
 []


Package caption Warning: The option `hypcap=true' will be ignored for this
(caption)                particular \caption on input line 250.
See the caption package documentation for explanation.

LaTeX Font Info:    Trying to load font information for U+fontawesomethree on i
nput line 259.
(/usr/share/texlive/texmf-dist/tex/latex/fontawesome/ufontawesomethree.fd
File: ufontawesomethree.fd 2016/05/22 Font definitions for U/fontawesomethree.
)
Underfull \hbox (badness 10000) in paragraph at lines 259--259

 []


Package fancyhdr Warning: \headheight is too small (12.0pt): 
(fancyhdr)                Make it at least 12.80502pt, for example:
(fancyhdr)                \setlength{\headheight}{12.80502pt}.
(fancyhdr)                You might also make \topmargin smaller to compensate:

(fancyhdr)                \addtolength{\topmargin}{-0.80502pt}.

File: cc-by-nc-sa.png Graphic file (type png)
<use cc-by-nc-sa.png>
Package pdftex.def Info: cc-by-nc-sa.png  used on input line 259.
(pdftex.def)             Requested size: 40.64pt x 14.22636pt.
[15{/usr/share/texlive/texmf-dist/fonts/enc/dvips/fontawesome/fontawesomethree.
enc}]
<figures-Chp0/Fig04.png, id=1062, 561.5379pt x 490.85783pt>
File: figures-Chp0/Fig04.png Graphic file (type png)
<use figures-Chp0/Fig04.png>
Package pdftex.def Info: figures-Chp0/Fig04.png  used on input line 268.
(pdftex.def)             Requested size: 227.62204pt x 198.9686pt.


Package caption Warning: The option `hypcap=true' will be ignored for this
(caption)                particular \caption on input line 271.
See the caption package documentation for explanation.


Underfull \hbox (badness 6808) in paragraph at lines 273--274
[]\T1/lmr/m/n/10 d'une so-lu-tion de sul-
 []


Package fancyhdr Warning: \headheight is too small (12.0pt): 
(fancyhdr)                Make it at least 12.80502pt, for example:
(fancyhdr)                \setlength{\headheight}{12.80502pt}.
(fancyhdr)                You might also make \topmargin smaller to compensate:

(fancyhdr)                \addtolength{\topmargin}{-0.80502pt}.

File: cc-by-nc-sa.png Graphic file (type png)
<use cc-by-nc-sa.png>
Package pdftex.def Info: cc-by-nc-sa.png  used on input line 316.
(pdftex.def)             Requested size: 40.64pt x 14.22636pt.
[16 <./figures-Chp0/Fig04.png>]
<figures-Chp0/Fig16a.png, id=1073, 285.61104pt x 131.09778pt>
File: figures-Chp0/Fig16a.png Graphic file (type png)
<use figures-Chp0/Fig16a.png>
Package pdftex.def Info: figures-Chp0/Fig16a.png  used on input line 321.
(pdftex.def)             Requested size: 191.20082pt x 87.76103pt.
<figures-Chp0/Fig16b.png, id=1074, 217.09908pt x 172.29169pt>
File: figures-Chp0/Fig16b.png Graphic file (type png)
<use figures-Chp0/Fig16b.png>
Package pdftex.def Info: figures-Chp0/Fig16b.png  used on input line 321.
(pdftex.def)             Requested size: 119.50279pt x 94.83958pt.


LaTeX Warning: Marginpar on page 17 moved.

<figures-Chp0/Fig06.png, id=1080, 233.4321pt x 164.92014pt>
File: figures-Chp0/Fig06.png Graphic file (type png)
<use figures-Chp0/Fig06.png>
Package pdftex.def Info: figures-Chp0/Fig06.png  used on input line 367.
(pdftex.def)             Requested size: 142.26378pt x 100.51305pt.

Package caption Warning: The option `hypcap=true' will be ignored for this
(caption)                particular \caption on input line 367.
See the caption package documentation for explanation.


Package fancyhdr Warning: \headheight is too small (12.0pt): 
(fancyhdr)                Make it at least 12.80502pt, for example:
(fancyhdr)                \setlength{\headheight}{12.80502pt}.
(fancyhdr)                You might also make \topmargin smaller to compensate:

(fancyhdr)                \addtolength{\topmargin}{-0.80502pt}.

File: cc-by-nc-sa.png Graphic file (type png)
<use cc-by-nc-sa.png>
Package pdftex.def Info: cc-by-nc-sa.png  used on input line 367.
(pdftex.def)             Requested size: 40.64pt x 14.22636pt.
[17 <./figures-Chp0/Fig16a.png> <./figures-Chp0/Fig16b.png> <./figures-Chp0/Fig
06.png>]
<figures-Chp0/Fig18.png, id=1096, 1027.84pt x 554.07pt>
File: figures-Chp0/Fig18.png Graphic file (type png)
<use figures-Chp0/Fig18.png>
Package pdftex.def Info: figures-Chp0/Fig18.png  used on input line 384.
(pdftex.def)             Requested size: 231.03711pt x 124.542pt.


Package caption Warning: The option `hypcap=true' will be ignored for this
(caption)                particular \caption on input line 386.
See the caption package documentation for explanation.


Package fancyhdr Warning: \headheight is too small (12.0pt): 
(fancyhdr)                Make it at least 12.80502pt, for example:
(fancyhdr)                \setlength{\headheight}{12.80502pt}.
(fancyhdr)                You might also make \topmargin smaller to compensate:

(fancyhdr)                \addtolength{\topmargin}{-0.80502pt}.

File: cc-by-nc-sa.png Graphic file (type png)
<use cc-by-nc-sa.png>
Package pdftex.def Info: cc-by-nc-sa.png  used on input line 390.
(pdftex.def)             Requested size: 40.64pt x 14.22636pt.
[18 <./figures-Chp0/Fig18.png>]

LaTeX Warning: Marginpar on page 19 moved.


Package fancyhdr Warning: \headheight is too small (12.0pt): 
(fancyhdr)                Make it at least 12.80502pt, for example:
(fancyhdr)                \setlength{\headheight}{12.80502pt}.
(fancyhdr)                You might also make \topmargin smaller to compensate:

(fancyhdr)                \addtolength{\topmargin}{-0.80502pt}.

File: cc-by-nc-sa.png Graphic file (type png)
<use cc-by-nc-sa.png>
Package pdftex.def Info: cc-by-nc-sa.png  used on input line 447.
(pdftex.def)             Requested size: 40.64pt x 14.22636pt.
[19]

Package fancyhdr Warning: \headheight is too small (12.0pt): 
(fancyhdr)                Make it at least 12.80502pt, for example:
(fancyhdr)                \setlength{\headheight}{12.80502pt}.
(fancyhdr)                You might also make \topmargin smaller to compensate:

(fancyhdr)                \addtolength{\topmargin}{-0.80502pt}.

File: cc-by-nc-sa.png Graphic file (type png)
<use cc-by-nc-sa.png>
Package pdftex.def Info: cc-by-nc-sa.png  used on input line 507.
(pdftex.def)             Requested size: 40.64pt x 14.22636pt.
[20]

Package fancyhdr Warning: \headheight is too small (12.0pt): 
(fancyhdr)                Make it at least 12.80502pt, for example:
(fancyhdr)                \setlength{\headheight}{12.80502pt}.
(fancyhdr)                You might also make \topmargin smaller to compensate:

(fancyhdr)                \addtolength{\topmargin}{-0.80502pt}.

File: cc-by-nc-sa.png Graphic file (type png)
<use cc-by-nc-sa.png>
Package pdftex.def Info: cc-by-nc-sa.png  used on input line 547.
(pdftex.def)             Requested size: 40.64pt x 14.22636pt.
[21]
(/home/jeff/Documents/IUTOrsay/1-Cours/3p06-Cours_Batterie/01-Cours/figures-Chp
0//Fig07.pgf)
Overfull \hbox (30.16232pt too wide) in paragraph at lines 1777--567
[][] 
 []


Package caption Warning: The option `hypcap=true' will be ignored for this
(caption)                particular \caption on input line 568.
See the caption package documentation for explanation.


Underfull \hbox (badness 10000) in paragraph at lines 568--568
[]\T1/lmr/m/sc/10 Figure 2.8 \T1/lmr/m/n/10 ^^U
 []

) (/home/jeff/Documents/IUTOrsay/1-Cours/3p06-Cours_Batterie/01-Cours/Chp-1.tex

Package fancyhdr Warning: \headheight is too small (12.0pt): 
(fancyhdr)                Make it at least 12.80502pt, for example:
(fancyhdr)                \setlength{\headheight}{12.80502pt}.
(fancyhdr)                You might also make \topmargin smaller to compensate:

(fancyhdr)                \addtolength{\topmargin}{-0.80502pt}.

File: cc-by-nc-sa.png Graphic file (type png)
<use cc-by-nc-sa.png>
Package pdftex.def Info: cc-by-nc-sa.png  used on input line 1.
(pdftex.def)             Requested size: 40.64pt x 14.22636pt.
[22]
*geometry* verbose mode - [ newgeometry ] result:
* driver: pdftex
* paper: a4paper
* layout: <same size as paper>
* layoutoffset:(h,v)=(0.0pt,0.0pt)
* modes: twoside 
* h-part:(L,W,R)=(28.45274pt, 398.33861pt, 170.71652pt)
* v-part:(T,H,B)=(56.9055pt, 731.23584pt, 56.9055pt)
* \paperwidth=597.50787pt
* \paperheight=845.04684pt
* \textwidth=398.33861pt
* \textheight=731.23584pt
* \oddsidemargin=-43.81725pt
* \evensidemargin=98.44653pt
* \topmargin=-45.43198pt
* \headheight=12.0pt
* \headsep=18.06749pt
* \topskip=10.0pt
* \footskip=25.29494pt
* \marginparwidth=142.26378pt
* \marginparsep=5.69046pt
* \columnsep=99.58464pt
* \skip\footins=9.0pt plus 4.0pt minus 2.0pt
* \hoffset=0.0pt
* \voffset=0.0pt
* \mag=1000
* \@twocolumnfalse
* \@twosidetrue
* \@mparswitchtrue
* \@reversemarginfalse
* (1in=72.27pt=25.4mm, 1cm=28.453pt)


Chapitre 3.
[23


]
</home/jeff/Documents/IUTOrsay/1-Cours/3p06-Cours_Batterie/01-Cours/figures-Chp
1/Fig02a.png, id=1156, 173.01437pt x 335.76642pt>
File: /home/jeff/Documents/IUTOrsay/1-Cours/3p06-Cours_Batterie/01-Cours/figure
s-Chp1/Fig02a.png Graphic file (type png)
<use /home/jeff/Documents/IUTOrsay/1-Cours/3p06-Cours_Batterie/01-Cours/figures
-Chp1/Fig02a.png>
Package pdftex.def Info: /home/jeff/Documents/IUTOrsay/1-Cours/3p06-Cours_Batte
rie/01-Cours/figures-Chp1/Fig02a.png  used on input line 74.
(pdftex.def)             Requested size: 85.35826pt x 165.65924pt.
</home/jeff/Documents/IUTOrsay/1-Cours/3p06-Cours_Batterie/01-Cours/figures-Chp
1/Fig02b.png, id=1157, 173.01437pt x 335.18826pt>
File: /home/jeff/Documents/IUTOrsay/1-Cours/3p06-Cours_Batterie/01-Cours/figure
s-Chp1/Fig02b.png Graphic file (type png)
<use /home/jeff/Documents/IUTOrsay/1-Cours/3p06-Cours_Batterie/01-Cours/figures
-Chp1/Fig02b.png>
Package pdftex.def Info: /home/jeff/Documents/IUTOrsay/1-Cours/3p06-Cours_Batte
rie/01-Cours/figures-Chp1/Fig02b.png  used on input line 74.
(pdftex.def)             Requested size: 85.35826pt x 165.374pt.


Package fancyhdr Warning: \headheight is too small (12.0pt): 
(fancyhdr)                Make it at least 12.80502pt, for example:
(fancyhdr)                \setlength{\headheight}{12.80502pt}.
(fancyhdr)                You might also make \topmargin smaller to compensate:

(fancyhdr)                \addtolength{\topmargin}{-0.80502pt}.

File: cc-by-nc-sa.png Graphic file (type png)
<use cc-by-nc-sa.png>
Package pdftex.def Info: cc-by-nc-sa.png  used on input line 99.
(pdftex.def)             Requested size: 40.64pt x 14.22636pt.
[24 </home/jeff/Documents/IUTOrsay/1-Cours/3p06-Cours_Batterie/01-Cours/figures
-Chp1/Fig02a.png> </home/jeff/Documents/IUTOrsay/1-Cours/3p06-Cours_Batterie/01
-Cours/figures-Chp1/Fig02b.png>]

Package caption Warning: The option `hypcap=true' will be ignored for this
(caption)                particular \caption on input line 135.
See the caption package documentation for explanation.


Package fancyhdr Warning: \headheight is too small (12.0pt): 
(fancyhdr)                Make it at least 12.80502pt, for example:
(fancyhdr)                \setlength{\headheight}{12.80502pt}.
(fancyhdr)                You might also make \topmargin smaller to compensate:

(fancyhdr)                \addtolength{\topmargin}{-0.80502pt}.

File: cc-by-nc-sa.png Graphic file (type png)
<use cc-by-nc-sa.png>
Package pdftex.def Info: cc-by-nc-sa.png  used on input line 172.
(pdftex.def)             Requested size: 40.64pt x 14.22636pt.
[25]
</home/jeff/Documents/IUTOrsay/1-Cours/3p06-Cours_Batterie/01-Cours/figures-Chp
1/Fig03.png, id=1198, 652.74265pt x 203.51231pt>
File: /home/jeff/Documents/IUTOrsay/1-Cours/3p06-Cours_Batterie/01-Cours/figure
s-Chp1/Fig03.png Graphic file (type png)
<use /home/jeff/Documents/IUTOrsay/1-Cours/3p06-Cours_Batterie/01-Cours/figures
-Chp1/Fig03.png>
Package pdftex.def Info: /home/jeff/Documents/IUTOrsay/1-Cours/3p06-Cours_Batte
rie/01-Cours/figures-Chp1/Fig03.png  used on input line 176.
(pdftex.def)             Requested size: 227.62204pt x 70.96642pt.

Overfull \hbox (8.53459pt too wide) in paragraph at lines 176--177
[][] 
 []


Package caption Warning: The option `hypcap=true' will be ignored for this
(caption)                particular \caption on input line 178.
See the caption package documentation for explanation.


Underfull \hbox (badness 1231) in paragraph at lines 178--178
[]\T1/lmr/m/sc/10 Figure 3.2 \T1/lmr/m/n/10 ^^U |[]Multiplication par
 []


Package fancyhdr Warning: \headheight is too small (12.0pt): 
(fancyhdr)                Make it at least 12.80502pt, for example:
(fancyhdr)                \setlength{\headheight}{12.80502pt}.
(fancyhdr)                You might also make \topmargin smaller to compensate:

(fancyhdr)                \addtolength{\topmargin}{-0.80502pt}.

File: cc-by-nc-sa.png Graphic file (type png)
<use cc-by-nc-sa.png>
Package pdftex.def Info: cc-by-nc-sa.png  used on input line 240.
(pdftex.def)             Requested size: 40.64pt x 14.22636pt.
[26 </home/jeff/Documents/IUTOrsay/1-Cours/3p06-Cours_Batterie/01-Cours/figures
-Chp1/Fig03.png>]
Underfull \vbox (badness 7925) has occurred while \output is active []



Package fancyhdr Warning: \headheight is too small (12.0pt): 
(fancyhdr)                Make it at least 12.80502pt, for example:
(fancyhdr)                \setlength{\headheight}{12.80502pt}.
(fancyhdr)                You might also make \topmargin smaller to compensate:

(fancyhdr)                \addtolength{\topmargin}{-0.80502pt}.

File: cc-by-nc-sa.png Graphic file (type png)
<use cc-by-nc-sa.png>
Package pdftex.def Info: cc-by-nc-sa.png  used on input line 284.
(pdftex.def)             Requested size: 40.64pt x 14.22636pt.
[27]

Package fancyhdr Warning: \headheight is too small (12.0pt): 
(fancyhdr)                Make it at least 12.80502pt, for example:
(fancyhdr)                \setlength{\headheight}{12.80502pt}.
(fancyhdr)                You might also make \topmargin smaller to compensate:

(fancyhdr)                \addtolength{\topmargin}{-0.80502pt}.

File: cc-by-nc-sa.png Graphic file (type png)
<use cc-by-nc-sa.png>
Package pdftex.def Info: cc-by-nc-sa.png  used on input line 338.
(pdftex.def)             Requested size: 40.64pt x 14.22636pt.
[28]
</home/jeff/Documents/IUTOrsay/1-Cours/3p06-Cours_Batterie/01-Cours/figures-Chp
1/Fig04.png, id=1242, 271.0125pt x 88.02486pt>
File: /home/jeff/Documents/IUTOrsay/1-Cours/3p06-Cours_Batterie/01-Cours/figure
s-Chp1/Fig04.png Graphic file (type png)
<use /home/jeff/Documents/IUTOrsay/1-Cours/3p06-Cours_Batterie/01-Cours/figures
-Chp1/Fig04.png>
Package pdftex.def Info: /home/jeff/Documents/IUTOrsay/1-Cours/3p06-Cours_Batte
rie/01-Cours/figures-Chp1/Fig04.png  used on input line 339.
(pdftex.def)             Requested size: 170.71652pt x 55.45056pt.


Package caption Warning: The option `hypcap=true' will be ignored for this
(caption)                particular \caption on input line 341.
See the caption package documentation for explanation.


Package fancyhdr Warning: \headheight is too small (12.0pt): 
(fancyhdr)                Make it at least 12.80502pt, for example:
(fancyhdr)                \setlength{\headheight}{12.80502pt}.
(fancyhdr)                You might also make \topmargin smaller to compensate:

(fancyhdr)                \addtolength{\topmargin}{-0.80502pt}.

File: cc-by-nc-sa.png Graphic file (type png)
<use cc-by-nc-sa.png>
Package pdftex.def Info: cc-by-nc-sa.png  used on input line 401.
(pdftex.def)             Requested size: 40.64pt x 14.22636pt.
[29 </home/jeff/Documents/IUTOrsay/1-Cours/3p06-Cours_Batterie/01-Cours/figures
-Chp1/Fig04.png>]
Overfull \hbox (7.57335pt too wide) in paragraph at lines 498--498
[]\T1/lmr/bx/n/14.4 Réaction fic-tive d'une cel-lule élec-tro-chi-mique et forc
e
 []


Package fancyhdr Warning: \headheight is too small (12.0pt): 
(fancyhdr)                Make it at least 12.80502pt, for example:
(fancyhdr)                \setlength{\headheight}{12.80502pt}.
(fancyhdr)                You might also make \topmargin smaller to compensate:

(fancyhdr)                \addtolength{\topmargin}{-0.80502pt}.

File: cc-by-nc-sa.png Graphic file (type png)
<use cc-by-nc-sa.png>
Package pdftex.def Info: cc-by-nc-sa.png  used on input line 516.
(pdftex.def)             Requested size: 40.64pt x 14.22636pt.
[30]
</home/jeff/Documents/IUTOrsay/1-Cours/3p06-Cours_Batterie/01-Cours/figures-Chp
1/Fig06.png, id=1268, 746.79pt x 524.96124pt>
File: /home/jeff/Documents/IUTOrsay/1-Cours/3p06-Cours_Batterie/01-Cours/figure
s-Chp1/Fig06.png Graphic file (type png)
<use /home/jeff/Documents/IUTOrsay/1-Cours/3p06-Cours_Batterie/01-Cours/figures
-Chp1/Fig06.png>
Package pdftex.def Info: /home/jeff/Documents/IUTOrsay/1-Cours/3p06-Cours_Batte
rie/01-Cours/figures-Chp1/Fig06.png  used on input line 585.
(pdftex.def)             Requested size: 201.87347pt x 141.90964pt.


Package caption Warning: The option `hypcap=true' will be ignored for this
(caption)                particular \caption on input line 585.
See the caption package documentation for explanation.


Package fancyhdr Warning: \headheight is too small (12.0pt): 
(fancyhdr)                Make it at least 12.80502pt, for example:
(fancyhdr)                \setlength{\headheight}{12.80502pt}.
(fancyhdr)                You might also make \topmargin smaller to compensate:

(fancyhdr)                \addtolength{\topmargin}{-0.80502pt}.

File: cc-by-nc-sa.png Graphic file (type png)
<use cc-by-nc-sa.png>
Package pdftex.def Info: cc-by-nc-sa.png  used on input line 585.
(pdftex.def)             Requested size: 40.64pt x 14.22636pt.
[31]

Package fancyhdr Warning: \headheight is too small (12.0pt): 
(fancyhdr)                Make it at least 12.80502pt, for example:
(fancyhdr)                \setlength{\headheight}{12.80502pt}.
(fancyhdr)                You might also make \topmargin smaller to compensate:

(fancyhdr)                \addtolength{\topmargin}{-0.80502pt}.

File: cc-by-nc-sa.png Graphic file (type png)
<use cc-by-nc-sa.png>
Package pdftex.def Info: cc-by-nc-sa.png  used on input line 607.
(pdftex.def)             Requested size: 40.64pt x 14.22636pt.
[32 </home/jeff/Documents/IUTOrsay/1-Cours/3p06-Cours_Batterie/01-Cours/figures
-Chp1/Fig06.png>]
Overfull \hbox (32.02193pt too wide) detected at line 626
[]
 []


Package fancyhdr Warning: \headheight is too small (12.0pt): 
(fancyhdr)                Make it at least 12.80502pt, for example:
(fancyhdr)                \setlength{\headheight}{12.80502pt}.
(fancyhdr)                You might also make \topmargin smaller to compensate:

(fancyhdr)                \addtolength{\topmargin}{-0.80502pt}.

File: cc-by-nc-sa.png Graphic file (type png)
<use cc-by-nc-sa.png>
Package pdftex.def Info: cc-by-nc-sa.png  used on input line 659.
(pdftex.def)             Requested size: 40.64pt x 14.22636pt.
[33]
<figures-Chp1/Fig07.png, id=1307, 590.4459pt x 430.0065pt>
File: figures-Chp1/Fig07.png Graphic file (type png)
<use figures-Chp1/Fig07.png>
Package pdftex.def Info: figures-Chp1/Fig07.png  used on input line 673.
(pdftex.def)             Requested size: 293.63365pt x 213.84792pt.


Package caption Warning: The option `hypcap=true' will be ignored for this
(caption)                particular \caption on input line 673.
See the caption package documentation for explanation.

) (/home/jeff/Documents/IUTOrsay/1-Cours/3p06-Cours_Batterie/01-Cours/Chp-4.tex

Package fancyhdr Warning: \headheight is too small (12.0pt): 
(fancyhdr)                Make it at least 12.80502pt, for example:
(fancyhdr)                \setlength{\headheight}{12.80502pt}.
(fancyhdr)                You might also make \topmargin smaller to compensate:

(fancyhdr)                \addtolength{\topmargin}{-0.80502pt}.

File: cc-by-nc-sa.png Graphic file (type png)
<use cc-by-nc-sa.png>
Package pdftex.def Info: cc-by-nc-sa.png  used on input line 1.
(pdftex.def)             Requested size: 40.64pt x 14.22636pt.
[34 <./figures-Chp1/Fig07.png>]
*geometry* verbose mode - [ newgeometry ] result:
* driver: pdftex
* paper: a4paper
* layout: <same size as paper>
* layoutoffset:(h,v)=(0.0pt,0.0pt)
* modes: twoside 
* h-part:(L,W,R)=(28.45274pt, 398.33861pt, 170.71652pt)
* v-part:(T,H,B)=(56.9055pt, 731.23584pt, 56.9055pt)
* \paperwidth=597.50787pt
* \paperheight=845.04684pt
* \textwidth=398.33861pt
* \textheight=731.23584pt
* \oddsidemargin=-43.81725pt
* \evensidemargin=98.44653pt
* \topmargin=-45.43198pt
* \headheight=12.0pt
* \headsep=18.06749pt
* \topskip=10.0pt
* \footskip=25.29494pt
* \marginparwidth=142.26378pt
* \marginparsep=5.69046pt
* \columnsep=99.58464pt
* \skip\footins=9.0pt plus 4.0pt minus 2.0pt
* \hoffset=0.0pt
* \voffset=0.0pt
* \mag=1000
* \@twocolumnfalse
* \@twosidetrue
* \@mparswitchtrue
* \@reversemarginfalse
* (1in=72.27pt=25.4mm, 1cm=28.453pt)


Chapitre 4.

Underfull \hbox (badness 10000) in paragraph at lines 43--43

 []


Underfull \vbox (badness 1014) has occurred while \output is active []

 [35


]

Package fancyhdr Warning: \headheight is too small (12.0pt): 
(fancyhdr)                Make it at least 12.80502pt, for example:
(fancyhdr)                \setlength{\headheight}{12.80502pt}.
(fancyhdr)                You might also make \topmargin smaller to compensate:

(fancyhdr)                \addtolength{\topmargin}{-0.80502pt}.

File: cc-by-nc-sa.png Graphic file (type png)
<use cc-by-nc-sa.png>
Package pdftex.def Info: cc-by-nc-sa.png  used on input line 226.
(pdftex.def)             Requested size: 40.64pt x 14.22636pt.
[36]
Overfull \hbox (28.45273pt too wide) in paragraph at lines 254--255
[][] 
 []


Package fancyhdr Warning: \headheight is too small (12.0pt): 
(fancyhdr)                Make it at least 12.80502pt, for example:
(fancyhdr)                \setlength{\headheight}{12.80502pt}.
(fancyhdr)                You might also make \topmargin smaller to compensate:

(fancyhdr)                \addtolength{\topmargin}{-0.80502pt}.

File: cc-by-nc-sa.png Graphic file (type png)
<use cc-by-nc-sa.png>
Package pdftex.def Info: cc-by-nc-sa.png  used on input line 283.
(pdftex.def)             Requested size: 40.64pt x 14.22636pt.
[37]
Overfull \hbox (2.91737pt too wide) in paragraph at lines 291--291
[]\T1/lmr/bx/n/14.4 Étude de la force élec-tro-mo-trice d'un sys-tème simple
 []

</home/jeff/Documents/IUTOrsay/1-Cours/3p06-Cours_Batterie/01-Cours/figures-Chp
4/Fig01.png, id=1347, 233.4321pt x 117.22194pt>
File: /home/jeff/Documents/IUTOrsay/1-Cours/3p06-Cours_Batterie/01-Cours/figure
s-Chp4/Fig01.png Graphic file (type png)
<use /home/jeff/Documents/IUTOrsay/1-Cours/3p06-Cours_Batterie/01-Cours/figures
-Chp4/Fig01.png>
Package pdftex.def Info: /home/jeff/Documents/IUTOrsay/1-Cours/3p06-Cours_Batte
rie/01-Cours/figures-Chp4/Fig01.png  used on input line 295.
(pdftex.def)             Requested size: 199.1693pt x 100.02008pt.

Package caption Warning: The option `hypcap=true' will be ignored for this
(caption)                particular \caption on input line 297.
See the caption package documentation for explanation.


LaTeX Warning: Marginpar on page 38 moved.


Package caption Warning: The option `hypcap=true' will be ignored for this
(caption)                particular \caption on input line 322.
See the caption package documentation for explanation.

</home/jeff/Documents/IUTOrsay/1-Cours/3p06-Cours_Batterie/01-Cours/figures-Chp
4/Fig02.png, id=1348, 930.47626pt x 659.46375pt>
File: /home/jeff/Documents/IUTOrsay/1-Cours/3p06-Cours_Batterie/01-Cours/figure
s-Chp4/Fig02.png Graphic file (type png)
<use /home/jeff/Documents/IUTOrsay/1-Cours/3p06-Cours_Batterie/01-Cours/figures
-Chp4/Fig02.png>
Package pdftex.def Info: /home/jeff/Documents/IUTOrsay/1-Cours/3p06-Cours_Batte
rie/01-Cours/figures-Chp4/Fig02.png  used on input line 333.
(pdftex.def)             Requested size: 239.00558pt x 169.38362pt.

Package caption Warning: The option `hypcap=true' will be ignored for this
(caption)                particular \caption on input line 335.
See the caption package documentation for explanation.


Underfull \hbox (badness 1655) in paragraph at lines 335--335
[]\T1/lmr/m/sc/10 Table 4.3 \T1/lmr/m/n/10 ^^U |[]Courbe de ti-
 []


Underfull \hbox (badness 2478) in paragraph at lines 335--335
\T1/lmr/m/n/10 trage cou-lo-mé-trique dans un
 []


Package fancyhdr Warning: \headheight is too small (12.0pt): 
(fancyhdr)                Make it at least 12.80502pt, for example:
(fancyhdr)                \setlength{\headheight}{12.80502pt}.
(fancyhdr)                You might also make \topmargin smaller to compensate:

(fancyhdr)                \addtolength{\topmargin}{-0.80502pt}.

File: cc-by-nc-sa.png Graphic file (type png)
<use cc-by-nc-sa.png>
Package pdftex.def Info: cc-by-nc-sa.png  used on input line 339.
(pdftex.def)             Requested size: 40.64pt x 14.22636pt.
[38 </home/jeff/Documents/IUTOrsay/1-Cours/3p06-Cours_Batterie/01-Cours/figures
-Chp4/Fig01.png>]
(/home/jeff/Documents/IUTOrsay/1-Cours/3p06-Cours_Batterie/01-Cours/figures-Chp
4//Fig04.pgf)

Package caption Warning: The option `hypcap=true' will be ignored for this
(caption)                particular \caption on input line 356.
See the caption package documentation for explanation.


Package fancyhdr Warning: \headheight is too small (12.0pt): 
(fancyhdr)                Make it at least 12.80502pt, for example:
(fancyhdr)                \setlength{\headheight}{12.80502pt}.
(fancyhdr)                You might also make \topmargin smaller to compensate:

(fancyhdr)                \addtolength{\topmargin}{-0.80502pt}.

File: cc-by-nc-sa.png Graphic file (type png)
<use cc-by-nc-sa.png>
Package pdftex.def Info: cc-by-nc-sa.png  used on input line 378.
(pdftex.def)             Requested size: 40.64pt x 14.22636pt.
[39 </home/jeff/Documents/IUTOrsay/1-Cours/3p06-Cours_Batterie/01-Cours/figures
-Chp4/Fig02.png>]
</home/jeff/Documents/IUTOrsay/1-Cours/3p06-Cours_Batterie/01-Cours/figures-Chp
4/Fig03.png, id=1372, 662.475pt x 370.38374pt>
File: /home/jeff/Documents/IUTOrsay/1-Cours/3p06-Cours_Batterie/01-Cours/figure
s-Chp4/Fig03.png Graphic file (type png)
<use /home/jeff/Documents/IUTOrsay/1-Cours/3p06-Cours_Batterie/01-Cours/figures
-Chp4/Fig03.png>
Package pdftex.def Info: /home/jeff/Documents/IUTOrsay/1-Cours/3p06-Cours_Batte
rie/01-Cours/figures-Chp4/Fig03.png  used on input line 428.
(pdftex.def)             Requested size: 239.00558pt x 133.62627pt.


Package caption Warning: The option `hypcap=true' will be ignored for this
(caption)                particular \caption on input line 430.
See the caption package documentation for explanation.


Package fancyhdr Warning: \headheight is too small (12.0pt): 
(fancyhdr)                Make it at least 12.80502pt, for example:
(fancyhdr)                \setlength{\headheight}{12.80502pt}.
(fancyhdr)                You might also make \topmargin smaller to compensate:

(fancyhdr)                \addtolength{\topmargin}{-0.80502pt}.

File: cc-by-nc-sa.png Graphic file (type png)
<use cc-by-nc-sa.png>
Package pdftex.def Info: cc-by-nc-sa.png  used on input line 434.
(pdftex.def)             Requested size: 40.64pt x 14.22636pt.
[40]

LaTeX Warning: Marginpar on page 41 moved.


Overfull \hbox (40.81439pt too wide) in paragraph at lines 464--465
[]\T1/lmr/m/n/10 Cette contrainte contraint le chi-miste à uti-li-ser une re-pr
é-sen-ta-tion ap-pe-lée $[]$
 []


Package fancyhdr Warning: \headheight is too small (12.0pt): 
(fancyhdr)                Make it at least 12.80502pt, for example:
(fancyhdr)                \setlength{\headheight}{12.80502pt}.
(fancyhdr)                You might also make \topmargin smaller to compensate:

(fancyhdr)                \addtolength{\topmargin}{-0.80502pt}.

File: cc-by-nc-sa.png Graphic file (type png)
<use cc-by-nc-sa.png>
Package pdftex.def Info: cc-by-nc-sa.png  used on input line 465.
(pdftex.def)             Requested size: 40.64pt x 14.22636pt.
[41 </home/jeff/Documents/IUTOrsay/1-Cours/3p06-Cours_Batterie/01-Cours/figures
-Chp4/Fig03.png>]
</home/jeff/Documents/IUTOrsay/1-Cours/3p06-Cours_Batterie/01-Cours/figures-Chp
4/Fig07a.png, id=1386, 675.52374pt x 328.22626pt>
File: /home/jeff/Documents/IUTOrsay/1-Cours/3p06-Cours_Batterie/01-Cours/figure
s-Chp4/Fig07a.png Graphic file (type png)
<use /home/jeff/Documents/IUTOrsay/1-Cours/3p06-Cours_Batterie/01-Cours/figures
-Chp4/Fig07a.png>
Package pdftex.def Info: /home/jeff/Documents/IUTOrsay/1-Cours/3p06-Cours_Batte
rie/01-Cours/figures-Chp4/Fig07a.png  used on input line 469.
(pdftex.def)             Requested size: 239.00558pt x 116.12798pt.


Package caption Warning: The option `hypcap=true' will be ignored for this
(caption)                particular \caption on input line 471.
See the caption package documentation for explanation.


(/home/jeff/Documents/IUTOrsay/1-Cours/3p06-Cours_Batterie/01-Cours/figures-Chp
4//Fig07b.pgf
LaTeX Font Info:    External font `lmex10' loaded for size
(Font)              <12> on input line 255.
)
Overfull \hbox (100.74634pt too wide) in paragraph at lines 1095--482
 [][] 
 []


Package caption Warning: The option `hypcap=true' will be ignored for this
(caption)                particular \caption on input line 484.
See the caption package documentation for explanation.


Underfull \hbox (badness 1122) in paragraph at lines 484--484
[]\T1/lmr/m/sc/10 Table 4.6 \T1/lmr/m/n/10 ^^U |[]Diagramme ter-naire de
 []

</home/jeff/Documents/IUTOrsay/1-Cours/3p06-Cours_Batterie/01-Cours/figures-Chp
4/Fig08a.png, id=1391, 684.5575pt x 577.15625pt>
File: /home/jeff/Documents/IUTOrsay/1-Cours/3p06-Cours_Batterie/01-Cours/figure
s-Chp4/Fig08a.png Graphic file (type png)
<use /home/jeff/Documents/IUTOrsay/1-Cours/3p06-Cours_Batterie/01-Cours/figures
-Chp4/Fig08a.png>
Package pdftex.def Info: /home/jeff/Documents/IUTOrsay/1-Cours/3p06-Cours_Batte
rie/01-Cours/figures-Chp4/Fig08a.png  used on input line 495.
(pdftex.def)             Requested size: 398.33861pt x 335.85168pt.
</home/jeff/Documents/IUTOrsay/1-Cours/3p06-Cours_Batterie/01-Cours/figures-Chp
4/Fig08b.png, id=1392, 435.6275pt x 376.40625pt>
File: /home/jeff/Documents/IUTOrsay/1-Cours/3p06-Cours_Batterie/01-Cours/figure
s-Chp4/Fig08b.png Graphic file (type png)
<use /home/jeff/Documents/IUTOrsay/1-Cours/3p06-Cours_Batterie/01-Cours/figures
-Chp4/Fig08b.png>
Package pdftex.def Info: /home/jeff/Documents/IUTOrsay/1-Cours/3p06-Cours_Batte
rie/01-Cours/figures-Chp4/Fig08b.png  used on input line 496.
(pdftex.def)             Requested size: 398.33861pt x 344.18434pt.

Overfull \hbox (21.72334pt too wide) in paragraph at lines 495--498
[][] [][] 
 []


Underfull \vbox (badness 10000) has occurred while \output is active []



Package fancyhdr Warning: \headheight is too small (12.0pt): 
(fancyhdr)                Make it at least 12.80502pt, for example:
(fancyhdr)                \setlength{\headheight}{12.80502pt}.
(fancyhdr)                You might also make \topmargin smaller to compensate:

(fancyhdr)                \addtolength{\topmargin}{-0.80502pt}.

File: cc-by-nc-sa.png Graphic file (type png)
<use cc-by-nc-sa.png>
Package pdftex.def Info: cc-by-nc-sa.png  used on input line 501.
(pdftex.def)             Requested size: 40.64pt x 14.22636pt.
[42 </home/jeff/Documents/IUTOrsay/1-Cours/3p06-Cours_Batterie/01-Cours/figures
-Chp4/Fig07a.png>]
</home/jeff/Documents/IUTOrsay/1-Cours/3p06-Cours_Batterie/01-Cours/figures-Chp
4/Fig09a.png, id=1409, 704.6325pt x 669.50125pt>
File: /home/jeff/Documents/IUTOrsay/1-Cours/3p06-Cours_Batterie/01-Cours/figure
s-Chp4/Fig09a.png Graphic file (type png)
<use /home/jeff/Documents/IUTOrsay/1-Cours/3p06-Cours_Batterie/01-Cours/figures
-Chp4/Fig09a.png>
Package pdftex.def Info: /home/jeff/Documents/IUTOrsay/1-Cours/3p06-Cours_Batte
rie/01-Cours/figures-Chp4/Fig09a.png  used on input line 534.
(pdftex.def)             Requested size: 398.33861pt x 378.47322pt.
</home/jeff/Documents/IUTOrsay/1-Cours/3p06-Cours_Batterie/01-Cours/figures-Chp
4/Fig09b.png, id=1410, 431.6125pt x 585.18625pt>
File: /home/jeff/Documents/IUTOrsay/1-Cours/3p06-Cours_Batterie/01-Cours/figure
s-Chp4/Fig09b.png Graphic file (type png)
<use /home/jeff/Documents/IUTOrsay/1-Cours/3p06-Cours_Batterie/01-Cours/figures
-Chp4/Fig09b.png>
Package pdftex.def Info: /home/jeff/Documents/IUTOrsay/1-Cours/3p06-Cours_Batte
rie/01-Cours/figures-Chp4/Fig09b.png  used on input line 535.
(pdftex.def)             Requested size: 398.33861pt x 540.09229pt.


Package fancyhdr Warning: \headheight is too small (12.0pt): 
(fancyhdr)                Make it at least 12.80502pt, for example:
(fancyhdr)                \setlength{\headheight}{12.80502pt}.
(fancyhdr)                You might also make \topmargin smaller to compensate:

(fancyhdr)                \addtolength{\topmargin}{-0.80502pt}.

File: cc-by-nc-sa.png Graphic file (type png)
<use cc-by-nc-sa.png>
Package pdftex.def Info: cc-by-nc-sa.png  used on input line 539.
(pdftex.def)             Requested size: 40.64pt x 14.22636pt.
[43 </home/jeff/Documents/IUTOrsay/1-Cours/3p06-Cours_Batterie/01-Cours/figures
-Chp4/Fig08a.png> </home/jeff/Documents/IUTOrsay/1-Cours/3p06-Cours_Batterie/01
-Cours/figures-Chp4/Fig08b.png>]
Overfull \hbox (3.75569pt too wide) detected at line 578
[]
 []


Package fancyhdr Warning: \headheight is too small (12.0pt): 
(fancyhdr)                Make it at least 12.80502pt, for example:
(fancyhdr)                \setlength{\headheight}{12.80502pt}.
(fancyhdr)                You might also make \topmargin smaller to compensate:

(fancyhdr)                \addtolength{\topmargin}{-0.80502pt}.

File: cc-by-nc-sa.png Graphic file (type png)
<use cc-by-nc-sa.png>
Package pdftex.def Info: cc-by-nc-sa.png  used on input line 578.
(pdftex.def)             Requested size: 40.64pt x 14.22636pt.
[44 </home/jeff/Documents/IUTOrsay/1-Cours/3p06-Cours_Batterie/01-Cours/figures
-Chp4/Fig09a.png> </home/jeff/Documents/IUTOrsay/1-Cours/3p06-Cours_Batterie/01
-Cours/figures-Chp4/Fig09b.png>]
Overfull \hbox (86.88039pt too wide) detected at line 621
[]
 []

</home/jeff/Documents/IUTOrsay/1-Cours/3p06-Cours_Batterie/01-Cours/figures-Chp
4/Fig19.png, id=1438, 649.42625pt x 801.99625pt>
File: /home/jeff/Documents/IUTOrsay/1-Cours/3p06-Cours_Batterie/01-Cours/figure
s-Chp4/Fig19.png Graphic file (type png)
<use /home/jeff/Documents/IUTOrsay/1-Cours/3p06-Cours_Batterie/01-Cours/figures
-Chp4/Fig19.png>
Package pdftex.def Info: /home/jeff/Documents/IUTOrsay/1-Cours/3p06-Cours_Batte
rie/01-Cours/figures-Chp4/Fig19.png  used on input line 629.
(pdftex.def)             Requested size: 284.52756pt x 351.37422pt.

Overfull \hbox (5.69176pt too wide) in paragraph at lines 629--630
 [][] 
 []


Package caption Warning: The option `hypcap=true' will be ignored for this
(caption)                particular \caption on input line 631.
See the caption package documentation for explanation.


Underfull \hbox (badness 10000) in paragraph at lines 631--631
[]\T1/lmr/m/sc/10 Figure 4.4 \T1/lmr/m/n/10 ^^U
 []


Underfull \hbox (badness 10000) in paragraph at lines 631--631
|[]\T1/lmr/m/n/10 Diagramme d'El-
 []


Underfull \hbox (badness 3250) in paragraph at lines 631--631
\T1/lmr/m/n/10 lin-gham de quelques
 []


Underfull \hbox (badness 10000) in paragraph at lines 631--631
\T1/lmr/m/n/10 oxydes de man-ga-
 []


Underfull \hbox (badness 2293) in paragraph at lines 631--631
\T1/lmr/m/n/10 Les pres-sions d'équi-
 []


Underfull \hbox (badness 10000) in paragraph at lines 631--631
\T1/lmr/m/n/10 in-di-quées sur l'axe
 []


Underfull \hbox (badness 2913) in paragraph at lines 631--631
\T1/lmr/m/n/10 de droite en échelle
 []


Underfull \hbox (badness 3838) in paragraph at lines 632--633
[]\T1/lmr/m/n/10 [$\OMS/lmsy/m/n/10 ^^@$ \T1/lmr/m/n/10 donnent l'en-thal-
 []


Underfull \hbox (badness 6792) in paragraph at lines 632--633
\T1/lmr/m/n/10 de for-ma-tions ab-so-
 []


Package fancyhdr Warning: \headheight is too small (12.0pt): 
(fancyhdr)                Make it at least 12.80502pt, for example:
(fancyhdr)                \setlength{\headheight}{12.80502pt}.
(fancyhdr)                You might also make \topmargin smaller to compensate:

(fancyhdr)                \addtolength{\topmargin}{-0.80502pt}.

File: cc-by-nc-sa.png Graphic file (type png)
<use cc-by-nc-sa.png>
Package pdftex.def Info: cc-by-nc-sa.png  used on input line 635.
(pdftex.def)             Requested size: 40.64pt x 14.22636pt.
[45]
</home/jeff/Documents/IUTOrsay/1-Cours/3p06-Cours_Batterie/01-Cours/figures-Chp
4/Fig20.png, id=1449, 367.1316pt x 305.99118pt>
File: /home/jeff/Documents/IUTOrsay/1-Cours/3p06-Cours_Batterie/01-Cours/figure
s-Chp4/Fig20.png Graphic file (type png)
<use /home/jeff/Documents/IUTOrsay/1-Cours/3p06-Cours_Batterie/01-Cours/figures
-Chp4/Fig20.png>
Package pdftex.def Info: /home/jeff/Documents/IUTOrsay/1-Cours/3p06-Cours_Batte
rie/01-Cours/figures-Chp4/Fig20.png  used on input line 641.
(pdftex.def)             Requested size: 191.20082pt x 159.35912pt.


Package caption Warning: The option `hypcap=true' will be ignored for this
(caption)                particular \caption on input line 643.
See the caption package documentation for explanation.


Package fancyhdr Warning: \headheight is too small (12.0pt): 
(fancyhdr)                Make it at least 12.80502pt, for example:
(fancyhdr)                \setlength{\headheight}{12.80502pt}.
(fancyhdr)                You might also make \topmargin smaller to compensate:

(fancyhdr)                \addtolength{\topmargin}{-0.80502pt}.

File: cc-by-nc-sa.png Graphic file (type png)
<use cc-by-nc-sa.png>
Package pdftex.def Info: cc-by-nc-sa.png  used on input line 660.
(pdftex.def)             Requested size: 40.64pt x 14.22636pt.
[46 </home/jeff/Documents/IUTOrsay/1-Cours/3p06-Cours_Batterie/01-Cours/figures
-Chp4/Fig19.png> </home/jeff/Documents/IUTOrsay/1-Cours/3p06-Cours_Batterie/01-
Cours/figures-Chp4/Fig20.png>]
</home/jeff/Documents/IUTOrsay/1-Cours/3p06-Cours_Batterie/01-Cours/figures-Chp
4/Fig13.png, id=1458, 656.4525pt x 212.795pt>
File: /home/jeff/Documents/IUTOrsay/1-Cours/3p06-Cours_Batterie/01-Cours/figure
s-Chp4/Fig13.png Graphic file (type png)
<use /home/jeff/Documents/IUTOrsay/1-Cours/3p06-Cours_Batterie/01-Cours/figures
-Chp4/Fig13.png>
Package pdftex.def Info: /home/jeff/Documents/IUTOrsay/1-Cours/3p06-Cours_Batte
rie/01-Cours/figures-Chp4/Fig13.png  used on input line 666.
(pdftex.def)             Requested size: 227.62204pt x 73.7845pt.


Package caption Warning: The option `hypcap=true' will be ignored for this
(caption)                particular \caption on input line 667.
See the caption package documentation for explanation.

</home/jeff/Documents/IUTOrsay/1-Cours/3p06-Cours_Batterie/01-Cours/figures-Chp
4/Fig14a.png, id=1459, 310.761pt x 325.07047pt>
File: /home/jeff/Documents/IUTOrsay/1-Cours/3p06-Cours_Batterie/01-Cours/figure
s-Chp4/Fig14a.png Graphic file (type png)
<use /home/jeff/Documents/IUTOrsay/1-Cours/3p06-Cours_Batterie/01-Cours/figures
-Chp4/Fig14a.png>
Package pdftex.def Info: /home/jeff/Documents/IUTOrsay/1-Cours/3p06-Cours_Batte
rie/01-Cours/figures-Chp4/Fig14a.png  used on input line 693.
(pdftex.def)             Requested size: 239.00558pt x 250.01733pt.

Package caption Warning: The option `hypcap=true' will be ignored for this
(caption)                particular \caption on input line 695.
See the caption package documentation for explanation.


Underfull \hbox (badness 1048) in paragraph at lines 695--695
\T1/lmr/m/n/10 l'en-thal-pie libre d'un sys-tème
 []


Underfull \hbox (badness 2229) in paragraph at lines 695--695
\T1/lmr/m/n/10 ca-tho-dique, bi-pha-sique où la
 []

</home/jeff/Documents/IUTOrsay/1-Cours/3p06-Cours_Batterie/01-Cours/figures-Chp
4/Fig14b.png, id=1460, 624.3325pt x 547.04375pt>
File: /home/jeff/Documents/IUTOrsay/1-Cours/3p06-Cours_Batterie/01-Cours/figure
s-Chp4/Fig14b.png Graphic file (type png)
<use /home/jeff/Documents/IUTOrsay/1-Cours/3p06-Cours_Batterie/01-Cours/figures
-Chp4/Fig14b.png>
Package pdftex.def Info: /home/jeff/Documents/IUTOrsay/1-Cours/3p06-Cours_Batte
rie/01-Cours/figures-Chp4/Fig14b.png  used on input line 698.
(pdftex.def)             Requested size: 142.26378pt x 124.6488pt.

Overfull \hbox (2.84285pt too wide) in paragraph at lines 698--699
[][] 
 []


Package fancyhdr Warning: \headheight is too small (12.0pt): 
(fancyhdr)                Make it at least 12.80502pt, for example:
(fancyhdr)                \setlength{\headheight}{12.80502pt}.
(fancyhdr)                You might also make \topmargin smaller to compensate:

(fancyhdr)                \addtolength{\topmargin}{-0.80502pt}.

File: cc-by-nc-sa.png Graphic file (type png)
<use cc-by-nc-sa.png>
Package pdftex.def Info: cc-by-nc-sa.png  used on input line 702.
(pdftex.def)             Requested size: 40.64pt x 14.22636pt.
[47 </home/jeff/Documents/IUTOrsay/1-Cours/3p06-Cours_Batterie/01-Cours/figures
-Chp4/Fig13.png>]

LaTeX Warning: Marginpar on page 48 moved.


LaTeX Warning: Marginpar on page 48 moved.

</home/jeff/Documents/IUTOrsay/1-Cours/3p06-Cours_Batterie/01-Cours/figures-Chp
4/Fig15ab.png, id=1469, 539.42328pt x 265.66452pt>
File: /home/jeff/Documents/IUTOrsay/1-Cours/3p06-Cours_Batterie/01-Cours/figure
s-Chp4/Fig15ab.png Graphic file (type png)
<use /home/jeff/Documents/IUTOrsay/1-Cours/3p06-Cours_Batterie/01-Cours/figures
-Chp4/Fig15ab.png>
Package pdftex.def Info: /home/jeff/Documents/IUTOrsay/1-Cours/3p06-Cours_Batte
rie/01-Cours/figures-Chp4/Fig15ab.png  used on input line 717.
(pdftex.def)             Requested size: 318.67209pt x 156.94743pt.
</home/jeff/Documents/IUTOrsay/1-Cours/3p06-Cours_Batterie/01-Cours/figures-Chp
4/Fig15.png, id=1470, 340.75305pt x 233.79346pt>
File: /home/jeff/Documents/IUTOrsay/1-Cours/3p06-Cours_Batterie/01-Cours/figure
s-Chp4/Fig15.png Graphic file (type png)
<use /home/jeff/Documents/IUTOrsay/1-Cours/3p06-Cours_Batterie/01-Cours/figures
-Chp4/Fig15.png>
Package pdftex.def Info: /home/jeff/Documents/IUTOrsay/1-Cours/3p06-Cours_Batte
rie/01-Cours/figures-Chp4/Fig15.png  used on input line 724.
(pdftex.def)             Requested size: 239.00558pt x 163.9825pt.

Package caption Warning: The option `hypcap=true' will be ignored for this
(caption)                particular \caption on input line 726.
See the caption package documentation for explanation.


Underfull \hbox (badness 2435) in paragraph at lines 726--726
\T1/lmr/m/n/10 teau de po-ten-tiel lors d'une
 []


Underfull \hbox (badness 3250) in paragraph at lines 726--726
\T1/lmr/m/n/10 charge, puis d'une dé-charge,
 []


Underfull \vbox (badness 1436) has occurred while \output is active []



Package fancyhdr Warning: \headheight is too small (12.0pt): 
(fancyhdr)                Make it at least 12.80502pt, for example:
(fancyhdr)                \setlength{\headheight}{12.80502pt}.
(fancyhdr)                You might also make \topmargin smaller to compensate:

(fancyhdr)                \addtolength{\topmargin}{-0.80502pt}.

File: cc-by-nc-sa.png Graphic file (type png)
<use cc-by-nc-sa.png>
Package pdftex.def Info: cc-by-nc-sa.png  used on input line 730.
(pdftex.def)             Requested size: 40.64pt x 14.22636pt.
[48 </home/jeff/Documents/IUTOrsay/1-Cours/3p06-Cours_Batterie/01-Cours/figures
-Chp4/Fig14a.png> </home/jeff/Documents/IUTOrsay/1-Cours/3p06-Cours_Batterie/01
-Cours/figures-Chp4/Fig14b.png> </home/jeff/Documents/IUTOrsay/1-Cours/3p06-Cou
rs_Batterie/01-Cours/figures-Chp4/Fig15ab.png>]
</home/jeff/Documents/IUTOrsay/1-Cours/3p06-Cours_Batterie/01-Cours/figures-Chp
4/Fig16.png, id=1484, 656.4525pt x 257.96375pt>
File: /home/jeff/Documents/IUTOrsay/1-Cours/3p06-Cours_Batterie/01-Cours/figure
s-Chp4/Fig16.png Graphic file (type png)
<use /home/jeff/Documents/IUTOrsay/1-Cours/3p06-Cours_Batterie/01-Cours/figures
-Chp4/Fig16.png>
Package pdftex.def Info: /home/jeff/Documents/IUTOrsay/1-Cours/3p06-Cours_Batte
rie/01-Cours/figures-Chp4/Fig16.png  used on input line 743.
(pdftex.def)             Requested size: 227.62204pt x 89.4463pt.


Package caption Warning: The option `hypcap=true' will be ignored for this
(caption)                particular \caption on input line 744.
See the caption package documentation for explanation.


LaTeX Warning: Marginpar on page 49 moved.


LaTeX Warning: Marginpar on page 49 moved.


LaTeX Warning: Marginpar on page 49 moved.

</home/jeff/Documents/IUTOrsay/1-Cours/3p06-Cours_Batterie/01-Cours/figures-Chp
4/Fig17.png, id=1486, 906.38625pt x 687.56876pt>
File: /home/jeff/Documents/IUTOrsay/1-Cours/3p06-Cours_Batterie/01-Cours/figure
s-Chp4/Fig17.png Graphic file (type png)
<use /home/jeff/Documents/IUTOrsay/1-Cours/3p06-Cours_Batterie/01-Cours/figures
-Chp4/Fig17.png>
Package pdftex.def Info: /home/jeff/Documents/IUTOrsay/1-Cours/3p06-Cours_Batte
rie/01-Cours/figures-Chp4/Fig17.png  used on input line 761.
(pdftex.def)             Requested size: 239.00558pt x 181.30258pt.

Package caption Warning: The option `hypcap=true' will be ignored for this
(caption)                particular \caption on input line 763.
See the caption package documentation for explanation.


Package fancyhdr Warning: \headheight is too small (12.0pt): 
(fancyhdr)                Make it at least 12.80502pt, for example:
(fancyhdr)                \setlength{\headheight}{12.80502pt}.
(fancyhdr)                You might also make \topmargin smaller to compensate:

(fancyhdr)                \addtolength{\topmargin}{-0.80502pt}.

File: cc-by-nc-sa.png Graphic file (type png)
<use cc-by-nc-sa.png>
Package pdftex.def Info: cc-by-nc-sa.png  used on input line 768.
(pdftex.def)             Requested size: 40.64pt x 14.22636pt.
[49 </home/jeff/Documents/IUTOrsay/1-Cours/3p06-Cours_Batterie/01-Cours/figures
-Chp4/Fig15.png> </home/jeff/Documents/IUTOrsay/1-Cours/3p06-Cours_Batterie/01-
Cours/figures-Chp4/Fig16.png>]
</home/jeff/Documents/IUTOrsay/1-Cours/3p06-Cours_Batterie/01-Cours/figures-Chp
4/Fig18.png, id=1502, 447.6725pt x 330.23375pt>
File: /home/jeff/Documents/IUTOrsay/1-Cours/3p06-Cours_Batterie/01-Cours/figure
s-Chp4/Fig18.png Graphic file (type png)
<use /home/jeff/Documents/IUTOrsay/1-Cours/3p06-Cours_Batterie/01-Cours/figures
-Chp4/Fig18.png>
Package pdftex.def Info: /home/jeff/Documents/IUTOrsay/1-Cours/3p06-Cours_Batte
rie/01-Cours/figures-Chp4/Fig18.png  used on input line 782.
(pdftex.def)             Requested size: 113.81102pt x 83.95401pt.
)
(/home/jeff/Documents/IUTOrsay/1-Cours/3p06-Cours_Batterie/01-Cours/Chp-2.tex

Package fancyhdr Warning: \headheight is too small (12.0pt): 
(fancyhdr)                Make it at least 12.80502pt, for example:
(fancyhdr)                \setlength{\headheight}{12.80502pt}.
(fancyhdr)                You might also make \topmargin smaller to compensate:

(fancyhdr)                \addtolength{\topmargin}{-0.80502pt}.

File: cc-by-nc-sa.png Graphic file (type png)
<use cc-by-nc-sa.png>
Package pdftex.def Info: cc-by-nc-sa.png  used on input line 1.
(pdftex.def)             Requested size: 40.64pt x 14.22636pt.
[50 </home/jeff/Documents/IUTOrsay/1-Cours/3p06-Cours_Batterie/01-Cours/figures
-Chp4/Fig17.png> </home/jeff/Documents/IUTOrsay/1-Cours/3p06-Cours_Batterie/01-
Cours/figures-Chp4/Fig18.png>]
*geometry* verbose mode - [ newgeometry ] result:
* driver: pdftex
* paper: a4paper
* layout: <same size as paper>
* layoutoffset:(h,v)=(0.0pt,0.0pt)
* modes: twoside 
* h-part:(L,W,R)=(28.45274pt, 398.33861pt, 170.71652pt)
* v-part:(T,H,B)=(56.9055pt, 731.23584pt, 56.9055pt)
* \paperwidth=597.50787pt
* \paperheight=845.04684pt
* \textwidth=398.33861pt
* \textheight=731.23584pt
* \oddsidemargin=-43.81725pt
* \evensidemargin=98.44653pt
* \topmargin=-45.43198pt
* \headheight=12.0pt
* \headsep=18.06749pt
* \topskip=10.0pt
* \footskip=25.29494pt
* \marginparwidth=142.26378pt
* \marginparsep=5.69046pt
* \columnsep=99.58464pt
* \skip\footins=9.0pt plus 4.0pt minus 2.0pt
* \hoffset=0.0pt
* \voffset=0.0pt
* \mag=1000
* \@twocolumnfalse
* \@twosidetrue
* \@mparswitchtrue
* \@reversemarginfalse
* (1in=72.27pt=25.4mm, 1cm=28.453pt)


Chapitre 5.
[51


]

LaTeX Warning: Marginpar on page 52 moved.


LaTeX Warning: Marginpar on page 52 moved.


Overfull \hbox (23.74763pt too wide) in paragraph at lines 65--65
[][][][][][]$\T1/lmr/m/it/8 , lé-pi-do-lite $[][][][][][][][][][][][][][][]$, 
 []

LaTeX Font Info:    External font `lmex10' loaded for size
(Font)              <14.4> on input line 130.

Package hyperref Warning: Token not allowed in a PDF string (Unicode):
(hyperref)                removing `math shift' on input line 130.


Package hyperref Warning: Token not allowed in a PDF string (Unicode):
(hyperref)                removing `math shift' on input line 130.


Package caption Warning: The option `hypcap=true' will be ignored for this
(caption)                particular \caption on input line 150.
See the caption package documentation for explanation.


Package siunitx Warning: Unit macro \bar has been deprecated in this release.
(siunitx)                
(siunitx)                The BIPM have removed this unit from the SI Brochure.
(siunitx)                You should define it yourself using \DeclareSIUnit in
(siunitx)                your source. The current definition is
(siunitx)                
(siunitx)                \DeclareSIUnit\bar{bar}


Package fancyhdr Warning: \headheight is too small (12.0pt): 
(fancyhdr)                Make it at least 12.80502pt, for example:
(fancyhdr)                \setlength{\headheight}{12.80502pt}.
(fancyhdr)                You might also make \topmargin smaller to compensate:

(fancyhdr)                \addtolength{\topmargin}{-0.80502pt}.

File: cc-by-nc-sa.png Graphic file (type png)
<use cc-by-nc-sa.png>
Package pdftex.def Info: cc-by-nc-sa.png  used on input line 157.
(pdftex.def)             Requested size: 40.64pt x 14.22636pt.
[52]
(/home/jeff/Documents/IUTOrsay/1-Cours/3p06-Cours_Batterie/01-Cours/figures-Chp
2//Gpy-01.pgf)
Overfull \hbox (26.17505pt too wide) in paragraph at lines 779--184
 [][] 
 []


Package caption Warning: The option `hypcap=true' will be ignored for this
(caption)                particular \caption on input line 185.
See the caption package documentation for explanation.


Underfull \vbox (badness 5245) has occurred while \output is active []



Package fancyhdr Warning: \headheight is too small (12.0pt): 
(fancyhdr)                Make it at least 12.80502pt, for example:
(fancyhdr)                \setlength{\headheight}{12.80502pt}.
(fancyhdr)                You might also make \topmargin smaller to compensate:

(fancyhdr)                \addtolength{\topmargin}{-0.80502pt}.

File: cc-by-nc-sa.png Graphic file (type png)
<use cc-by-nc-sa.png>
Package pdftex.def Info: cc-by-nc-sa.png  used on input line 201.
(pdftex.def)             Requested size: 40.64pt x 14.22636pt.
[53]

Package caption Warning: The option `hypcap=true' will be ignored for this
(caption)                particular \caption on input line 211.
See the caption package documentation for explanation.


Package caption Warning: The option `hypcap=true' will be ignored for this
(caption)                particular \caption on input line 231.
See the caption package documentation for explanation.


Package fancyhdr Warning: \headheight is too small (12.0pt): 
(fancyhdr)                Make it at least 12.80502pt, for example:
(fancyhdr)                \setlength{\headheight}{12.80502pt}.
(fancyhdr)                You might also make \topmargin smaller to compensate:

(fancyhdr)                \addtolength{\topmargin}{-0.80502pt}.

File: cc-by-nc-sa.png Graphic file (type png)
<use cc-by-nc-sa.png>
Package pdftex.def Info: cc-by-nc-sa.png  used on input line 255.
(pdftex.def)             Requested size: 40.64pt x 14.22636pt.
[54]

Package caption Warning: The option `hypcap=true' will be ignored for this
(caption)                particular \caption on input line 285.
See the caption package documentation for explanation.


Package fancyhdr Warning: \headheight is too small (12.0pt): 
(fancyhdr)                Make it at least 12.80502pt, for example:
(fancyhdr)                \setlength{\headheight}{12.80502pt}.
(fancyhdr)                You might also make \topmargin smaller to compensate:

(fancyhdr)                \addtolength{\topmargin}{-0.80502pt}.

File: cc-by-nc-sa.png Graphic file (type png)
<use cc-by-nc-sa.png>
Package pdftex.def Info: cc-by-nc-sa.png  used on input line 319.
(pdftex.def)             Requested size: 40.64pt x 14.22636pt.
[55]
Overfull \hbox (10.41986pt too wide) in paragraph at lines 324--324
 []|[]| 
 []

</home/jeff/Documents/IUTOrsay/1-Cours/3p06-Cours_Batterie/01-Cours/figures-Chp
2/Fig01-Li.png, id=1550, 50.589pt x 126.071pt>
File: /home/jeff/Documents/IUTOrsay/1-Cours/3p06-Cours_Batterie/01-Cours/figure
s-Chp2/Fig01-Li.png Graphic file (type png)
<use /home/jeff/Documents/IUTOrsay/1-Cours/3p06-Cours_Batterie/01-Cours/figures
-Chp2/Fig01-Li.png>
Package pdftex.def Info: /home/jeff/Documents/IUTOrsay/1-Cours/3p06-Cours_Batte
rie/01-Cours/figures-Chp2/Fig01-Li.png  used on input line 324.
(pdftex.def)             Requested size: 22.8343pt x 56.9055pt.
</home/jeff/Documents/IUTOrsay/1-Cours/3p06-Cours_Batterie/01-Cours/figures-Chp
2/Fig01-Na.png, id=1551, 51.392pt x 126.071pt>
File: /home/jeff/Documents/IUTOrsay/1-Cours/3p06-Cours_Batterie/01-Cours/figure
s-Chp2/Fig01-Na.png Graphic file (type png)
<use /home/jeff/Documents/IUTOrsay/1-Cours/3p06-Cours_Batterie/01-Cours/figures
-Chp2/Fig01-Na.png>
Package pdftex.def Info: /home/jeff/Documents/IUTOrsay/1-Cours/3p06-Cours_Batte
rie/01-Cours/figures-Chp2/Fig01-Na.png  used on input line 324.
(pdftex.def)             Requested size: 23.19675pt x 56.9055pt.
</home/jeff/Documents/IUTOrsay/1-Cours/3p06-Cours_Batterie/01-Cours/figures-Chp
2/Fig01-K.png, id=1552, 50.589pt x 125.268pt>
File: /home/jeff/Documents/IUTOrsay/1-Cours/3p06-Cours_Batterie/01-Cours/figure
s-Chp2/Fig01-K.png Graphic file (type png)
<use /home/jeff/Documents/IUTOrsay/1-Cours/3p06-Cours_Batterie/01-Cours/figures
-Chp2/Fig01-K.png>
Package pdftex.def Info: /home/jeff/Documents/IUTOrsay/1-Cours/3p06-Cours_Batte
rie/01-Cours/figures-Chp2/Fig01-K.png  used on input line 324.
(pdftex.def)             Requested size: 22.98097pt x 56.9055pt.
</home/jeff/Documents/IUTOrsay/1-Cours/3p06-Cours_Batterie/01-Cours/figures-Chp
2/Fig01-Rb.png, id=1553, 50.589pt x 126.071pt>
File: /home/jeff/Documents/IUTOrsay/1-Cours/3p06-Cours_Batterie/01-Cours/figure
s-Chp2/Fig01-Rb.png Graphic file (type png)
<use /home/jeff/Documents/IUTOrsay/1-Cours/3p06-Cours_Batterie/01-Cours/figures
-Chp2/Fig01-Rb.png>
Package pdftex.def Info: /home/jeff/Documents/IUTOrsay/1-Cours/3p06-Cours_Batte
rie/01-Cours/figures-Chp2/Fig01-Rb.png  used on input line 324.
(pdftex.def)             Requested size: 22.8343pt x 56.9055pt.
</home/jeff/Documents/IUTOrsay/1-Cours/3p06-Cours_Batterie/01-Cours/figures-Chp
2/Fig01-Cs.png, id=1554, 51.392pt x 126.071pt>
File: /home/jeff/Documents/IUTOrsay/1-Cours/3p06-Cours_Batterie/01-Cours/figure
s-Chp2/Fig01-Cs.png Graphic file (type png)
<use /home/jeff/Documents/IUTOrsay/1-Cours/3p06-Cours_Batterie/01-Cours/figures
-Chp2/Fig01-Cs.png>
Package pdftex.def Info: /home/jeff/Documents/IUTOrsay/1-Cours/3p06-Cours_Batte
rie/01-Cours/figures-Chp2/Fig01-Cs.png  used on input line 324.
(pdftex.def)             Requested size: 23.19675pt x 56.9055pt.

Package caption Warning: The option `hypcap=true' will be ignored for this
(caption)                particular \caption on input line 330.
See the caption package documentation for explanation.


Package caption Warning: The option `hypcap=true' will be ignored for this
(caption)                particular \caption on input line 367.
See the caption package documentation for explanation.


Package fancyhdr Warning: \headheight is too small (12.0pt): 
(fancyhdr)                Make it at least 12.80502pt, for example:
(fancyhdr)                \setlength{\headheight}{12.80502pt}.
(fancyhdr)                You might also make \topmargin smaller to compensate:

(fancyhdr)                \addtolength{\topmargin}{-0.80502pt}.

File: cc-by-nc-sa.png Graphic file (type png)
<use cc-by-nc-sa.png>
Package pdftex.def Info: cc-by-nc-sa.png  used on input line 385.
(pdftex.def)             Requested size: 40.64pt x 14.22636pt.
[56 </home/jeff/Documents/IUTOrsay/1-Cours/3p06-Cours_Batterie/01-Cours/figures
-Chp2/Fig01-Li.png> </home/jeff/Documents/IUTOrsay/1-Cours/3p06-Cours_Batterie/
01-Cours/figures-Chp2/Fig01-Na.png> </home/jeff/Documents/IUTOrsay/1-Cours/3p06
-Cours_Batterie/01-Cours/figures-Chp2/Fig01-K.png> </home/jeff/Documents/IUTOrs
ay/1-Cours/3p06-Cours_Batterie/01-Cours/figures-Chp2/Fig01-Rb.png> </home/jeff/
Documents/IUTOrsay/1-Cours/3p06-Cours_Batterie/01-Cours/figures-Chp2/Fig01-Cs.p
ng>]

Package caption Warning: The option `hypcap=true' will be ignored for this
(caption)                particular \caption on input line 398.
See the caption package documentation for explanation.


Overfull \hbox (24.66936pt too wide) detected at line 430
[]
 []


Package caption Warning: The option `hypcap=true' will be ignored for this
(caption)                particular \caption on input line 444.
See the caption package documentation for explanation.


Package fancyhdr Warning: \headheight is too small (12.0pt): 
(fancyhdr)                Make it at least 12.80502pt, for example:
(fancyhdr)                \setlength{\headheight}{12.80502pt}.
(fancyhdr)                You might also make \topmargin smaller to compensate:

(fancyhdr)                \addtolength{\topmargin}{-0.80502pt}.

File: cc-by-nc-sa.png Graphic file (type png)
<use cc-by-nc-sa.png>
Package pdftex.def Info: cc-by-nc-sa.png  used on input line 444.
(pdftex.def)             Requested size: 40.64pt x 14.22636pt.
[57]
</home/jeff/Documents/IUTOrsay/1-Cours/3p06-Cours_Batterie/01-Cours/figures-Chp
2/Fig03.png, id=1576, 289.8027pt x 142.51643pt>
File: /home/jeff/Documents/IUTOrsay/1-Cours/3p06-Cours_Batterie/01-Cours/figure
s-Chp2/Fig03.png Graphic file (type png)
<use /home/jeff/Documents/IUTOrsay/1-Cours/3p06-Cours_Batterie/01-Cours/figures
-Chp2/Fig03.png>
Package pdftex.def Info: /home/jeff/Documents/IUTOrsay/1-Cours/3p06-Cours_Batte
rie/01-Cours/figures-Chp2/Fig03.png  used on input line 484.
(pdftex.def)             Requested size: 170.71652pt x 83.95348pt.


Package caption Warning: The option `hypcap=true' will be ignored for this
(caption)                particular \caption on input line 486.
See the caption package documentation for explanation.


(/home/jeff/Documents/IUTOrsay/1-Cours/3p06-Cours_Batterie/01-Cours/figures-Chp
2//Gpy-02.pgf)
(/home/jeff/Documents/IUTOrsay/1-Cours/3p06-Cours_Batterie/01-Cours/figures-Chp
2//Gpy-03.pgf)
(/home/jeff/Documents/IUTOrsay/1-Cours/3p06-Cours_Batterie/01-Cours/figures-Chp
2//Gpy-04.pgf)

Package caption Warning: The option `hypcap=true' will be ignored for this
(caption)                particular \caption on input line 514.
See the caption package documentation for explanation.


Overfull \hbox (8.22273pt too wide) detected at line 518
\OT1/lmr/m/n/10 ^^A[]\OML/lmm/m/it/10 G[] \OT1/lmr/m/n/10 = \OMS/lmsy/m/n/10 ^^
@\OML/lmm/m/it/10 mF []
 []


Underfull \vbox (badness 3148) has occurred while \output is active []



Package fancyhdr Warning: \headheight is too small (12.0pt): 
(fancyhdr)                Make it at least 12.80502pt, for example:
(fancyhdr)                \setlength{\headheight}{12.80502pt}.
(fancyhdr)                You might also make \topmargin smaller to compensate:

(fancyhdr)                \addtolength{\topmargin}{-0.80502pt}.

File: cc-by-nc-sa.png Graphic file (type png)
<use cc-by-nc-sa.png>
Package pdftex.def Info: cc-by-nc-sa.png  used on input line 531.
(pdftex.def)             Requested size: 40.64pt x 14.22636pt.
[58 </home/jeff/Documents/IUTOrsay/1-Cours/3p06-Cours_Batterie/01-Cours/figures
-Chp2/Fig03.png>]
<figures-Chp2/Fig25.png, id=1596, 278.9622pt x 272.02428pt>
File: figures-Chp2/Fig25.png Graphic file (type png)
<use figures-Chp2/Fig25.png>
Package pdftex.def Info: figures-Chp2/Fig25.png  used on input line 543.
(pdftex.def)             Requested size: 110.11331pt x 107.37161pt.


Package siunitx Warning: Unit macro \angstrom has been deprecated in this
(siunitx)                release.
(siunitx)                
(siunitx)                The BIPM have removed this unit from the SI Brochure.
(siunitx)                You should define it yourself using \DeclareSIUnit in
(siunitx)                your source. The current definition is
(siunitx)                
(siunitx)                \DeclareSIUnit\angstrom{\text {Ã…}}


Package caption Warning: The option `hypcap=true' will be ignored for this
(caption)                particular \caption on input line 556.
See the caption package documentation for explanation.


Package caption Warning: The option `hypcap=true' will be ignored for this
(caption)                particular \caption on input line 575.
See the caption package documentation for explanation.


Package fancyhdr Warning: \headheight is too small (12.0pt): 
(fancyhdr)                Make it at least 12.80502pt, for example:
(fancyhdr)                \setlength{\headheight}{12.80502pt}.
(fancyhdr)                You might also make \topmargin smaller to compensate:

(fancyhdr)                \addtolength{\topmargin}{-0.80502pt}.

File: cc-by-nc-sa.png Graphic file (type png)
<use cc-by-nc-sa.png>
Package pdftex.def Info: cc-by-nc-sa.png  used on input line 582.
(pdftex.def)             Requested size: 40.64pt x 14.22636pt.
[59 <./figures-Chp2/Fig25.png>]
</home/jeff/Documents/IUTOrsay/1-Cours/3p06-Cours_Batterie/01-Cours/figures-Chp
2/Fig09c.png, id=1607, 297.11pt x 390.45876pt>
File: /home/jeff/Documents/IUTOrsay/1-Cours/3p06-Cours_Batterie/01-Cours/figure
s-Chp2/Fig09c.png Graphic file (type png)
<use /home/jeff/Documents/IUTOrsay/1-Cours/3p06-Cours_Batterie/01-Cours/figures
-Chp2/Fig09c.png>
Package pdftex.def Info: /home/jeff/Documents/IUTOrsay/1-Cours/3p06-Cours_Batte
rie/01-Cours/figures-Chp2/Fig09c.png  used on input line 607.
(pdftex.def)             Requested size: 108.25157pt x 142.26378pt.
</home/jeff/Documents/IUTOrsay/1-Cours/3p06-Cours_Batterie/01-Cours/figures-Chp
2/Fig09a.png, id=1608, 304.13625pt x 364.36125pt>
File: /home/jeff/Documents/IUTOrsay/1-Cours/3p06-Cours_Batterie/01-Cours/figure
s-Chp2/Fig09a.png Graphic file (type png)
<use /home/jeff/Documents/IUTOrsay/1-Cours/3p06-Cours_Batterie/01-Cours/figures
-Chp2/Fig09a.png>
Package pdftex.def Info: /home/jeff/Documents/IUTOrsay/1-Cours/3p06-Cours_Batte
rie/01-Cours/figures-Chp2/Fig09a.png  used on input line 608.
(pdftex.def)             Requested size: 118.74724pt x 142.26378pt.
</home/jeff/Documents/IUTOrsay/1-Cours/3p06-Cours_Batterie/01-Cours/figures-Chp
2/Fig09b.png, id=1609, 330.23375pt x 358.33875pt>
File: /home/jeff/Documents/IUTOrsay/1-Cours/3p06-Cours_Batterie/01-Cours/figure
s-Chp2/Fig09b.png Graphic file (type png)
<use /home/jeff/Documents/IUTOrsay/1-Cours/3p06-Cours_Batterie/01-Cours/figures
-Chp2/Fig09b.png>
Package pdftex.def Info: /home/jeff/Documents/IUTOrsay/1-Cours/3p06-Cours_Batte
rie/01-Cours/figures-Chp2/Fig09b.png  used on input line 609.
(pdftex.def)             Requested size: 131.10855pt x 142.26378pt.

Overfull \hbox (1.91275pt too wide) in paragraph at lines 616--617
[]\T1/lmr/m/n/10 Dans le do-maine des bat-te-ries, on fait une dis-tinc-tion ph
y-sique entre la $[]$,
 []


Package caption Warning: The option `hypcap=true' will be ignored for this
(caption)                particular \caption on input line 639.
See the caption package documentation for explanation.


Package fancyhdr Warning: \headheight is too small (12.0pt): 
(fancyhdr)                Make it at least 12.80502pt, for example:
(fancyhdr)                \setlength{\headheight}{12.80502pt}.
(fancyhdr)                You might also make \topmargin smaller to compensate:

(fancyhdr)                \addtolength{\topmargin}{-0.80502pt}.

File: cc-by-nc-sa.png Graphic file (type png)
<use cc-by-nc-sa.png>
Package pdftex.def Info: cc-by-nc-sa.png  used on input line 640.
(pdftex.def)             Requested size: 40.64pt x 14.22636pt.
[60 </home/jeff/Documents/IUTOrsay/1-Cours/3p06-Cours_Batterie/01-Cours/figures
-Chp2/Fig09c.png> </home/jeff/Documents/IUTOrsay/1-Cours/3p06-Cours_Batterie/01
-Cours/figures-Chp2/Fig09a.png> </home/jeff/Documents/IUTOrsay/1-Cours/3p06-Cou
rs_Batterie/01-Cours/figures-Chp2/Fig09b.png>]

Package caption Warning: The option `hypcap=true' will be ignored for this
(caption)                particular \caption on input line 661.
See the caption package documentation for explanation.

</home/jeff/Documents/IUTOrsay/1-Cours/3p06-Cours_Batterie/01-Cours/figures-Chp
2/Fig10.png, id=1629, 740.7675pt x 347.2975pt>
File: /home/jeff/Documents/IUTOrsay/1-Cours/3p06-Cours_Batterie/01-Cours/figure
s-Chp2/Fig10.png Graphic file (type png)
<use /home/jeff/Documents/IUTOrsay/1-Cours/3p06-Cours_Batterie/01-Cours/figures
-Chp2/Fig10.png>
Package pdftex.def Info: /home/jeff/Documents/IUTOrsay/1-Cours/3p06-Cours_Batte
rie/01-Cours/figures-Chp2/Fig10.png  used on input line 674.
(pdftex.def)             Requested size: 170.71652pt x 80.03572pt.

Package caption Warning: The option `hypcap=true' will be ignored for this
(caption)                particular \caption on input line 676.
See the caption package documentation for explanation.


Package fancyhdr Warning: \headheight is too small (12.0pt): 
(fancyhdr)                Make it at least 12.80502pt, for example:
(fancyhdr)                \setlength{\headheight}{12.80502pt}.
(fancyhdr)                You might also make \topmargin smaller to compensate:

(fancyhdr)                \addtolength{\topmargin}{-0.80502pt}.

File: cc-by-nc-sa.png Graphic file (type png)
<use cc-by-nc-sa.png>
Package pdftex.def Info: cc-by-nc-sa.png  used on input line 681.
(pdftex.def)             Requested size: 40.64pt x 14.22636pt.
[61 </home/jeff/Documents/IUTOrsay/1-Cours/3p06-Cours_Batterie/01-Cours/figures
-Chp2/Fig10.png>]
</home/jeff/Documents/IUTOrsay/1-Cours/3p06-Cours_Batterie/01-Cours/figures-Chp
2/Fig11.png, id=1643, 1003.75pt x 327.2225pt>
File: /home/jeff/Documents/IUTOrsay/1-Cours/3p06-Cours_Batterie/01-Cours/figure
s-Chp2/Fig11.png Graphic file (type png)
<use /home/jeff/Documents/IUTOrsay/1-Cours/3p06-Cours_Batterie/01-Cours/figures
-Chp2/Fig11.png>
Package pdftex.def Info: /home/jeff/Documents/IUTOrsay/1-Cours/3p06-Cours_Batte
rie/01-Cours/figures-Chp2/Fig11.png  used on input line 688.
(pdftex.def)             Requested size: 284.52756pt x 92.75508pt.

Overfull \hbox (25.6099pt too wide) in paragraph at lines 688--689
 [][] 
 []


Package caption Warning: The option `hypcap=true' will be ignored for this
(caption)                particular \caption on input line 690.
See the caption package documentation for explanation.


Underfull \hbox (badness 1895) in paragraph at lines 690--690
[]\T1/lmr/m/sc/10 Figure 5.7 \T1/lmr/m/n/10 ^^U |[]Trois
 []


Underfull \hbox (badness 10000) in paragraph at lines 690--690
\T1/lmr/m/n/10 em-pi-le-ments ren-con-
 []


LaTeX Warning: Marginpar on page 62 moved.

</home/jeff/Documents/IUTOrsay/1-Cours/3p06-Cours_Batterie/01-Cours/figures-Chp
2/Fig13.png, id=1645, 711.65875pt x 501.875pt>
File: /home/jeff/Documents/IUTOrsay/1-Cours/3p06-Cours_Batterie/01-Cours/figure
s-Chp2/Fig13.png Graphic file (type png)
<use /home/jeff/Documents/IUTOrsay/1-Cours/3p06-Cours_Batterie/01-Cours/figures
-Chp2/Fig13.png>
Package pdftex.def Info: /home/jeff/Documents/IUTOrsay/1-Cours/3p06-Cours_Batte
rie/01-Cours/figures-Chp2/Fig13.png  used on input line 703.
(pdftex.def)             Requested size: 170.71652pt x 120.39119pt.

Package caption Warning: The option `hypcap=true' will be ignored for this
(caption)                particular \caption on input line 705.
See the caption package documentation for explanation.

</home/jeff/Documents/IUTOrsay/1-Cours/3p06-Cours_Batterie/01-Cours/figures-Chp
2/Fig12.png, id=1647, 984.67876pt x 544.0325pt>
File: /home/jeff/Documents/IUTOrsay/1-Cours/3p06-Cours_Batterie/01-Cours/figure
s-Chp2/Fig12.png Graphic file (type png)
<use /home/jeff/Documents/IUTOrsay/1-Cours/3p06-Cours_Batterie/01-Cours/figures
-Chp2/Fig12.png>
Package pdftex.def Info: /home/jeff/Documents/IUTOrsay/1-Cours/3p06-Cours_Batte
rie/01-Cours/figures-Chp2/Fig12.png  used on input line 713.
(pdftex.def)             Requested size: 227.62204pt x 125.75574pt.

Overfull \hbox (8.53459pt too wide) in paragraph at lines 713--714
 [][] 
 []


Package caption Warning: The option `hypcap=true' will be ignored for this
(caption)                particular \caption on input line 715.
See the caption package documentation for explanation.


Package fancyhdr Warning: \headheight is too small (12.0pt): 
(fancyhdr)                Make it at least 12.80502pt, for example:
(fancyhdr)                \setlength{\headheight}{12.80502pt}.
(fancyhdr)                You might also make \topmargin smaller to compensate:

(fancyhdr)                \addtolength{\topmargin}{-0.80502pt}.

File: cc-by-nc-sa.png Graphic file (type png)
<use cc-by-nc-sa.png>
Package pdftex.def Info: cc-by-nc-sa.png  used on input line 730.
(pdftex.def)             Requested size: 40.64pt x 14.22636pt.
[62 </home/jeff/Documents/IUTOrsay/1-Cours/3p06-Cours_Batterie/01-Cours/figures
-Chp2/Fig11.png> </home/jeff/Documents/IUTOrsay/1-Cours/3p06-Cours_Batterie/01-
Cours/figures-Chp2/Fig13.png> </home/jeff/Documents/IUTOrsay/1-Cours/3p06-Cours
_Batterie/01-Cours/figures-Chp2/Fig12.png>]
</home/jeff/Documents/IUTOrsay/1-Cours/3p06-Cours_Batterie/01-Cours/figures-Chp
2/Fig15.png, id=1665, 592.2125pt x 603.25375pt>
File: /home/jeff/Documents/IUTOrsay/1-Cours/3p06-Cours_Batterie/01-Cours/figure
s-Chp2/Fig15.png Graphic file (type png)
<use /home/jeff/Documents/IUTOrsay/1-Cours/3p06-Cours_Batterie/01-Cours/figures
-Chp2/Fig15.png>
Package pdftex.def Info: /home/jeff/Documents/IUTOrsay/1-Cours/3p06-Cours_Batte
rie/01-Cours/figures-Chp2/Fig15.png  used on input line 734.
(pdftex.def)             Requested size: 227.62204pt x 231.8622pt.

Overfull \hbox (8.53459pt too wide) in paragraph at lines 734--735
 [][] 
 []


Package caption Warning: The option `hypcap=true' will be ignored for this
(caption)                particular \caption on input line 736.
See the caption package documentation for explanation.


Underfull \hbox (badness 4832) in paragraph at lines 736--736
[]\T1/lmr/m/sc/10 Figure 5.10 \T1/lmr/m/n/10 ^^U |[]Courbe de
 []


Overfull \hbox (19.21533pt too wide) in paragraph at lines 744--745
[]\T1/lmr/m/n/10 P3 n'est sont pas ob-servé mais cette struc-ture existe pour d
e plus gros ca-tions ($[][][][]\OML/lmm/m/it/10 ; []\OT1/lmr/m/n/10 K[][] []$\T
1/lmr/m/n/10 ). 
 []

</home/jeff/Documents/IUTOrsay/1-Cours/3p06-Cours_Batterie/01-Cours/figures-Chp
2/Fig16a.png, id=1666, 458.71375pt x 294.09875pt>
File: /home/jeff/Documents/IUTOrsay/1-Cours/3p06-Cours_Batterie/01-Cours/figure
s-Chp2/Fig16a.png Graphic file (type png)
<use /home/jeff/Documents/IUTOrsay/1-Cours/3p06-Cours_Batterie/01-Cours/figures
-Chp2/Fig16a.png>
Package pdftex.def Info: /home/jeff/Documents/IUTOrsay/1-Cours/3p06-Cours_Batte
rie/01-Cours/figures-Chp2/Fig16a.png  used on input line 768.
(pdftex.def)             Requested size: 133.13556pt x 85.35826pt.
</home/jeff/Documents/IUTOrsay/1-Cours/3p06-Cours_Batterie/01-Cours/figures-Chp
2/Fig16b.png, id=1667, 220.825pt x 260.975pt>
File: /home/jeff/Documents/IUTOrsay/1-Cours/3p06-Cours_Batterie/01-Cours/figure
s-Chp2/Fig16b.png Graphic file (type png)
<use /home/jeff/Documents/IUTOrsay/1-Cours/3p06-Cours_Batterie/01-Cours/figures
-Chp2/Fig16b.png>
Package pdftex.def Info: /home/jeff/Documents/IUTOrsay/1-Cours/3p06-Cours_Batte
rie/01-Cours/figures-Chp2/Fig16b.png  used on input line 769.
(pdftex.def)             Requested size: 72.22552pt x 85.35826pt.
</home/jeff/Documents/IUTOrsay/1-Cours/3p06-Cours_Batterie/01-Cours/figures-Chp
2/Fig16c.png, id=1668, 503.8825pt x 298.11375pt>
File: /home/jeff/Documents/IUTOrsay/1-Cours/3p06-Cours_Batterie/01-Cours/figure
s-Chp2/Fig16c.png Graphic file (type png)
<use /home/jeff/Documents/IUTOrsay/1-Cours/3p06-Cours_Batterie/01-Cours/figures
-Chp2/Fig16c.png>
Package pdftex.def Info: /home/jeff/Documents/IUTOrsay/1-Cours/3p06-Cours_Batte
rie/01-Cours/figures-Chp2/Fig16c.png  used on input line 770.
(pdftex.def)             Requested size: 144.27692pt x 85.35826pt.

Package fancyhdr Warning: \headheight is too small (12.0pt): 
(fancyhdr)                Make it at least 12.80502pt, for example:
(fancyhdr)                \setlength{\headheight}{12.80502pt}.
(fancyhdr)                You might also make \topmargin smaller to compensate:

(fancyhdr)                \addtolength{\topmargin}{-0.80502pt}.

File: cc-by-nc-sa.png Graphic file (type png)
<use cc-by-nc-sa.png>
Package pdftex.def Info: cc-by-nc-sa.png  used on input line 774.
(pdftex.def)             Requested size: 40.64pt x 14.22636pt.
[63 </home/jeff/Documents/IUTOrsay/1-Cours/3p06-Cours_Batterie/01-Cours/figures
-Chp2/Fig15.png>]
</home/jeff/Documents/IUTOrsay/1-Cours/3p06-Cours_Batterie/01-Cours/figures-Chp
2/Fig17.png, id=1689, 543.61494pt x 126.18343pt>
File: /home/jeff/Documents/IUTOrsay/1-Cours/3p06-Cours_Batterie/01-Cours/figure
s-Chp2/Fig17.png Graphic file (type png)
<use /home/jeff/Documents/IUTOrsay/1-Cours/3p06-Cours_Batterie/01-Cours/figures
-Chp2/Fig17.png>
Package pdftex.def Info: /home/jeff/Documents/IUTOrsay/1-Cours/3p06-Cours_Batte
rie/01-Cours/figures-Chp2/Fig17.png  used on input line 792.
(pdftex.def)             Requested size: 284.52756pt x 66.0451pt.


Package caption Warning: The option `hypcap=true' will be ignored for this
(caption)                particular \caption on input line 793.
See the caption package documentation for explanation.

</home/jeff/Documents/IUTOrsay/1-Cours/3p06-Cours_Batterie/01-Cours/figures-Chp
2/Fig18a.png, id=1690, 212.04018pt x 199.17612pt>
File: /home/jeff/Documents/IUTOrsay/1-Cours/3p06-Cours_Batterie/01-Cours/figure
s-Chp2/Fig18a.png Graphic file (type png)
<use /home/jeff/Documents/IUTOrsay/1-Cours/3p06-Cours_Batterie/01-Cours/figures
-Chp2/Fig18a.png>
Package pdftex.def Info: /home/jeff/Documents/IUTOrsay/1-Cours/3p06-Cours_Batte
rie/01-Cours/figures-Chp2/Fig18a.png  used on input line 810.
(pdftex.def)             Requested size: 85.35826pt x 80.17961pt.
</home/jeff/Documents/IUTOrsay/1-Cours/3p06-Cours_Batterie/01-Cours/figures-Chp
2/Fig18c.png, id=1691, 227.36142pt x 210.3057pt>
File: /home/jeff/Documents/IUTOrsay/1-Cours/3p06-Cours_Batterie/01-Cours/figure
s-Chp2/Fig18c.png Graphic file (type png)
<use /home/jeff/Documents/IUTOrsay/1-Cours/3p06-Cours_Batterie/01-Cours/figures
-Chp2/Fig18c.png>
Package pdftex.def Info: /home/jeff/Documents/IUTOrsay/1-Cours/3p06-Cours_Batte
rie/01-Cours/figures-Chp2/Fig18c.png  used on input line 811.
(pdftex.def)             Requested size: 85.35826pt x 78.95428pt.
</home/jeff/Documents/IUTOrsay/1-Cours/3p06-Cours_Batterie/01-Cours/figures-Chp
2/Fig18b.png, id=1692, 227.36142pt x 210.3057pt>
File: /home/jeff/Documents/IUTOrsay/1-Cours/3p06-Cours_Batterie/01-Cours/figure
s-Chp2/Fig18b.png Graphic file (type png)
<use /home/jeff/Documents/IUTOrsay/1-Cours/3p06-Cours_Batterie/01-Cours/figures
-Chp2/Fig18b.png>
Package pdftex.def Info: /home/jeff/Documents/IUTOrsay/1-Cours/3p06-Cours_Batte
rie/01-Cours/figures-Chp2/Fig18b.png  used on input line 812.
(pdftex.def)             Requested size: 85.35826pt x 78.95428pt.

Underfull \vbox (badness 2495) has occurred while \output is active []



Package fancyhdr Warning: \headheight is too small (12.0pt): 
(fancyhdr)                Make it at least 12.80502pt, for example:
(fancyhdr)                \setlength{\headheight}{12.80502pt}.
(fancyhdr)                You might also make \topmargin smaller to compensate:

(fancyhdr)                \addtolength{\topmargin}{-0.80502pt}.

File: cc-by-nc-sa.png Graphic file (type png)
<use cc-by-nc-sa.png>
Package pdftex.def Info: cc-by-nc-sa.png  used on input line 816.
(pdftex.def)             Requested size: 40.64pt x 14.22636pt.
[64 </home/jeff/Documents/IUTOrsay/1-Cours/3p06-Cours_Batterie/01-Cours/figures
-Chp2/Fig16a.png> </home/jeff/Documents/IUTOrsay/1-Cours/3p06-Cours_Batterie/01
-Cours/figures-Chp2/Fig16b.png> </home/jeff/Documents/IUTOrsay/1-Cours/3p06-Cou
rs_Batterie/01-Cours/figures-Chp2/Fig16c.png> </home/jeff/Documents/IUTOrsay/1-
Cours/3p06-Cours_Batterie/01-Cours/figures-Chp2/Fig17.png>]
Overfull \hbox (17.83105pt too wide) in paragraph at lines 817--818
\T1/lmr/m/n/10 pose qu'entre deux struc-tures cris-tal-lo-gra-phiques équi-va-l
entes, les ef-fets de di-la-ta-tion/contraction
 []

</home/jeff/Documents/IUTOrsay/1-Cours/3p06-Cours_Batterie/01-Cours/figures-Chp
2/Fig19.png, id=1708, 301.125pt x 258.9675pt>
File: /home/jeff/Documents/IUTOrsay/1-Cours/3p06-Cours_Batterie/01-Cours/figure
s-Chp2/Fig19.png Graphic file (type png)
<use /home/jeff/Documents/IUTOrsay/1-Cours/3p06-Cours_Batterie/01-Cours/figures
-Chp2/Fig19.png>
Package pdftex.def Info: /home/jeff/Documents/IUTOrsay/1-Cours/3p06-Cours_Batte
rie/01-Cours/figures-Chp2/Fig19.png  used on input line 829.
(pdftex.def)             Requested size: 142.26378pt x 122.35092pt.

Package caption Warning: The option `hypcap=true' will be ignored for this
(caption)                particular \caption on input line 832.
See the caption package documentation for explanation.


Underfull \hbox (badness 6141) in paragraph at lines 832--832
[]\T1/lmr/m/sc/10 Figure 5.14 \T1/lmr/m/n/10 ^^U
 []


Underfull \hbox (badness 2735) in paragraph at lines 832--832
|[]\T1/lmr/m/n/10 Projection de la
 []


Underfull \hbox (badness 10000) in paragraph at lines 832--832
\T1/lmr/m/n/10 struc-ture d'une
 []


Underfull \hbox (badness 4217) in paragraph at lines 832--832
\T1/lmr/m/n/10 oli-vine Fors-té-rite
 []

</home/jeff/Documents/IUTOrsay/1-Cours/3p06-Cours_Batterie/01-Cours/figures-Chp
2/Fig20.png, id=1710, 623.54556pt x 174.45978pt>
File: /home/jeff/Documents/IUTOrsay/1-Cours/3p06-Cours_Batterie/01-Cours/figure
s-Chp2/Fig20.png Graphic file (type png)
<use /home/jeff/Documents/IUTOrsay/1-Cours/3p06-Cours_Batterie/01-Cours/figures
-Chp2/Fig20.png>
Package pdftex.def Info: /home/jeff/Documents/IUTOrsay/1-Cours/3p06-Cours_Batte
rie/01-Cours/figures-Chp2/Fig20.png  used on input line 852.
(pdftex.def)             Requested size: 358.5023pt x 100.30559pt.

Package caption Warning: The option `hypcap=true' will be ignored for this
(caption)                particular \caption on input line 853.
See the caption package documentation for explanation.


Package fancyhdr Warning: \headheight is too small (12.0pt): 
(fancyhdr)                Make it at least 12.80502pt, for example:
(fancyhdr)                \setlength{\headheight}{12.80502pt}.
(fancyhdr)                You might also make \topmargin smaller to compensate:

(fancyhdr)                \addtolength{\topmargin}{-0.80502pt}.

File: cc-by-nc-sa.png Graphic file (type png)
<use cc-by-nc-sa.png>
Package pdftex.def Info: cc-by-nc-sa.png  used on input line 853.
(pdftex.def)             Requested size: 40.64pt x 14.22636pt.
[65 </home/jeff/Documents/IUTOrsay/1-Cours/3p06-Cours_Batterie/01-Cours/figures
-Chp2/Fig18a.png> </home/jeff/Documents/IUTOrsay/1-Cours/3p06-Cours_Batterie/01
-Cours/figures-Chp2/Fig18c.png> </home/jeff/Documents/IUTOrsay/1-Cours/3p06-Cou
rs_Batterie/01-Cours/figures-Chp2/Fig18b.png> </home/jeff/Documents/IUTOrsay/1-
Cours/3p06-Cours_Batterie/01-Cours/figures-Chp2/Fig19.png (PNG copy)>]

Package caption Warning: The option `hypcap=true' will be ignored for this
(caption)                particular \caption on input line 869.
See the caption package documentation for explanation.

</home/jeff/Documents/IUTOrsay/1-Cours/3p06-Cours_Batterie/01-Cours/figures-Chp
2/Fig21.png, id=1726, 419.166pt x 196.28532pt>
File: /home/jeff/Documents/IUTOrsay/1-Cours/3p06-Cours_Batterie/01-Cours/figure
s-Chp2/Fig21.png Graphic file (type png)
<use /home/jeff/Documents/IUTOrsay/1-Cours/3p06-Cours_Batterie/01-Cours/figures
-Chp2/Fig21.png>
Package pdftex.def Info: /home/jeff/Documents/IUTOrsay/1-Cours/3p06-Cours_Batte
rie/01-Cours/figures-Chp2/Fig21.png  used on input line 876.
(pdftex.def)             Requested size: 284.52756pt x 133.23863pt.

Package caption Warning: The option `hypcap=true' will be ignored for this
(caption)                particular \caption on input line 877.
See the caption package documentation for explanation.


Overfull \hbox (24.17625pt too wide) in paragraph at lines 886--887
 []\T1/lmr/bx/n/10 Caractère co-valent[] \T1/lmr/m/n/10 Au sein des oxydes mé-t
al-liques, les oxy-gènes forment des $[]$
 []

</home/jeff/Documents/IUTOrsay/1-Cours/3p06-Cours_Batterie/01-Cours/figures-Chp
2/Fig07a.png, id=1729, 168.10002pt x 240.6591pt>
File: /home/jeff/Documents/IUTOrsay/1-Cours/3p06-Cours_Batterie/01-Cours/figure
s-Chp2/Fig07a.png Graphic file (type png)
<use /home/jeff/Documents/IUTOrsay/1-Cours/3p06-Cours_Batterie/01-Cours/figures
-Chp2/Fig07a.png>
Package pdftex.def Info: /home/jeff/Documents/IUTOrsay/1-Cours/3p06-Cours_Batte
rie/01-Cours/figures-Chp2/Fig07a.png  used on input line 892.
(pdftex.def)             Requested size: 99.37051pt x 142.26378pt.
</home/jeff/Documents/IUTOrsay/1-Cours/3p06-Cours_Batterie/01-Cours/figures-Chp
2/Fig07b.png, id=1730, 154.51326pt x 245.86253pt>
File: /home/jeff/Documents/IUTOrsay/1-Cours/3p06-Cours_Batterie/01-Cours/figure
s-Chp2/Fig07b.png Graphic file (type png)
<use /home/jeff/Documents/IUTOrsay/1-Cours/3p06-Cours_Batterie/01-Cours/figures
-Chp2/Fig07b.png>
Package pdftex.def Info: /home/jeff/Documents/IUTOrsay/1-Cours/3p06-Cours_Batte
rie/01-Cours/figures-Chp2/Fig07b.png  used on input line 893.
(pdftex.def)             Requested size: 89.40555pt x 142.26378pt.
</home/jeff/Documents/IUTOrsay/1-Cours/3p06-Cours_Batterie/01-Cours/figures-Chp
2/Fig07c.png, id=1731, 154.51326pt x 244.70622pt>
File: /home/jeff/Documents/IUTOrsay/1-Cours/3p06-Cours_Batterie/01-Cours/figure
s-Chp2/Fig07c.png Graphic file (type png)
<use /home/jeff/Documents/IUTOrsay/1-Cours/3p06-Cours_Batterie/01-Cours/figures
-Chp2/Fig07c.png>
Package pdftex.def Info: /home/jeff/Documents/IUTOrsay/1-Cours/3p06-Cours_Batte
rie/01-Cours/figures-Chp2/Fig07c.png  used on input line 894.
(pdftex.def)             Requested size: 89.82758pt x 142.26378pt.

Package fancyhdr Warning: \headheight is too small (12.0pt): 
(fancyhdr)                Make it at least 12.80502pt, for example:
(fancyhdr)                \setlength{\headheight}{12.80502pt}.
(fancyhdr)                You might also make \topmargin smaller to compensate:

(fancyhdr)                \addtolength{\topmargin}{-0.80502pt}.

File: cc-by-nc-sa.png Graphic file (type png)
<use cc-by-nc-sa.png>
Package pdftex.def Info: cc-by-nc-sa.png  used on input line 899.
(pdftex.def)             Requested size: 40.64pt x 14.22636pt.
[66 </home/jeff/Documents/IUTOrsay/1-Cours/3p06-Cours_Batterie/01-Cours/figures
-Chp2/Fig20.png> </home/jeff/Documents/IUTOrsay/1-Cours/3p06-Cours_Batterie/01-
Cours/figures-Chp2/Fig21.png>]
Overfull \hbox (8.91258pt too wide) in paragraph at lines 900--901
[]\T1/lmr/m/n/10 Par consé-quent, les liai-sons mo-lé-cu-laires for-mées sont g
é-né-ra-le-ment des liai-sons $[]$,
 []

</home/jeff/Documents/IUTOrsay/1-Cours/3p06-Cours_Batterie/01-Cours/figures-Chp
2/Fig14a.png, id=1751, 503.8825pt x 577.15625pt>
File: /home/jeff/Documents/IUTOrsay/1-Cours/3p06-Cours_Batterie/01-Cours/figure
s-Chp2/Fig14a.png Graphic file (type png)
<use /home/jeff/Documents/IUTOrsay/1-Cours/3p06-Cours_Batterie/01-Cours/figures
-Chp2/Fig14a.png>
Package pdftex.def Info: /home/jeff/Documents/IUTOrsay/1-Cours/3p06-Cours_Batte
rie/01-Cours/figures-Chp2/Fig14a.png  used on input line 919.
(pdftex.def)             Requested size: 124.20193pt x 142.26378pt.
</home/jeff/Documents/IUTOrsay/1-Cours/3p06-Cours_Batterie/01-Cours/figures-Chp
2/Fig14b.png, id=1752, 495.8525pt x 571.13374pt>
File: /home/jeff/Documents/IUTOrsay/1-Cours/3p06-Cours_Batterie/01-Cours/figure
s-Chp2/Fig14b.png Graphic file (type png)
<use /home/jeff/Documents/IUTOrsay/1-Cours/3p06-Cours_Batterie/01-Cours/figures
-Chp2/Fig14b.png>
Package pdftex.def Info: /home/jeff/Documents/IUTOrsay/1-Cours/3p06-Cours_Batte
rie/01-Cours/figures-Chp2/Fig14b.png  used on input line 920.
(pdftex.def)             Requested size: 123.50885pt x 142.26378pt.
</home/jeff/Documents/IUTOrsay/1-Cours/3p06-Cours_Batterie/01-Cours/figures-Chp
2/Fig14c.png, id=1753, 503.8825pt x 570.13pt>
File: /home/jeff/Documents/IUTOrsay/1-Cours/3p06-Cours_Batterie/01-Cours/figure
s-Chp2/Fig14c.png Graphic file (type png)
<use /home/jeff/Documents/IUTOrsay/1-Cours/3p06-Cours_Batterie/01-Cours/figures
-Chp2/Fig14c.png>
Package pdftex.def Info: /home/jeff/Documents/IUTOrsay/1-Cours/3p06-Cours_Batte
rie/01-Cours/figures-Chp2/Fig14c.png  used on input line 921.
(pdftex.def)             Requested size: 125.73196pt x 142.26378pt.

Package fancyhdr Warning: \headheight is too small (12.0pt): 
(fancyhdr)                Make it at least 12.80502pt, for example:
(fancyhdr)                \setlength{\headheight}{12.80502pt}.
(fancyhdr)                You might also make \topmargin smaller to compensate:

(fancyhdr)                \addtolength{\topmargin}{-0.80502pt}.

File: cc-by-nc-sa.png Graphic file (type png)
<use cc-by-nc-sa.png>
Package pdftex.def Info: cc-by-nc-sa.png  used on input line 927.
(pdftex.def)             Requested size: 40.64pt x 14.22636pt.
[67 </home/jeff/Documents/IUTOrsay/1-Cours/3p06-Cours_Batterie/01-Cours/figures
-Chp2/Fig07a.png> </home/jeff/Documents/IUTOrsay/1-Cours/3p06-Cours_Batterie/01
-Cours/figures-Chp2/Fig07b.png> </home/jeff/Documents/IUTOrsay/1-Cours/3p06-Cou
rs_Batterie/01-Cours/figures-Chp2/Fig07c.png> </home/jeff/Documents/IUTOrsay/1-
Cours/3p06-Cours_Batterie/01-Cours/figures-Chp2/Fig14a.png> </home/jeff/Documen
ts/IUTOrsay/1-Cours/3p06-Cours_Batterie/01-Cours/figures-Chp2/Fig14b.png> </hom
e/jeff/Documents/IUTOrsay/1-Cours/3p06-Cours_Batterie/01-Cours/figures-Chp2/Fig
14c.png>]

Package caption Warning: The option `hypcap=true' will be ignored for this
(caption)                particular \caption on input line 937.
See the caption package documentation for explanation.

</home/jeff/Documents/IUTOrsay/1-Cours/3p06-Cours_Batterie/01-Cours/figures-Chp
2/Fig23a.png, id=1783, 398.48875pt x 295.1025pt>
File: /home/jeff/Documents/IUTOrsay/1-Cours/3p06-Cours_Batterie/01-Cours/figure
s-Chp2/Fig23a.png Graphic file (type png)
<use /home/jeff/Documents/IUTOrsay/1-Cours/3p06-Cours_Batterie/01-Cours/figures
-Chp2/Fig23a.png>
Package pdftex.def Info: /home/jeff/Documents/IUTOrsay/1-Cours/3p06-Cours_Batte
rie/01-Cours/figures-Chp2/Fig23a.png  used on input line 962.
(pdftex.def)             Requested size: 172.89732pt x 128.0374pt.
</home/jeff/Documents/IUTOrsay/1-Cours/3p06-Cours_Batterie/01-Cours/figures-Chp
2/Fig23b.png, id=1784, 406.51875pt x 294.09875pt>
File: /home/jeff/Documents/IUTOrsay/1-Cours/3p06-Cours_Batterie/01-Cours/figure
s-Chp2/Fig23b.png Graphic file (type png)
<use /home/jeff/Documents/IUTOrsay/1-Cours/3p06-Cours_Batterie/01-Cours/figures
-Chp2/Fig23b.png>
Package pdftex.def Info: /home/jeff/Documents/IUTOrsay/1-Cours/3p06-Cours_Batte
rie/01-Cours/figures-Chp2/Fig23b.png  used on input line 963.
(pdftex.def)             Requested size: 176.97688pt x 128.0374pt.

Package fancyhdr Warning: \headheight is too small (12.0pt): 
(fancyhdr)                Make it at least 12.80502pt, for example:
(fancyhdr)                \setlength{\headheight}{12.80502pt}.
(fancyhdr)                You might also make \topmargin smaller to compensate:

(fancyhdr)                \addtolength{\topmargin}{-0.80502pt}.

File: cc-by-nc-sa.png Graphic file (type png)
<use cc-by-nc-sa.png>
Package pdftex.def Info: cc-by-nc-sa.png  used on input line 981.
(pdftex.def)             Requested size: 40.64pt x 14.22636pt.
[68 </home/jeff/Documents/IUTOrsay/1-Cours/3p06-Cours_Batterie/01-Cours/figures
-Chp2/Fig23a.png> </home/jeff/Documents/IUTOrsay/1-Cours/3p06-Cours_Batterie/01
-Cours/figures-Chp2/Fig23b.png>]
</home/jeff/Documents/IUTOrsay/1-Cours/3p06-Cours_Batterie/01-Cours/figures-Chp
2/Fig24.png, id=1806, 702.625pt x 521.95pt>
File: /home/jeff/Documents/IUTOrsay/1-Cours/3p06-Cours_Batterie/01-Cours/figure
s-Chp2/Fig24.png Graphic file (type png)
<use /home/jeff/Documents/IUTOrsay/1-Cours/3p06-Cours_Batterie/01-Cours/figures
-Chp2/Fig24.png>
Package pdftex.def Info: /home/jeff/Documents/IUTOrsay/1-Cours/3p06-Cours_Batte
rie/01-Cours/figures-Chp2/Fig24.png  used on input line 985.
(pdftex.def)             Requested size: 256.0748pt x 190.22743pt.


Package caption Warning: The option `hypcap=true' will be ignored for this
(caption)                particular \caption on input line 987.
See the caption package documentation for explanation.


Underfull \hbox (badness 10000) in paragraph at lines 987--987
[]\T1/lmr/m/sc/10 Figure 5.21 \T1/lmr/m/n/10 ^^U
 []


Underfull \hbox (badness 10000) in paragraph at lines 987--987
|[]\T1/lmr/m/n/10 Relation entre l'en-
 []


Underfull \hbox (badness 5970) in paragraph at lines 987--987
\T1/lmr/m/n/10 thal-pie libre à une
 []


Underfull \hbox (badness 10000) in paragraph at lines 987--987
\T1/lmr/m/n/10 tiel d'élec-trode. Le
 []


Underfull \hbox (badness 1968) in paragraph at lines 987--987
\T1/lmr/m/n/10 nombre de mi-ni-mum
 []


Underfull \hbox (badness 2173) in paragraph at lines 987--987
\T1/lmr/m/n/10 lo-caux de l'en-thal-pie
 []


Underfull \hbox (badness 2608) in paragraph at lines 987--987
\T1/lmr/m/n/10 libre en fonc-tion de
 []


Underfull \hbox (badness 1286) in paragraph at lines 987--987
\T1/lmr/m/n/10 dans le ma-té-riau in-
 []


Underfull \hbox (badness 3407) in paragraph at lines 987--987
\T1/lmr/m/n/10 dique le nombre de
 []


Underfull \hbox (badness 10000) in paragraph at lines 987--987
\T1/lmr/m/n/10 courbes d'en-thal-pie
 []


Underfull \hbox (badness 4279) in paragraph at lines 987--987
\T1/lmr/m/n/10 ter-pré-ter la sta-bi-lité
 []


Underfull \hbox (badness 10000) in paragraph at lines 987--987
\T1/lmr/m/n/10 re-la-tive des phases
 []

</home/jeff/Documents/IUTOrsay/1-Cours/3p06-Cours_Batterie/01-Cours/figures-Chp
2/Fig04.png, id=1807, 824.74524pt x 424.2249pt>
File: /home/jeff/Documents/IUTOrsay/1-Cours/3p06-Cours_Batterie/01-Cours/figure
s-Chp2/Fig04.png Graphic file (type png)
<use /home/jeff/Documents/IUTOrsay/1-Cours/3p06-Cours_Batterie/01-Cours/figures
-Chp2/Fig04.png>
Package pdftex.def Info: /home/jeff/Documents/IUTOrsay/1-Cours/3p06-Cours_Batte
rie/01-Cours/figures-Chp2/Fig04.png  used on input line 1045.
(pdftex.def)             Requested size: 276.57137pt x 142.26378pt.

Package caption Warning: The option `hypcap=true' will be ignored for this
(caption)                particular \caption on input line 1046.
See the caption package documentation for explanation.


Underfull \vbox (badness 4726) has occurred while \output is active []



Package fancyhdr Warning: \headheight is too small (12.0pt): 
(fancyhdr)                Make it at least 12.80502pt, for example:
(fancyhdr)                \setlength{\headheight}{12.80502pt}.
(fancyhdr)                You might also make \topmargin smaller to compensate:

(fancyhdr)                \addtolength{\topmargin}{-0.80502pt}.

File: cc-by-nc-sa.png Graphic file (type png)
<use cc-by-nc-sa.png>
Package pdftex.def Info: cc-by-nc-sa.png  used on input line 1046.
(pdftex.def)             Requested size: 40.64pt x 14.22636pt.
[69 </home/jeff/Documents/IUTOrsay/1-Cours/3p06-Cours_Batterie/01-Cours/figures
-Chp2/Fig24.png>]

LaTeX Warning: Marginpar on page 70 moved.

</home/jeff/Documents/IUTOrsay/1-Cours/3p06-Cours_Batterie/01-Cours/figures-Chp
2/Fig05b.png, id=1819, 297.89694pt x 262.62918pt>
File: /home/jeff/Documents/IUTOrsay/1-Cours/3p06-Cours_Batterie/01-Cours/figure
s-Chp2/Fig05b.png Graphic file (type png)
<use /home/jeff/Documents/IUTOrsay/1-Cours/3p06-Cours_Batterie/01-Cours/figures
-Chp2/Fig05b.png>
Package pdftex.def Info: /home/jeff/Documents/IUTOrsay/1-Cours/3p06-Cours_Batte
rie/01-Cours/figures-Chp2/Fig05b.png  used on input line 1062.
(pdftex.def)             Requested size: 145.22984pt x 128.0374pt.

Package caption Warning: The option `hypcap=true' will be ignored for this
(caption)                particular \caption on input line 1064.
See the caption package documentation for explanation.


Underfull \vbox (badness 2828) has occurred while \output is active []



Package fancyhdr Warning: \headheight is too small (12.0pt): 
(fancyhdr)                Make it at least 12.80502pt, for example:
(fancyhdr)                \setlength{\headheight}{12.80502pt}.
(fancyhdr)                You might also make \topmargin smaller to compensate:

(fancyhdr)                \addtolength{\topmargin}{-0.80502pt}.

File: cc-by-nc-sa.png Graphic file (type png)
<use cc-by-nc-sa.png>
Package pdftex.def Info: cc-by-nc-sa.png  used on input line 1096.
(pdftex.def)             Requested size: 40.64pt x 14.22636pt.
[70 </home/jeff/Documents/IUTOrsay/1-Cours/3p06-Cours_Batterie/01-Cours/figures
-Chp2/Fig04.png> </home/jeff/Documents/IUTOrsay/1-Cours/3p06-Cours_Batterie/01-
Cours/figures-Chp2/Fig05b.png>]
</home/jeff/Documents/IUTOrsay/1-Cours/3p06-Cours_Batterie/01-Cours/figures-Chp
2/Fig05a.png, id=1834, 297.89694pt x 262.62918pt>
File: /home/jeff/Documents/IUTOrsay/1-Cours/3p06-Cours_Batterie/01-Cours/figure
s-Chp2/Fig05a.png Graphic file (type png)
<use /home/jeff/Documents/IUTOrsay/1-Cours/3p06-Cours_Batterie/01-Cours/figures
-Chp2/Fig05a.png>
Package pdftex.def Info: /home/jeff/Documents/IUTOrsay/1-Cours/3p06-Cours_Batte
rie/01-Cours/figures-Chp2/Fig05a.png  used on input line 1104.
(pdftex.def)             Requested size: 145.22984pt x 128.0374pt.
</home/jeff/Documents/IUTOrsay/1-Cours/3p06-Cours_Batterie/01-Cours/figures-Chp
2/Fig05c.png, id=1835, 297.89694pt x 262.62918pt>
File: /home/jeff/Documents/IUTOrsay/1-Cours/3p06-Cours_Batterie/01-Cours/figure
s-Chp2/Fig05c.png Graphic file (type png)
<use /home/jeff/Documents/IUTOrsay/1-Cours/3p06-Cours_Batterie/01-Cours/figures
-Chp2/Fig05c.png>
Package pdftex.def Info: /home/jeff/Documents/IUTOrsay/1-Cours/3p06-Cours_Batte
rie/01-Cours/figures-Chp2/Fig05c.png  used on input line 1105.
(pdftex.def)             Requested size: 145.22984pt x 128.0374pt.

Overfull \hbox (11.62389pt too wide) in paragraph at lines 1104--1107
[][][][]
 []


Package caption Warning: The option `hypcap=true' will be ignored for this
(caption)                particular \caption on input line 1109.
See the caption package documentation for explanation.


Underfull \hbox (badness 2635) in paragraph at lines 1109--1109
\T1/lmr/m/n/10 de Fermi lors d'une
 []


Underfull \hbox (badness 2173) in paragraph at lines 1109--1109
\T1/lmr/m/n/10 men-ta-tion du ni-veau
 []


Package fancyhdr Warning: \headheight is too small (12.0pt): 
(fancyhdr)                Make it at least 12.80502pt, for example:
(fancyhdr)                \setlength{\headheight}{12.80502pt}.
(fancyhdr)                You might also make \topmargin smaller to compensate:

(fancyhdr)                \addtolength{\topmargin}{-0.80502pt}.

File: cc-by-nc-sa.png Graphic file (type png)
<use cc-by-nc-sa.png>
Package pdftex.def Info: cc-by-nc-sa.png  used on input line 1134.
(pdftex.def)             Requested size: 40.64pt x 14.22636pt.
[71 </home/jeff/Documents/IUTOrsay/1-Cours/3p06-Cours_Batterie/01-Cours/figures
-Chp2/Fig05a.png> </home/jeff/Documents/IUTOrsay/1-Cours/3p06-Cours_Batterie/01
-Cours/figures-Chp2/Fig05c.png>]

Package fancyhdr Warning: \headheight is too small (12.0pt): 
(fancyhdr)                Make it at least 12.80502pt, for example:
(fancyhdr)                \setlength{\headheight}{12.80502pt}.
(fancyhdr)                You might also make \topmargin smaller to compensate:

(fancyhdr)                \addtolength{\topmargin}{-0.80502pt}.

File: cc-by-nc-sa.png Graphic file (type png)
<use cc-by-nc-sa.png>
Package pdftex.def Info: cc-by-nc-sa.png  used on input line 1184.
(pdftex.def)             Requested size: 40.64pt x 14.22636pt.
[72]
</home/jeff/Documents/IUTOrsay/1-Cours/3p06-Cours_Batterie/01-Cours/figures-Chp
2/Fig26a.png, id=1866, 186.74568pt x 302.52222pt>
File: /home/jeff/Documents/IUTOrsay/1-Cours/3p06-Cours_Batterie/01-Cours/figure
s-Chp2/Fig26a.png Graphic file (type png)
<use /home/jeff/Documents/IUTOrsay/1-Cours/3p06-Cours_Batterie/01-Cours/figures
-Chp2/Fig26a.png>
Package pdftex.def Info: /home/jeff/Documents/IUTOrsay/1-Cours/3p06-Cours_Batte
rie/01-Cours/figures-Chp2/Fig26a.png  used on input line 1189.
(pdftex.def)             Requested size: 95.6004pt x 154.87053pt.


Package caption Warning: The option `hypcap=true' will be ignored for this
(caption)                particular \caption on input line 1191.
See the caption package documentation for explanation.

</home/jeff/Documents/IUTOrsay/1-Cours/3p06-Cours_Batterie/01-Cours/figures-Chp
2/Fig26b.png, id=1867, 774.30078pt x 636.55415pt>
File: /home/jeff/Documents/IUTOrsay/1-Cours/3p06-Cours_Batterie/01-Cours/figure
s-Chp2/Fig26b.png Graphic file (type png)
<use /home/jeff/Documents/IUTOrsay/1-Cours/3p06-Cours_Batterie/01-Cours/figures
-Chp2/Fig26b.png>
Package pdftex.def Info: /home/jeff/Documents/IUTOrsay/1-Cours/3p06-Cours_Batte
rie/01-Cours/figures-Chp2/Fig26b.png  used on input line 1197.
(pdftex.def)             Requested size: 378.42046pt x 311.09837pt.

Package caption Warning: The option `hypcap=true' will be ignored for this
(caption)                particular \caption on input line 1198.
See the caption package documentation for explanation.


Package fancyhdr Warning: \headheight is too small (12.0pt): 
(fancyhdr)                Make it at least 12.80502pt, for example:
(fancyhdr)                \setlength{\headheight}{12.80502pt}.
(fancyhdr)                You might also make \topmargin smaller to compensate:

(fancyhdr)                \addtolength{\topmargin}{-0.80502pt}.

File: cc-by-nc-sa.png Graphic file (type png)
<use cc-by-nc-sa.png>
Package pdftex.def Info: cc-by-nc-sa.png  used on input line 1213.
(pdftex.def)             Requested size: 40.64pt x 14.22636pt.
[73 </home/jeff/Documents/IUTOrsay/1-Cours/3p06-Cours_Batterie/01-Cours/figures
-Chp2/Fig26a.png> </home/jeff/Documents/IUTOrsay/1-Cours/3p06-Cours_Batterie/01
-Cours/figures-Chp2/Fig26b.png>]
</home/jeff/Documents/IUTOrsay/1-Cours/3p06-Cours_Batterie/01-Cours/figures-Chp
2/Fig26c.png, id=1878, 196.86348pt x 372.47958pt>
File: /home/jeff/Documents/IUTOrsay/1-Cours/3p06-Cours_Batterie/01-Cours/figure
s-Chp2/Fig26c.png Graphic file (type png)
<use /home/jeff/Documents/IUTOrsay/1-Cours/3p06-Cours_Batterie/01-Cours/figures
-Chp2/Fig26c.png>
Package pdftex.def Info: /home/jeff/Documents/IUTOrsay/1-Cours/3p06-Cours_Batte
rie/01-Cours/figures-Chp2/Fig26c.png  used on input line 1216.
(pdftex.def)             Requested size: 95.6004pt x 180.8854pt.


Package caption Warning: The option `hypcap=true' will be ignored for this
(caption)                particular \caption on input line 1218.
See the caption package documentation for explanation.

</home/jeff/Documents/IUTOrsay/1-Cours/3p06-Cours_Batterie/01-Cours/figures-Chp
2/Fig27a.png, id=1879, 315.42844pt x 243.91125pt>
File: /home/jeff/Documents/IUTOrsay/1-Cours/3p06-Cours_Batterie/01-Cours/figure
s-Chp2/Fig27a.png Graphic file (type png)
<use /home/jeff/Documents/IUTOrsay/1-Cours/3p06-Cours_Batterie/01-Cours/figures
-Chp2/Fig27a.png>
Package pdftex.def Info: /home/jeff/Documents/IUTOrsay/1-Cours/3p06-Cours_Batte
rie/01-Cours/figures-Chp2/Fig27a.png  used on input line 1225.
(pdftex.def)             Requested size: 110.38716pt x 85.35826pt.
</home/jeff/Documents/IUTOrsay/1-Cours/3p06-Cours_Batterie/01-Cours/figures-Chp
2/Fig27b.png, id=1880, 236.38312pt x 243.91125pt>
File: /home/jeff/Documents/IUTOrsay/1-Cours/3p06-Cours_Batterie/01-Cours/figure
s-Chp2/Fig27b.png Graphic file (type png)
<use /home/jeff/Documents/IUTOrsay/1-Cours/3p06-Cours_Batterie/01-Cours/figures
-Chp2/Fig27b.png>
Package pdftex.def Info: /home/jeff/Documents/IUTOrsay/1-Cours/3p06-Cours_Batte
rie/01-Cours/figures-Chp2/Fig27b.png  used on input line 1225.
(pdftex.def)             Requested size: 82.7245pt x 85.35826pt.
</home/jeff/Documents/IUTOrsay/1-Cours/3p06-Cours_Batterie/01-Cours/figures-Chp
2/Fig27c.png, id=1881, 243.15843pt x 243.91125pt>
File: /home/jeff/Documents/IUTOrsay/1-Cours/3p06-Cours_Batterie/01-Cours/figure
s-Chp2/Fig27c.png Graphic file (type png)
<use /home/jeff/Documents/IUTOrsay/1-Cours/3p06-Cours_Batterie/01-Cours/figures
-Chp2/Fig27c.png>
Package pdftex.def Info: /home/jeff/Documents/IUTOrsay/1-Cours/3p06-Cours_Batte
rie/01-Cours/figures-Chp2/Fig27c.png  used on input line 1225.
(pdftex.def)             Requested size: 85.09558pt x 85.35826pt.

LaTeX Warning: Marginpar on page 74 moved.

</home/jeff/Documents/IUTOrsay/1-Cours/3p06-Cours_Batterie/01-Cours/figures-Chp
2/Fig26d.png, id=1890, 773.57808pt x 818.38548pt>
File: /home/jeff/Documents/IUTOrsay/1-Cours/3p06-Cours_Batterie/01-Cours/figure
s-Chp2/Fig26d.png Graphic file (type png)
<use /home/jeff/Documents/IUTOrsay/1-Cours/3p06-Cours_Batterie/01-Cours/figures
-Chp2/Fig26d.png>
Package pdftex.def Info: /home/jeff/Documents/IUTOrsay/1-Cours/3p06-Cours_Batte
rie/01-Cours/figures-Chp2/Fig26d.png  used on input line 1240.
(pdftex.def)             Requested size: 378.42046pt x 400.33807pt.

Package caption Warning: The option `hypcap=true' will be ignored for this
(caption)                particular \caption on input line 1241.
See the caption package documentation for explanation.


Underfull \vbox (badness 10000) has occurred while \output is active []



Package fancyhdr Warning: \headheight is too small (12.0pt): 
(fancyhdr)                Make it at least 12.80502pt, for example:
(fancyhdr)                \setlength{\headheight}{12.80502pt}.
(fancyhdr)                You might also make \topmargin smaller to compensate:

(fancyhdr)                \addtolength{\topmargin}{-0.80502pt}.

File: cc-by-nc-sa.png Graphic file (type png)
<use cc-by-nc-sa.png>
Package pdftex.def Info: cc-by-nc-sa.png  used on input line 1241.
(pdftex.def)             Requested size: 40.64pt x 14.22636pt.
[74 </home/jeff/Documents/IUTOrsay/1-Cours/3p06-Cours_Batterie/01-Cours/figures
-Chp2/Fig26c.png> </home/jeff/Documents/IUTOrsay/1-Cours/3p06-Cours_Batterie/01
-Cours/figures-Chp2/Fig27a.png> </home/jeff/Documents/IUTOrsay/1-Cours/3p06-Cou
rs_Batterie/01-Cours/figures-Chp2/Fig27b.png> </home/jeff/Documents/IUTOrsay/1-
Cours/3p06-Cours_Batterie/01-Cours/figures-Chp2/Fig27c.png>]
</home/jeff/Documents/IUTOrsay/1-Cours/3p06-Cours_Batterie/01-Cours/figures-Chp
2/Fig08a.png, id=1908, 159.42763pt x 355.13478pt>
File: /home/jeff/Documents/IUTOrsay/1-Cours/3p06-Cours_Batterie/01-Cours/figure
s-Chp2/Fig08a.png Graphic file (type png)
<use /home/jeff/Documents/IUTOrsay/1-Cours/3p06-Cours_Batterie/01-Cours/figures
-Chp2/Fig08a.png>
Package pdftex.def Info: /home/jeff/Documents/IUTOrsay/1-Cours/3p06-Cours_Batte
rie/01-Cours/figures-Chp2/Fig08a.png  used on input line 1273.
(pdftex.def)             Requested size: 63.86479pt x 142.26378pt.
</home/jeff/Documents/IUTOrsay/1-Cours/3p06-Cours_Batterie/01-Cours/figures-Chp
2/Fig08b.png, id=1909, 159.42763pt x 355.13478pt>
File: /home/jeff/Documents/IUTOrsay/1-Cours/3p06-Cours_Batterie/01-Cours/figure
s-Chp2/Fig08b.png Graphic file (type png)
<use /home/jeff/Documents/IUTOrsay/1-Cours/3p06-Cours_Batterie/01-Cours/figures
-Chp2/Fig08b.png>
Package pdftex.def Info: /home/jeff/Documents/IUTOrsay/1-Cours/3p06-Cours_Batte
rie/01-Cours/figures-Chp2/Fig08b.png  used on input line 1274.
(pdftex.def)             Requested size: 63.86479pt x 142.26378pt.
</home/jeff/Documents/IUTOrsay/1-Cours/3p06-Cours_Batterie/01-Cours/figures-Chp
2/Fig08c.png, id=1910, 159.42763pt x 355.13478pt>
File: /home/jeff/Documents/IUTOrsay/1-Cours/3p06-Cours_Batterie/01-Cours/figure
s-Chp2/Fig08c.png Graphic file (type png)
<use /home/jeff/Documents/IUTOrsay/1-Cours/3p06-Cours_Batterie/01-Cours/figures
-Chp2/Fig08c.png>
Package pdftex.def Info: /home/jeff/Documents/IUTOrsay/1-Cours/3p06-Cours_Batte
rie/01-Cours/figures-Chp2/Fig08c.png  used on input line 1275.
(pdftex.def)             Requested size: 63.86479pt x 142.26378pt.


Package fancyhdr Warning: \headheight is too small (12.0pt): 
(fancyhdr)                Make it at least 12.80502pt, for example:
(fancyhdr)                \setlength{\headheight}{12.80502pt}.
(fancyhdr)                You might also make \topmargin smaller to compensate:

(fancyhdr)                \addtolength{\topmargin}{-0.80502pt}.

File: cc-by-nc-sa.png Graphic file (type png)
<use cc-by-nc-sa.png>
Package pdftex.def Info: cc-by-nc-sa.png  used on input line 1278.
(pdftex.def)             Requested size: 40.64pt x 14.22636pt.
[75 </home/jeff/Documents/IUTOrsay/1-Cours/3p06-Cours_Batterie/01-Cours/figures
-Chp2/Fig26d.png>]
Overfull \hbox (3.16429pt too wide) in paragraph at lines 1280--1281
[]\T1/lmr/m/n/10 Cependant, quand les in-ter-ac-tions co-va-lentes sont très fo
rtes, comme re-pré-senté à la Fig.[][]5.30b[][],
 []

) (/home/jeff/Documents/IUTOrsay/1-Cours/3p06-Cours_Batterie/01-Cours/Chp-3.tex

Package fancyhdr Warning: \headheight is too small (12.0pt): 
(fancyhdr)                Make it at least 12.80502pt, for example:
(fancyhdr)                \setlength{\headheight}{12.80502pt}.
(fancyhdr)                You might also make \topmargin smaller to compensate:

(fancyhdr)                \addtolength{\topmargin}{-0.80502pt}.

File: cc-by-nc-sa.png Graphic file (type png)
<use cc-by-nc-sa.png>
Package pdftex.def Info: cc-by-nc-sa.png  used on input line 1.
(pdftex.def)             Requested size: 40.64pt x 14.22636pt.
[76 </home/jeff/Documents/IUTOrsay/1-Cours/3p06-Cours_Batterie/01-Cours/figures
-Chp2/Fig08a.png> </home/jeff/Documents/IUTOrsay/1-Cours/3p06-Cours_Batterie/01
-Cours/figures-Chp2/Fig08b.png> </home/jeff/Documents/IUTOrsay/1-Cours/3p06-Cou
rs_Batterie/01-Cours/figures-Chp2/Fig08c.png>]
*geometry* verbose mode - [ newgeometry ] result:
* driver: pdftex
* paper: a4paper
* layout: <same size as paper>
* layoutoffset:(h,v)=(0.0pt,0.0pt)
* modes: twoside 
* h-part:(L,W,R)=(28.45274pt, 398.33861pt, 170.71652pt)
* v-part:(T,H,B)=(56.9055pt, 731.23584pt, 56.9055pt)
* \paperwidth=597.50787pt
* \paperheight=845.04684pt
* \textwidth=398.33861pt
* \textheight=731.23584pt
* \oddsidemargin=-43.81725pt
* \evensidemargin=98.44653pt
* \topmargin=-45.43198pt
* \headheight=12.0pt
* \headsep=18.06749pt
* \topskip=10.0pt
* \footskip=25.29494pt
* \marginparwidth=142.26378pt
* \marginparsep=5.69046pt
* \columnsep=99.58464pt
* \skip\footins=9.0pt plus 4.0pt minus 2.0pt
* \hoffset=0.0pt
* \voffset=0.0pt
* \mag=1000
* \@twocolumnfalse
* \@twosidetrue
* \@mparswitchtrue
* \@reversemarginfalse
* (1in=72.27pt=25.4mm, 1cm=28.453pt)


Chapitre 6.
</home/jeff/Documents/IUTOrsay/1-Cours/3p06-Cours_Batterie/01-Cours/figures-Chp
3/Fig22.pdf, id=1937, 111.95728pt x 255.39314pt>
File: /home/jeff/Documents/IUTOrsay/1-Cours/3p06-Cours_Batterie/01-Cours/figure
s-Chp3/Fig22.pdf Graphic file (type pdf)
<use /home/jeff/Documents/IUTOrsay/1-Cours/3p06-Cours_Batterie/01-Cours/figures
-Chp3/Fig22.pdf>
Package pdftex.def Info: /home/jeff/Documents/IUTOrsay/1-Cours/3p06-Cours_Batte
rie/01-Cours/figures-Chp3/Fig22.pdf  used on input line 7.
(pdftex.def)             Requested size: 170.71652pt x 389.44472pt.

Underfull \hbox (badness 5147) in paragraph at lines 11--12
\T1/lmr/m/n/10 en S4. Suite à cette syn-thèse et mise en
 []


Underfull \hbox (badness 2181) in paragraph at lines 11--12
\T1/lmr/m/n/10 forme, le ma-té-riau dis-pose d'un $[]$ (=for-
 []


Underfull \hbox (badness 1331) in paragraph at lines 11--12
\T1/lmr/m/n/10 mule brute) in-di-quant sa $[]$
 []


Underfull \hbox (badness 4846) in paragraph at lines 11--12
\T1/lmr/m/n/10 et d'une $[]$ in-di-quant
 []

[77


 </home/jeff/Documents/IUTOrsay/1-Cours/3p06-Cours_Batterie/01-Cours/figures-Ch
p3/Fig22.pdf>]
</home/jeff/Documents/IUTOrsay/1-Cours/3p06-Cours_Batterie/01-Cours/figures-Chp
3/Fig01.png, id=1985, 1078.0275pt x 611.28375pt>
File: /home/jeff/Documents/IUTOrsay/1-Cours/3p06-Cours_Batterie/01-Cours/figure
s-Chp3/Fig01.png Graphic file (type png)
<use /home/jeff/Documents/IUTOrsay/1-Cours/3p06-Cours_Batterie/01-Cours/figures
-Chp3/Fig01.png>
Package pdftex.def Info: /home/jeff/Documents/IUTOrsay/1-Cours/3p06-Cours_Batte
rie/01-Cours/figures-Chp3/Fig01.png  used on input line 45.
(pdftex.def)             Requested size: 398.33861pt x 225.87297pt.


Package caption Warning: The option `hypcap=true' will be ignored for this
(caption)                particular \caption on input line 46.
See the caption package documentation for explanation.


Package fancyhdr Warning: \headheight is too small (12.0pt): 
(fancyhdr)                Make it at least 24.80502pt, for example:
(fancyhdr)                \setlength{\headheight}{24.80502pt}.
(fancyhdr)                You might also make \topmargin smaller to compensate:

(fancyhdr)                \addtolength{\topmargin}{-12.80502pt}.

File: cc-by-nc-sa.png Graphic file (type png)
<use cc-by-nc-sa.png>
Package pdftex.def Info: cc-by-nc-sa.png  used on input line 60.
(pdftex.def)             Requested size: 40.64pt x 14.22636pt.
[78 </home/jeff/Documents/IUTOrsay/1-Cours/3p06-Cours_Batterie/01-Cours/figures
-Chp3/Fig01.png>]
</home/jeff/Documents/IUTOrsay/1-Cours/3p06-Cours_Batterie/01-Cours/figures-Chp
3/Fig02.png, id=1995, 1077.02374pt x 680.5425pt>
File: /home/jeff/Documents/IUTOrsay/1-Cours/3p06-Cours_Batterie/01-Cours/figure
s-Chp3/Fig02.png Graphic file (type png)
<use /home/jeff/Documents/IUTOrsay/1-Cours/3p06-Cours_Batterie/01-Cours/figures
-Chp3/Fig02.png>
Package pdftex.def Info: /home/jeff/Documents/IUTOrsay/1-Cours/3p06-Cours_Batte
rie/01-Cours/figures-Chp3/Fig02.png  used on input line 89.
(pdftex.def)             Requested size: 199.1693pt x 125.84647pt.


Package caption Warning: The option `hypcap=true' will be ignored for this
(caption)                particular \caption on input line 91.
See the caption package documentation for explanation.

</home/jeff/Documents/IUTOrsay/1-Cours/3p06-Cours_Batterie/01-Cours/figures-Chp
3/Fig04b.png, id=1996, 541.01321pt x 354.26755pt>
File: /home/jeff/Documents/IUTOrsay/1-Cours/3p06-Cours_Batterie/01-Cours/figure
s-Chp3/Fig04b.png Graphic file (type png)
<use /home/jeff/Documents/IUTOrsay/1-Cours/3p06-Cours_Batterie/01-Cours/figures
-Chp3/Fig04b.png>
Package pdftex.def Info: /home/jeff/Documents/IUTOrsay/1-Cours/3p06-Cours_Batte
rie/01-Cours/figures-Chp3/Fig04b.png  used on input line 103.
(pdftex.def)             Requested size: 170.71652pt x 111.78946pt.
</home/jeff/Documents/IUTOrsay/1-Cours/3p06-Cours_Batterie/01-Cours/figures-Chp
3/Fig04c.png, id=1998, 302.8113pt x 258.58206pt>
File: /home/jeff/Documents/IUTOrsay/1-Cours/3p06-Cours_Batterie/01-Cours/figure
s-Chp3/Fig04c.png Graphic file (type png)
<use /home/jeff/Documents/IUTOrsay/1-Cours/3p06-Cours_Batterie/01-Cours/figures
-Chp3/Fig04c.png>
Package pdftex.def Info: /home/jeff/Documents/IUTOrsay/1-Cours/3p06-Cours_Batte
rie/01-Cours/figures-Chp3/Fig04c.png  used on input line 117.
(pdftex.def)             Requested size: 199.1693pt x 170.08467pt.

Package caption Warning: The option `hypcap=true' will be ignored for this
(caption)                particular \caption on input line 119.
See the caption package documentation for explanation.


Package fancyhdr Warning: \headheight is too small (12.0pt): 
(fancyhdr)                Make it at least 24.80502pt, for example:
(fancyhdr)                \setlength{\headheight}{24.80502pt}.
(fancyhdr)                You might also make \topmargin smaller to compensate:

(fancyhdr)                \addtolength{\topmargin}{-12.80502pt}.

File: cc-by-nc-sa.png Graphic file (type png)
<use cc-by-nc-sa.png>
Package pdftex.def Info: cc-by-nc-sa.png  used on input line 123.
(pdftex.def)             Requested size: 40.64pt x 14.22636pt.
[79 </home/jeff/Documents/IUTOrsay/1-Cours/3p06-Cours_Batterie/01-Cours/figures
-Chp3/Fig02.png> </home/jeff/Documents/IUTOrsay/1-Cours/3p06-Cours_Batterie/01-
Cours/figures-Chp3/Fig04b.png>]
</home/jeff/Documents/IUTOrsay/1-Cours/3p06-Cours_Batterie/01-Cours/figures-Chp
3/Fig03.png, id=2011, 1071.00125pt x 720.6925pt>
File: /home/jeff/Documents/IUTOrsay/1-Cours/3p06-Cours_Batterie/01-Cours/figure
s-Chp3/Fig03.png Graphic file (type png)
<use /home/jeff/Documents/IUTOrsay/1-Cours/3p06-Cours_Batterie/01-Cours/figures
-Chp3/Fig03.png>
Package pdftex.def Info: /home/jeff/Documents/IUTOrsay/1-Cours/3p06-Cours_Batte
rie/01-Cours/figures-Chp3/Fig03.png  used on input line 130.
(pdftex.def)             Requested size: 199.1693pt x 134.01883pt.


Package caption Warning: The option `hypcap=true' will be ignored for this
(caption)                particular \caption on input line 132.
See the caption package documentation for explanation.

</home/jeff/Documents/IUTOrsay/1-Cours/3p06-Cours_Batterie/01-Cours/figures-Chp
3/Fig08.png, id=2013, 460.93806pt x 225.4824pt>
File: /home/jeff/Documents/IUTOrsay/1-Cours/3p06-Cours_Batterie/01-Cours/figure
s-Chp3/Fig08.png Graphic file (type png)
<use /home/jeff/Documents/IUTOrsay/1-Cours/3p06-Cours_Batterie/01-Cours/figures
-Chp3/Fig08.png>
Package pdftex.def Info: /home/jeff/Documents/IUTOrsay/1-Cours/3p06-Cours_Batte
rie/01-Cours/figures-Chp3/Fig08.png  used on input line 150.
(pdftex.def)             Requested size: 199.1693pt x 97.43033pt.

Package caption Warning: The option `hypcap=true' will be ignored for this
(caption)                particular \caption on input line 152.
See the caption package documentation for explanation.


Package fancyhdr Warning: \headheight is too small (12.0pt): 
(fancyhdr)                Make it at least 24.80502pt, for example:
(fancyhdr)                \setlength{\headheight}{24.80502pt}.
(fancyhdr)                You might also make \topmargin smaller to compensate:

(fancyhdr)                \addtolength{\topmargin}{-12.80502pt}.

File: cc-by-nc-sa.png Graphic file (type png)
<use cc-by-nc-sa.png>
Package pdftex.def Info: cc-by-nc-sa.png  used on input line 157.
(pdftex.def)             Requested size: 40.64pt x 14.22636pt.
[80 </home/jeff/Documents/IUTOrsay/1-Cours/3p06-Cours_Batterie/01-Cours/figures
-Chp3/Fig04c.png> </home/jeff/Documents/IUTOrsay/1-Cours/3p06-Cours_Batterie/01
-Cours/figures-Chp3/Fig03.png> </home/jeff/Documents/IUTOrsay/1-Cours/3p06-Cour
s_Batterie/01-Cours/figures-Chp3/Fig08.png>]
</home/jeff/Documents/IUTOrsay/1-Cours/3p06-Cours_Batterie/01-Cours/figures-Chp
3/Fig04d.png, id=2025, 636.3775pt x 327.2225pt>
File: /home/jeff/Documents/IUTOrsay/1-Cours/3p06-Cours_Batterie/01-Cours/figure
s-Chp3/Fig04d.png Graphic file (type png)
<use /home/jeff/Documents/IUTOrsay/1-Cours/3p06-Cours_Batterie/01-Cours/figures
-Chp3/Fig04d.png>
Package pdftex.def Info: /home/jeff/Documents/IUTOrsay/1-Cours/3p06-Cours_Batte
rie/01-Cours/figures-Chp3/Fig04d.png  used on input line 164.
(pdftex.def)             Requested size: 170.71652pt x 87.77705pt.

Underfull \hbox (badness 1968) in paragraph at lines 169--170
\T1/lmr/m/n/10 struc-tu-raux des anions phos-phates : $[][][][][]$,
 []

</home/jeff/Documents/IUTOrsay/1-Cours/3p06-Cours_Batterie/01-Cours/figures-Chp
3/Fig04a.png, id=2027, 1021.8175pt x 732.7375pt>
File: /home/jeff/Documents/IUTOrsay/1-Cours/3p06-Cours_Batterie/01-Cours/figure
s-Chp3/Fig04a.png Graphic file (type png)
<use /home/jeff/Documents/IUTOrsay/1-Cours/3p06-Cours_Batterie/01-Cours/figures
-Chp3/Fig04a.png>
Package pdftex.def Info: /home/jeff/Documents/IUTOrsay/1-Cours/3p06-Cours_Batte
rie/01-Cours/figures-Chp3/Fig04a.png  used on input line 179.
(pdftex.def)             Requested size: 199.1693pt x 142.82175pt.

Package caption Warning: The option `hypcap=true' will be ignored for this
(caption)                particular \caption on input line 181.
See the caption package documentation for explanation.

</home/jeff/Documents/IUTOrsay/1-Cours/3p06-Cours_Batterie/01-Cours/figures-Chp
3/Fig06.png, id=2029, 644.4075pt x 241.90375pt>
File: /home/jeff/Documents/IUTOrsay/1-Cours/3p06-Cours_Batterie/01-Cours/figure
s-Chp3/Fig06.png Graphic file (type png)
<use /home/jeff/Documents/IUTOrsay/1-Cours/3p06-Cours_Batterie/01-Cours/figures
-Chp3/Fig06.png>
Package pdftex.def Info: /home/jeff/Documents/IUTOrsay/1-Cours/3p06-Cours_Batte
rie/01-Cours/figures-Chp3/Fig06.png  used on input line 203.
(pdftex.def)             Requested size: 199.1693pt x 74.76422pt.

Package caption Warning: The option `hypcap=true' will be ignored for this
(caption)                particular \caption on input line 205.
See the caption package documentation for explanation.


Package fancyhdr Warning: \headheight is too small (12.0pt): 
(fancyhdr)                Make it at least 24.80502pt, for example:
(fancyhdr)                \setlength{\headheight}{24.80502pt}.
(fancyhdr)                You might also make \topmargin smaller to compensate:

(fancyhdr)                \addtolength{\topmargin}{-12.80502pt}.

File: cc-by-nc-sa.png Graphic file (type png)
<use cc-by-nc-sa.png>
Package pdftex.def Info: cc-by-nc-sa.png  used on input line 209.
(pdftex.def)             Requested size: 40.64pt x 14.22636pt.
[81 </home/jeff/Documents/IUTOrsay/1-Cours/3p06-Cours_Batterie/01-Cours/figures
-Chp3/Fig04d.png> </home/jeff/Documents/IUTOrsay/1-Cours/3p06-Cours_Batterie/01
-Cours/figures-Chp3/Fig04a.png>]
</home/jeff/Documents/IUTOrsay/1-Cours/3p06-Cours_Batterie/01-Cours/figures-Chp
3/Fig05.png, id=2041, 1066.98625pt x 803.0pt>
File: /home/jeff/Documents/IUTOrsay/1-Cours/3p06-Cours_Batterie/01-Cours/figure
s-Chp3/Fig05.png Graphic file (type png)
<use /home/jeff/Documents/IUTOrsay/1-Cours/3p06-Cours_Batterie/01-Cours/figures
-Chp3/Fig05.png>
Package pdftex.def Info: /home/jeff/Documents/IUTOrsay/1-Cours/3p06-Cours_Batte
rie/01-Cours/figures-Chp3/Fig05.png  used on input line 224.
(pdftex.def)             Requested size: 199.1693pt x 149.88823pt.


Package caption Warning: The option `hypcap=true' will be ignored for this
(caption)                particular \caption on input line 226.
See the caption package documentation for explanation.


Underfull \hbox (badness 1205) in paragraph at lines 226--226
[]\T1/lmr/m/sc/10 Figure 6.9 \T1/lmr/m/n/10 ^^U |[]Profil de dé-charge de
 []


Overfull \hbox (57.40637pt too wide) in paragraph at lines 230--230
\T1/lmr/m/it/8 à l'ex-cep-tion de $[][][][][][]$ - $[][][] [][][] [][][][][][]$
 
 []


Package fancyhdr Warning: \headheight is too small (12.0pt): 
(fancyhdr)                Make it at least 24.80502pt, for example:
(fancyhdr)                \setlength{\headheight}{24.80502pt}.
(fancyhdr)                You might also make \topmargin smaller to compensate:

(fancyhdr)                \addtolength{\topmargin}{-12.80502pt}.

File: cc-by-nc-sa.png Graphic file (type png)
<use cc-by-nc-sa.png>
Package pdftex.def Info: cc-by-nc-sa.png  used on input line 248.
(pdftex.def)             Requested size: 40.64pt x 14.22636pt.
[82 </home/jeff/Documents/IUTOrsay/1-Cours/3p06-Cours_Batterie/01-Cours/figures
-Chp3/Fig06.png> </home/jeff/Documents/IUTOrsay/1-Cours/3p06-Cours_Batterie/01-
Cours/figures-Chp3/Fig05.png>]
</home/jeff/Documents/IUTOrsay/1-Cours/3p06-Cours_Batterie/01-Cours/figures-Chp
3/Fig09.png, id=2055, 632.3625pt x 458.71375pt>
File: /home/jeff/Documents/IUTOrsay/1-Cours/3p06-Cours_Batterie/01-Cours/figure
s-Chp3/Fig09.png Graphic file (type png)
<use /home/jeff/Documents/IUTOrsay/1-Cours/3p06-Cours_Batterie/01-Cours/figures
-Chp3/Fig09.png>
Package pdftex.def Info: /home/jeff/Documents/IUTOrsay/1-Cours/3p06-Cours_Batte
rie/01-Cours/figures-Chp3/Fig09.png  used on input line 250.
(pdftex.def)             Requested size: 199.1693pt x 144.4746pt.


Package caption Warning: The option `hypcap=true' will be ignored for this
(caption)                particular \caption on input line 252.
See the caption package documentation for explanation.


LaTeX Warning: Marginpar on page 83 moved.


Overfull \hbox (21.67911pt too wide) detected at line 274
[]
 []


Package caption Warning: The option `hypcap=true' will be ignored for this
(caption)                particular \caption on input line 287.
See the caption package documentation for explanation.


Overfull \hbox (1.76094pt too wide) in paragraph at lines 270--290
[]$[]$ $[]$ 
 []

</home/jeff/Documents/IUTOrsay/1-Cours/3p06-Cours_Batterie/01-Cours/figures-Chp
3/Fig07.png, id=2056, 565.72955pt x 376.23763pt>
File: /home/jeff/Documents/IUTOrsay/1-Cours/3p06-Cours_Batterie/01-Cours/figure
s-Chp3/Fig07.png Graphic file (type png)
<use /home/jeff/Documents/IUTOrsay/1-Cours/3p06-Cours_Batterie/01-Cours/figures
-Chp3/Fig07.png>
Package pdftex.def Info: /home/jeff/Documents/IUTOrsay/1-Cours/3p06-Cours_Batte
rie/01-Cours/figures-Chp3/Fig07.png  used on input line 300.
(pdftex.def)             Requested size: 199.1693pt x 132.45442pt.

Package caption Warning: The option `hypcap=true' will be ignored for this
(caption)                particular \caption on input line 302.
See the caption package documentation for explanation.


Package fancyhdr Warning: \headheight is too small (12.0pt): 
(fancyhdr)                Make it at least 24.80502pt, for example:
(fancyhdr)                \setlength{\headheight}{24.80502pt}.
(fancyhdr)                You might also make \topmargin smaller to compensate:

(fancyhdr)                \addtolength{\topmargin}{-12.80502pt}.

File: cc-by-nc-sa.png Graphic file (type png)
<use cc-by-nc-sa.png>
Package pdftex.def Info: cc-by-nc-sa.png  used on input line 307.
(pdftex.def)             Requested size: 40.64pt x 14.22636pt.
[83 </home/jeff/Documents/IUTOrsay/1-Cours/3p06-Cours_Batterie/01-Cours/figures
-Chp3/Fig09.png>]
</home/jeff/Documents/IUTOrsay/1-Cours/3p06-Cours_Batterie/01-Cours/figures-Chp
3/Fig10a.png, id=2069, 459.7175pt x 370.38374pt>
File: /home/jeff/Documents/IUTOrsay/1-Cours/3p06-Cours_Batterie/01-Cours/figure
s-Chp3/Fig10a.png Graphic file (type png)
<use /home/jeff/Documents/IUTOrsay/1-Cours/3p06-Cours_Batterie/01-Cours/figures
-Chp3/Fig10a.png>
Package pdftex.def Info: /home/jeff/Documents/IUTOrsay/1-Cours/3p06-Cours_Batte
rie/01-Cours/figures-Chp3/Fig10a.png  used on input line 327.
(pdftex.def)             Requested size: 176.5744pt x 142.26378pt.
</home/jeff/Documents/IUTOrsay/1-Cours/3p06-Cours_Batterie/01-Cours/figures-Chp
3/Fig10b.png, id=2070, 440.64626pt x 369.38pt>
File: /home/jeff/Documents/IUTOrsay/1-Cours/3p06-Cours_Batterie/01-Cours/figure
s-Chp3/Fig10b.png Graphic file (type png)
<use /home/jeff/Documents/IUTOrsay/1-Cours/3p06-Cours_Batterie/01-Cours/figures
-Chp3/Fig10b.png>
Package pdftex.def Info: /home/jeff/Documents/IUTOrsay/1-Cours/3p06-Cours_Batte
rie/01-Cours/figures-Chp3/Fig10b.png  used on input line 328.
(pdftex.def)             Requested size: 169.7132pt x 142.26378pt.
</home/jeff/Documents/IUTOrsay/1-Cours/3p06-Cours_Batterie/01-Cours/figures-Chp
3/Fig11.png, id=2075, 607.26875pt x 437.635pt>
File: /home/jeff/Documents/IUTOrsay/1-Cours/3p06-Cours_Batterie/01-Cours/figure
s-Chp3/Fig11.png Graphic file (type png)
<use /home/jeff/Documents/IUTOrsay/1-Cours/3p06-Cours_Batterie/01-Cours/figures
-Chp3/Fig11.png>
Package pdftex.def Info: /home/jeff/Documents/IUTOrsay/1-Cours/3p06-Cours_Batte
rie/01-Cours/figures-Chp3/Fig11.png  used on input line 336.
(pdftex.def)             Requested size: 199.1693pt x 143.53185pt.


Package caption Warning: The option `hypcap=true' will be ignored for this
(caption)                particular \caption on input line 338.
See the caption package documentation for explanation.


Underfull \hbox (badness 10000) in paragraph at lines 338--338
[]\T1/lmr/m/sc/10 Figure 6.13 \T1/lmr/m/n/10 ^^U |[]Structure non-
 []


Underfull \hbox (badness 4872) in paragraph at lines 338--338
\T1/lmr/m/n/10 st÷chiométrique du Ni où les ions
 []


Underfull \hbox (badness 2088) in paragraph at lines 338--338
[][][]$ \T1/lmr/m/n/10 oc-cupent des sites oc-ta-édriques
 []


Package fancyhdr Warning: \headheight is too small (12.0pt): 
(fancyhdr)                Make it at least 24.80502pt, for example:
(fancyhdr)                \setlength{\headheight}{24.80502pt}.
(fancyhdr)                You might also make \topmargin smaller to compensate:

(fancyhdr)                \addtolength{\topmargin}{-12.80502pt}.

File: cc-by-nc-sa.png Graphic file (type png)
<use cc-by-nc-sa.png>
Package pdftex.def Info: cc-by-nc-sa.png  used on input line 343.
(pdftex.def)             Requested size: 40.64pt x 14.22636pt.
[84 </home/jeff/Documents/IUTOrsay/1-Cours/3p06-Cours_Batterie/01-Cours/figures
-Chp3/Fig07.png> </home/jeff/Documents/IUTOrsay/1-Cours/3p06-Cours_Batterie/01-
Cours/figures-Chp3/Fig10a.png> </home/jeff/Documents/IUTOrsay/1-Cours/3p06-Cour
s_Batterie/01-Cours/figures-Chp3/Fig10b.png> </home/jeff/Documents/IUTOrsay/1-C
ours/3p06-Cours_Batterie/01-Cours/figures-Chp3/Fig11.png>]
Overfull \hbox (6.98549pt too wide) in paragraph at lines 352--352
\T1/lmr/m/it/8 même un com-posé comme $[] [][][] [][][]$ !  
 []


LaTeX Warning: Marginpar on page 85 moved.


(/home/jeff/Documents/IUTOrsay/1-Cours/3p06-Cours_Batterie/01-Cours/figures-Chp
3//Fig12.pgf)
Overfull \hbox (26.65349pt too wide) in paragraph at lines 756--381
[][] 
 []


Package caption Warning: The option `hypcap=true' will be ignored for this
(caption)                particular \caption on input line 382.
See the caption package documentation for explanation.

</home/jeff/Documents/IUTOrsay/1-Cours/3p06-Cours_Batterie/01-Cours/figures-Chp
3/Fig13a.png, id=2097, 657.45625pt x 544.0325pt>
File: /home/jeff/Documents/IUTOrsay/1-Cours/3p06-Cours_Batterie/01-Cours/figure
s-Chp3/Fig13a.png Graphic file (type png)
<use /home/jeff/Documents/IUTOrsay/1-Cours/3p06-Cours_Batterie/01-Cours/figures
-Chp3/Fig13a.png>
Package pdftex.def Info: /home/jeff/Documents/IUTOrsay/1-Cours/3p06-Cours_Batte
rie/01-Cours/figures-Chp3/Fig13a.png  used on input line 394.
(pdftex.def)             Requested size: 171.92775pt x 142.26378pt.
</home/jeff/Documents/IUTOrsay/1-Cours/3p06-Cours_Batterie/01-Cours/figures-Chp
3/Fig13b.png, id=2098, 706.64pt x 554.07pt>
File: /home/jeff/Documents/IUTOrsay/1-Cours/3p06-Cours_Batterie/01-Cours/figure
s-Chp3/Fig13b.png Graphic file (type png)
<use /home/jeff/Documents/IUTOrsay/1-Cours/3p06-Cours_Batterie/01-Cours/figures
-Chp3/Fig13b.png>
Package pdftex.def Info: /home/jeff/Documents/IUTOrsay/1-Cours/3p06-Cours_Batte
rie/01-Cours/figures-Chp3/Fig13b.png  used on input line 395.
(pdftex.def)             Requested size: 181.43619pt x 142.26378pt.

! Package siunitx Error: Found power part with no unit.

For immediate help type H <return>.
 ...                                              
                                                  
l.397 ... du nombre de cycle de charge/dÃ©charge.}
                                                  

Each power part must be associated with a unit: a power part was found but no
following unit was given.



! Package siunitx Error: Found power part with no unit.

For immediate help type H <return>.
 ...                                              
                                                  
l.397 ... du nombre de cycle de charge/dÃ©charge.}
                                                  

Each power part must be associated with a unit: a power part was found but no
following unit was given.



Underfull \hbox (badness 1286) in paragraph at lines 397--397
\T1/lmr/m/n/10 rant de $\OT1/lmr/m/n/10 400$$[] \OMS/lmsy/m/n/10 ^^A [][]$\T1/l
mr/m/n/10 , [][]6.15b[][] Va-ria-tion de la den-sité d'éner-gie d'un ac-cu-mu-l
a-teur
 []


Underfull \vbox (badness 10000) has occurred while \output is active []



Package fancyhdr Warning: \headheight is too small (12.0pt): 
(fancyhdr)                Make it at least 24.80502pt, for example:
(fancyhdr)                \setlength{\headheight}{24.80502pt}.
(fancyhdr)                You might also make \topmargin smaller to compensate:

(fancyhdr)                \addtolength{\topmargin}{-12.80502pt}.

File: cc-by-nc-sa.png Graphic file (type png)
<use cc-by-nc-sa.png>
Package pdftex.def Info: cc-by-nc-sa.png  used on input line 399.
(pdftex.def)             Requested size: 40.64pt x 14.22636pt.
[85]

Package hyperref Warning: Token not allowed in a PDF string (Unicode):
(hyperref)                removing `\mhchem@cee' on input line 402.


(/home/jeff/Documents/IUTOrsay/1-Cours/3p06-Cours_Batterie/01-Cours/figures-Chp
3//Fig14.pgf)
</home/jeff/Documents/IUTOrsay/1-Cours/3p06-Cours_Batterie/01-Cours/figures-Chp
3/Fig16.png, id=2116, 565.72955pt x 376.23763pt>
File: /home/jeff/Documents/IUTOrsay/1-Cours/3p06-Cours_Batterie/01-Cours/figure
s-Chp3/Fig16.png Graphic file (type png)
<use /home/jeff/Documents/IUTOrsay/1-Cours/3p06-Cours_Batterie/01-Cours/figures
-Chp3/Fig16.png>
Package pdftex.def Info: /home/jeff/Documents/IUTOrsay/1-Cours/3p06-Cours_Batte
rie/01-Cours/figures-Chp3/Fig16.png  used on input line 416.
(pdftex.def)             Requested size: 191.20082pt x 127.15555pt.


Package caption Warning: The option `hypcap=true' will be ignored for this
(caption)                particular \caption on input line 418.
See the caption package documentation for explanation.


Package fancyhdr Warning: \headheight is too small (12.0pt): 
(fancyhdr)                Make it at least 24.80502pt, for example:
(fancyhdr)                \setlength{\headheight}{24.80502pt}.
(fancyhdr)                You might also make \topmargin smaller to compensate:

(fancyhdr)                \addtolength{\topmargin}{-12.80502pt}.

File: cc-by-nc-sa.png Graphic file (type png)
<use cc-by-nc-sa.png>
Package pdftex.def Info: cc-by-nc-sa.png  used on input line 429.
(pdftex.def)             Requested size: 40.64pt x 14.22636pt.
[86 </home/jeff/Documents/IUTOrsay/1-Cours/3p06-Cours_Batterie/01-Cours/figures
-Chp3/Fig13a.png> </home/jeff/Documents/IUTOrsay/1-Cours/3p06-Cours_Batterie/01
-Cours/figures-Chp3/Fig13b.png> </home/jeff/Documents/IUTOrsay/1-Cours/3p06-Cou
rs_Batterie/01-Cours/figures-Chp3/Fig16.png>]

LaTeX Warning: Marginpar on page 87 moved.

</home/jeff/Documents/IUTOrsay/1-Cours/3p06-Cours_Batterie/01-Cours/figures-Chp
3/Fig15.png, id=2129, 589.20125pt x 425.59pt>
File: /home/jeff/Documents/IUTOrsay/1-Cours/3p06-Cours_Batterie/01-Cours/figure
s-Chp3/Fig15.png Graphic file (type png)
<use /home/jeff/Documents/IUTOrsay/1-Cours/3p06-Cours_Batterie/01-Cours/figures
-Chp3/Fig15.png>
Package pdftex.def Info: /home/jeff/Documents/IUTOrsay/1-Cours/3p06-Cours_Batte
rie/01-Cours/figures-Chp3/Fig15.png  used on input line 432.
(pdftex.def)             Requested size: 191.20082pt x 138.1073pt.

Package caption Warning: The option `hypcap=true' will be ignored for this
(caption)                particular \caption on input line 434.
See the caption package documentation for explanation.


Underfull \hbox (badness 1077) in paragraph at lines 434--434
[]\T1/lmr/m/sc/10 Figure 6.17 \T1/lmr/m/n/10 ^^U |[]Analyse ther-mo-gra-vi-mé-
 []

</home/jeff/Documents/IUTOrsay/1-Cours/3p06-Cours_Batterie/01-Cours/figures-Chp
3/Fig19.png, id=2130, 993.7125pt x 771.88374pt>
File: /home/jeff/Documents/IUTOrsay/1-Cours/3p06-Cours_Batterie/01-Cours/figure
s-Chp3/Fig19.png Graphic file (type png)
<use /home/jeff/Documents/IUTOrsay/1-Cours/3p06-Cours_Batterie/01-Cours/figures
-Chp3/Fig19.png>
Package pdftex.def Info: /home/jeff/Documents/IUTOrsay/1-Cours/3p06-Cours_Batte
rie/01-Cours/figures-Chp3/Fig19.png  used on input line 449.
(pdftex.def)             Requested size: 191.20082pt x 148.50858pt.

Package caption Warning: The option `hypcap=true' will be ignored for this
(caption)                particular \caption on input line 451.
See the caption package documentation for explanation.


Underfull \hbox (badness 10000) in paragraph at lines 451--451
[]\T1/lmr/m/sc/10 Figure 6.18 \T1/lmr/m/n/10 ^^U |[]Courbe de cy-clage
 []


Underfull \hbox (badness 10000) in paragraph at lines 451--451
\T1/lmr/m/n/10 (charge/décharge) d'un ac-cu-mu-la-teur
 []


(/home/jeff/Documents/IUTOrsay/1-Cours/3p06-Cours_Batterie/01-Cours/figures-Chp
3//Fig20.pgf)

Package caption Warning: The option `hypcap=true' will be ignored for this
(caption)                particular \caption on input line 464.
See the caption package documentation for explanation.


Overfull \hbox (27.50256pt too wide) in paragraph at lines 1123--464
 [] 
 []


Package fancyhdr Warning: \headheight is too small (12.0pt): 
(fancyhdr)                Make it at least 24.80502pt, for example:
(fancyhdr)                \setlength{\headheight}{24.80502pt}.
(fancyhdr)                You might also make \topmargin smaller to compensate:

(fancyhdr)                \addtolength{\topmargin}{-12.80502pt}.

File: cc-by-nc-sa.png Graphic file (type png)
<use cc-by-nc-sa.png>
Package pdftex.def Info: cc-by-nc-sa.png  used on input line 464.
(pdftex.def)             Requested size: 40.64pt x 14.22636pt.
[87 </home/jeff/Documents/IUTOrsay/1-Cours/3p06-Cours_Batterie/01-Cours/figures
-Chp3/Fig15.png> </home/jeff/Documents/IUTOrsay/1-Cours/3p06-Cours_Batterie/01-
Cours/figures-Chp3/Fig19.png>]
</home/jeff/Documents/IUTOrsay/1-Cours/3p06-Cours_Batterie/01-Cours/figures-Chp
3/Fig21.png, id=2144, 488.5452pt x 310.47192pt>
File: /home/jeff/Documents/IUTOrsay/1-Cours/3p06-Cours_Batterie/01-Cours/figure
s-Chp3/Fig21.png Graphic file (type png)
<use /home/jeff/Documents/IUTOrsay/1-Cours/3p06-Cours_Batterie/01-Cours/figures
-Chp3/Fig21.png>
Package pdftex.def Info: /home/jeff/Documents/IUTOrsay/1-Cours/3p06-Cours_Batte
rie/01-Cours/figures-Chp3/Fig21.png  used on input line 472.
(pdftex.def)             Requested size: 231.03711pt x 146.82666pt.


Package caption Warning: The option `hypcap=true' will be ignored for this
(caption)                particular \caption on input line 474.
See the caption package documentation for explanation.


Underfull \hbox (badness 3312) in paragraph at lines 474--474
[]\T1/lmr/m/sc/10 Figure 6.20 \T1/lmr/m/n/10 ^^U |[]Lecture d'une
 []


Underfull \hbox (badness 7814) in paragraph at lines 475--477
[]\T1/lmr/m/n/10 [à cela s'ajoute la com-pa-rai-
 []


Underfull \hbox (badness 10000) in paragraph at lines 475--477
\T1/lmr/m/n/10 son de plu-sieurs cycles de
 []


Underfull \hbox (badness 10000) in paragraph at lines 475--477
\T1/lmr/m/n/10 charge/décharge : le cy-clage]
 []

)
(/home/jeff/Documents/IUTOrsay/1-Cours/3p06-Cours_Batterie/01-Cours/ChpAnn-1.te
x

Package fancyhdr Warning: \headheight is too small (12.0pt): 
(fancyhdr)                Make it at least 24.80502pt, for example:
(fancyhdr)                \setlength{\headheight}{24.80502pt}.
(fancyhdr)                You might also make \topmargin smaller to compensate:

(fancyhdr)                \addtolength{\topmargin}{-12.80502pt}.

File: cc-by-nc-sa.png Graphic file (type png)
<use cc-by-nc-sa.png>
Package pdftex.def Info: cc-by-nc-sa.png  used on input line 1.
(pdftex.def)             Requested size: 40.64pt x 14.22636pt.
[88 </home/jeff/Documents/IUTOrsay/1-Cours/3p06-Cours_Batterie/01-Cours/figures
-Chp3/Fig21.png>]
*geometry* verbose mode - [ newgeometry ] result:
* driver: pdftex
* paper: a4paper
* layout: <same size as paper>
* layoutoffset:(h,v)=(0.0pt,0.0pt)
* modes: twoside 
* h-part:(L,W,R)=(28.45274pt, 540.60239pt, 28.45274pt)
* v-part:(T,H,B)=(56.9055pt, 731.23584pt, 56.9055pt)
* \paperwidth=597.50787pt
* \paperheight=845.04684pt
* \textwidth=540.60239pt
* \textheight=731.23584pt
* \oddsidemargin=-43.81725pt
* \evensidemargin=-43.81725pt
* \topmargin=-45.43198pt
* \headheight=12.0pt
* \headsep=18.06749pt
* \topskip=10.0pt
* \footskip=25.29494pt
* \marginparwidth=142.26378pt
* \marginparsep=5.69046pt
* \columnsep=99.58464pt
* \skip\footins=9.0pt plus 4.0pt minus 2.0pt
* \hoffset=0.0pt
* \voffset=0.0pt
* \mag=1000
* \@twocolumnfalse
* \@twosidetrue
* \@mparswitchtrue
* \@reversemarginfalse
* (1in=72.27pt=25.4mm, 1cm=28.453pt)


Annexe A.
</home/jeff/Documents/IUTOrsay/1-Cours/3p06-Cours_Batterie/01-Cours/figures-Chp
Ann1/Fig01.pdf, id=2152, 231.46072pt x 221.96828pt>
File: /home/jeff/Documents/IUTOrsay/1-Cours/3p06-Cours_Batterie/01-Cours/figure
s-ChpAnn1/Fig01.pdf Graphic file (type pdf)
<use /home/jeff/Documents/IUTOrsay/1-Cours/3p06-Cours_Batterie/01-Cours/figures
-ChpAnn1/Fig01.pdf>
Package pdftex.def Info: /home/jeff/Documents/IUTOrsay/1-Cours/3p06-Cours_Batte
rie/01-Cours/figures-ChpAnn1/Fig01.pdf  used on input line 9.
(pdftex.def)             Requested size: 227.62204pt x 218.29286pt.

Package caption Warning: The option `hypcap=true' will be ignored for this
(caption)                particular \caption on input line 11.
See the caption package documentation for explanation.


Package caption Warning: The option `hypcap=true' will be ignored for this
(caption)                particular \caption on input line 43.
See the caption package documentation for explanation.


Underfull \vbox (badness 1184) has occurred while \output is active []

 [89


 </home/jeff/Documents/IUTOrsay/1-Cours/3p06-Cours_Batterie/01-Cours/figures-Ch
pAnn1/Fig01.pdf>]

Package hyperref Warning: Token not allowed in a PDF string (Unicode):
(hyperref)                removing `math shift' on input line 51.


Package hyperref Warning: Token not allowed in a PDF string (Unicode):
(hyperref)                removing `math shift' on input line 51.


Package caption Warning: The option `hypcap=true' will be ignored for this
(caption)                particular \caption on input line 72.
See the caption package documentation for explanation.


Package hyperref Warning: Token not allowed in a PDF string (Unicode):
(hyperref)                removing `math shift' on input line 85.


Package hyperref Warning: Token not allowed in a PDF string (Unicode):
(hyperref)                removing `math shift' on input line 85.


Package caption Warning: The option `hypcap=true' will be ignored for this
(caption)                particular \caption on input line 107.
See the caption package documentation for explanation.

File: cc-by-nc-sa.png Graphic file (type png)
<use cc-by-nc-sa.png>
Package pdftex.def Info: cc-by-nc-sa.png  used on input line 123.
(pdftex.def)             Requested size: 40.64pt x 14.22636pt.
[90]
File: cc-by-nc-sa.png Graphic file (type png)
<use cc-by-nc-sa.png>
Package pdftex.def Info: cc-by-nc-sa.png  used on input line 179.
(pdftex.def)             Requested size: 40.64pt x 14.22636pt.
 [91]

Package caption Warning: The option `hypcap=true' will be ignored for this
(caption)                particular \caption on input line 205.
See the caption package documentation for explanation.

</home/jeff/Documents/IUTOrsay/1-Cours/3p06-Cours_Batterie/01-Cours/figures-Chp
Ann1/Fig04a.png, id=2199, 581.33987pt x 164.63106pt>
File: /home/jeff/Documents/IUTOrsay/1-Cours/3p06-Cours_Batterie/01-Cours/figure
s-ChpAnn1/Fig04a.png Graphic file (type png)
<use /home/jeff/Documents/IUTOrsay/1-Cours/3p06-Cours_Batterie/01-Cours/figures
-ChpAnn1/Fig04a.png>
Package pdftex.def Info: /home/jeff/Documents/IUTOrsay/1-Cours/3p06-Cours_Batte
rie/01-Cours/figures-ChpAnn1/Fig04a.png  used on input line 216.
(pdftex.def)             Requested size: 174.4033pt x 49.3897pt.

Package caption Warning: The option `hypcap=true' will be ignored for this
(caption)                particular \caption on input line 218.
See the caption package documentation for explanation.


Overfull \hbox (25.00003pt too wide) in paragraph at lines 214--220
[]$[]$$[]$ 
 []

</home/jeff/Documents/IUTOrsay/1-Cours/3p06-Cours_Batterie/01-Cours/figures-Chp
Ann1/Fig04b.png, id=2200, 891.37817pt x 139.91472pt>
File: /home/jeff/Documents/IUTOrsay/1-Cours/3p06-Cours_Batterie/01-Cours/figure
s-ChpAnn1/Fig04b.png Graphic file (type png)
<use /home/jeff/Documents/IUTOrsay/1-Cours/3p06-Cours_Batterie/01-Cours/figures
-ChpAnn1/Fig04b.png>
Package pdftex.def Info: /home/jeff/Documents/IUTOrsay/1-Cours/3p06-Cours_Batte
rie/01-Cours/figures-ChpAnn1/Fig04b.png  used on input line 226.
(pdftex.def)             Requested size: 267.41551pt x 41.97473pt.

Package caption Warning: The option `hypcap=true' will be ignored for this
(caption)                particular \caption on input line 228.
See the caption package documentation for explanation.


Overfull \hbox (25.00003pt too wide) in paragraph at lines 224--230
[]$[]$$[]$ 
 []

</home/jeff/Documents/IUTOrsay/1-Cours/3p06-Cours_Batterie/01-Cours/figures-Chp
Ann1/Fig04c.png, id=2201, 423.79128pt x 384.4764pt>
File: /home/jeff/Documents/IUTOrsay/1-Cours/3p06-Cours_Batterie/01-Cours/figure
s-ChpAnn1/Fig04c.png Graphic file (type png)
<use /home/jeff/Documents/IUTOrsay/1-Cours/3p06-Cours_Batterie/01-Cours/figures
-ChpAnn1/Fig04c.png>
Package pdftex.def Info: /home/jeff/Documents/IUTOrsay/1-Cours/3p06-Cours_Batte
rie/01-Cours/figures-ChpAnn1/Fig04c.png  used on input line 236.
(pdftex.def)             Requested size: 127.13835pt x 115.3438pt.

Package caption Warning: The option `hypcap=true' will be ignored for this
(caption)                particular \caption on input line 238.
See the caption package documentation for explanation.

File: cc-by-nc-sa.png Graphic file (type png)
<use cc-by-nc-sa.png>
Package pdftex.def Info: cc-by-nc-sa.png  used on input line 261.
(pdftex.def)             Requested size: 40.64pt x 14.22636pt.
[92 </home/jeff/Documents/IUTOrsay/1-Cours/3p06-Cours_Batterie/01-Cours/figures
-ChpAnn1/Fig04a.png> </home/jeff/Documents/IUTOrsay/1-Cours/3p06-Cours_Batterie
/01-Cours/figures-ChpAnn1/Fig04b.png> </home/jeff/Documents/IUTOrsay/1-Cours/3p
06-Cours_Batterie/01-Cours/figures-ChpAnn1/Fig04c.png>]
</home/jeff/Documents/IUTOrsay/1-Cours/3p06-Cours_Batterie/01-Cours/figures-Chp
Ann1/Fig05.png, id=2217, 173.01437pt x 113.60844pt>
File: /home/jeff/Documents/IUTOrsay/1-Cours/3p06-Cours_Batterie/01-Cours/figure
s-ChpAnn1/Fig05.png Graphic file (type png)
<use /home/jeff/Documents/IUTOrsay/1-Cours/3p06-Cours_Batterie/01-Cours/figures
-ChpAnn1/Fig05.png>
Package pdftex.def Info: /home/jeff/Documents/IUTOrsay/1-Cours/3p06-Cours_Batte
rie/01-Cours/figures-ChpAnn1/Fig05.png  used on input line 282.
(pdftex.def)             Requested size: 86.50697pt x 56.80408pt.


Package caption Warning: The option `hypcap=true' will be ignored for this
(caption)                particular \caption on input line 284.
See the caption package documentation for explanation.


Underfull \vbox (badness 10000) has occurred while \output is active []

File: cc-by-nc-sa.png Graphic file (type png)
<use cc-by-nc-sa.png>
Package pdftex.def Info: cc-by-nc-sa.png  used on input line 348.
(pdftex.def)             Requested size: 40.64pt x 14.22636pt.
 [93 </home/jeff/Documents/IUTOrsay/1-Cours/3p06-Cours_Batterie/01-Cours/figure
s-ChpAnn1/Fig05.png>]
</home/jeff/Documents/IUTOrsay/1-Cours/3p06-Cours_Batterie/01-Cours/figures-Chp
Ann1/Fig03a.png, id=2225, 456.16824pt x 97.5645pt>
File: /home/jeff/Documents/IUTOrsay/1-Cours/3p06-Cours_Batterie/01-Cours/figure
s-ChpAnn1/Fig03a.png Graphic file (type png)
<use /home/jeff/Documents/IUTOrsay/1-Cours/3p06-Cours_Batterie/01-Cours/figures
-ChpAnn1/Fig03a.png>
Package pdftex.def Info: /home/jeff/Documents/IUTOrsay/1-Cours/3p06-Cours_Batte
rie/01-Cours/figures-ChpAnn1/Fig03a.png  used on input line 367.
(pdftex.def)             Requested size: 228.08356pt x 48.78212pt.


Package caption Warning: The option `hypcap=true' will be ignored for this
(caption)                particular \caption on input line 368.
See the caption package documentation for explanation.


Underfull \vbox (badness 1721) has occurred while \output is active []

File: cc-by-nc-sa.png Graphic file (type png)
<use cc-by-nc-sa.png>
Package pdftex.def Info: cc-by-nc-sa.png  used on input line 392.
(pdftex.def)             Requested size: 40.64pt x 14.22636pt.
 [94 </home/jeff/Documents/IUTOrsay/1-Cours/3p06-Cours_Batterie/01-Cours/figure
s-ChpAnn1/Fig03a.png>]
</home/jeff/Documents/IUTOrsay/1-Cours/3p06-Cours_Batterie/01-Cours/figures-Chp
Ann1/Fig03b.png, id=2236, 453.27744pt x 96.8418pt>
File: /home/jeff/Documents/IUTOrsay/1-Cours/3p06-Cours_Batterie/01-Cours/figure
s-ChpAnn1/Fig03b.png Graphic file (type png)
<use /home/jeff/Documents/IUTOrsay/1-Cours/3p06-Cours_Batterie/01-Cours/figures
-ChpAnn1/Fig03b.png>
Package pdftex.def Info: /home/jeff/Documents/IUTOrsay/1-Cours/3p06-Cours_Batte
rie/01-Cours/figures-ChpAnn1/Fig03b.png  used on input line 398.
(pdftex.def)             Requested size: 226.63817pt x 48.42076pt.


Package caption Warning: The option `hypcap=true' will be ignored for this
(caption)                particular \caption on input line 399.
See the caption package documentation for explanation.

File: cc-by-nc-sa.png Graphic file (type png)
<use cc-by-nc-sa.png>
Package pdftex.def Info: cc-by-nc-sa.png  used on input line 446.
(pdftex.def)             Requested size: 40.64pt x 14.22636pt.
[95 </home/jeff/Documents/IUTOrsay/1-Cours/3p06-Cours_Batterie/01-Cours/figures
-ChpAnn1/Fig03b.png>]
Underfull \vbox (badness 2351) has occurred while \output is active []

File: cc-by-nc-sa.png Graphic file (type png)
<use cc-by-nc-sa.png>
Package pdftex.def Info: cc-by-nc-sa.png  used on input line 527.
(pdftex.def)             Requested size: 40.64pt x 14.22636pt.
 [96]

LaTeX Font Warning: Command \large invalid in math mode on input line 552.

</home/jeff/Documents/IUTOrsay/1-Cours/3p06-Cours_Batterie/01-Cours/figures-Chp
Ann1/Fig06.png, id=2261, 336.48912pt x 298.33057pt>
File: /home/jeff/Documents/IUTOrsay/1-Cours/3p06-Cours_Batterie/01-Cours/figure
s-ChpAnn1/Fig06.png Graphic file (type png)
<use /home/jeff/Documents/IUTOrsay/1-Cours/3p06-Cours_Batterie/01-Cours/figures
-ChpAnn1/Fig06.png>
Package pdftex.def Info: /home/jeff/Documents/IUTOrsay/1-Cours/3p06-Cours_Batte
rie/01-Cours/figures-ChpAnn1/Fig06.png  used on input line 568.
(pdftex.def)             Requested size: 168.24414pt x 149.16492pt.

Package caption Warning: The option `hypcap=true' will be ignored for this
(caption)                particular \caption on input line 570.
See the caption package documentation for explanation.

File: cc-by-nc-sa.png Graphic file (type png)
<use cc-by-nc-sa.png>
Package pdftex.def Info: cc-by-nc-sa.png  used on input line 573.
(pdftex.def)             Requested size: 40.64pt x 14.22636pt.
[97]

Package caption Warning: The option `hypcap=true' will be ignored for this
(caption)                particular \caption on input line 587.
See the caption package documentation for explanation.

File: cc-by-nc-sa.png Graphic file (type png)
<use cc-by-nc-sa.png>
Package pdftex.def Info: cc-by-nc-sa.png  used on input line 625.
(pdftex.def)             Requested size: 40.64pt x 14.22636pt.
[98 </home/jeff/Documents/IUTOrsay/1-Cours/3p06-Cours_Batterie/01-Cours/figures
-ChpAnn1/Fig06.png>]
File: cc-by-nc-sa.png Graphic file (type png)
<use cc-by-nc-sa.png>
Package pdftex.def Info: cc-by-nc-sa.png  used on input line 695.
(pdftex.def)             Requested size: 40.64pt x 14.22636pt.
 [99])
(/home/jeff/Documents/IUTOrsay/1-Cours/3p06-Cours_Batterie/01-Cours/ChpAnn-2.te
x
File: cc-by-nc-sa.png Graphic file (type png)
<use cc-by-nc-sa.png>
Package pdftex.def Info: cc-by-nc-sa.png  used on input line 1.
(pdftex.def)             Requested size: 40.64pt x 14.22636pt.
 [100]
*geometry* verbose mode - [ newgeometry ] result:
* driver: pdftex
* paper: a4paper
* layout: <same size as paper>
* layoutoffset:(h,v)=(0.0pt,0.0pt)
* modes: twoside 
* h-part:(L,W,R)=(28.45274pt, 540.60239pt, 28.45274pt)
* v-part:(T,H,B)=(56.9055pt, 731.23584pt, 56.9055pt)
* \paperwidth=597.50787pt
* \paperheight=845.04684pt
* \textwidth=540.60239pt
* \textheight=731.23584pt
* \oddsidemargin=-43.81725pt
* \evensidemargin=-43.81725pt
* \topmargin=-45.43198pt
* \headheight=12.0pt
* \headsep=18.06749pt
* \topskip=10.0pt
* \footskip=25.29494pt
* \marginparwidth=142.26378pt
* \marginparsep=5.69046pt
* \columnsep=99.58464pt
* \skip\footins=9.0pt plus 4.0pt minus 2.0pt
* \hoffset=0.0pt
* \voffset=0.0pt
* \mag=1000
* \@twocolumnfalse
* \@twosidetrue
* \@mparswitchtrue
* \@reversemarginfalse
* (1in=72.27pt=25.4mm, 1cm=28.453pt)


Annexe B.
</home/jeff/Documents/IUTOrsay/1-Cours/3p06-Cours_Batterie/01-Cours/figures-Chp
Ann2/Fig03.png, id=2297, 164.7756pt x 115.48746pt>
File: /home/jeff/Documents/IUTOrsay/1-Cours/3p06-Cours_Batterie/01-Cours/figure
s-ChpAnn2/Fig03.png Graphic file (type png)
<use /home/jeff/Documents/IUTOrsay/1-Cours/3p06-Cours_Batterie/01-Cours/figures
-ChpAnn2/Fig03.png>
Package pdftex.def Info: /home/jeff/Documents/IUTOrsay/1-Cours/3p06-Cours_Batte
rie/01-Cours/figures-ChpAnn2/Fig03.png  used on input line 37.
(pdftex.def)             Requested size: 113.81102pt x 79.76749pt.
[101


 </home/jeff/Documents/IUTOrsay/1-Cours/3p06-Cours_Batterie/01-Cours/figures-Ch
pAnn2/Fig03.png>]
Underfull \vbox (badness 2635) has occurred while \output is active []



Package fancyhdr Warning: \headheight is too small (12.0pt): 
(fancyhdr)                Make it at least 12.80502pt, for example:
(fancyhdr)                \setlength{\headheight}{12.80502pt}.
(fancyhdr)                You might also make \topmargin smaller to compensate:

(fancyhdr)                \addtolength{\topmargin}{-0.80502pt}.

File: cc-by-nc-sa.png Graphic file (type png)
<use cc-by-nc-sa.png>
Package pdftex.def Info: cc-by-nc-sa.png  used on input line 116.
(pdftex.def)             Requested size: 40.64pt x 14.22636pt.
[102]

Package fancyhdr Warning: \headheight is too small (12.0pt): 
(fancyhdr)                Make it at least 12.80502pt, for example:
(fancyhdr)                \setlength{\headheight}{12.80502pt}.
(fancyhdr)                You might also make \topmargin smaller to compensate:

(fancyhdr)                \addtolength{\topmargin}{-0.80502pt}.

File: cc-by-nc-sa.png Graphic file (type png)
<use cc-by-nc-sa.png>
Package pdftex.def Info: cc-by-nc-sa.png  used on input line 182.
(pdftex.def)             Requested size: 40.64pt x 14.22636pt.
[103]
</home/jeff/Documents/IUTOrsay/1-Cours/3p06-Cours_Batterie/01-Cours/figures-Chp
Ann2/Fig02.png, id=2322, 1607.00375pt x 667.49374pt>
File: /home/jeff/Documents/IUTOrsay/1-Cours/3p06-Cours_Batterie/01-Cours/figure
s-ChpAnn2/Fig02.png Graphic file (type png)
<use /home/jeff/Documents/IUTOrsay/1-Cours/3p06-Cours_Batterie/01-Cours/figures
-ChpAnn2/Fig02.png>
Package pdftex.def Info: /home/jeff/Documents/IUTOrsay/1-Cours/3p06-Cours_Batte
rie/01-Cours/figures-ChpAnn2/Fig02.png  used on input line 190.
(pdftex.def)             Requested size: 432.48355pt x 179.63498pt.


Package fancyhdr Warning: \headheight is too small (12.0pt): 
(fancyhdr)                Make it at least 12.80502pt, for example:
(fancyhdr)                \setlength{\headheight}{12.80502pt}.
(fancyhdr)                You might also make \topmargin smaller to compensate:

(fancyhdr)                \addtolength{\topmargin}{-0.80502pt}.

File: cc-by-nc-sa.png Graphic file (type png)
<use cc-by-nc-sa.png>
Package pdftex.def Info: cc-by-nc-sa.png  used on input line 211.
(pdftex.def)             Requested size: 40.64pt x 14.22636pt.
[104 </home/jeff/Documents/IUTOrsay/1-Cours/3p06-Cours_Batterie/01-Cours/figure
s-ChpAnn2/Fig02.png>]
</home/jeff/Documents/IUTOrsay/1-Cours/3p06-Cours_Batterie/01-Cours/figures-Chp
Ann2/Fig01.png, id=2333, 589.20125pt x 562.1pt>
File: /home/jeff/Documents/IUTOrsay/1-Cours/3p06-Cours_Batterie/01-Cours/figure
s-ChpAnn2/Fig01.png Graphic file (type png)
<use /home/jeff/Documents/IUTOrsay/1-Cours/3p06-Cours_Batterie/01-Cours/figures
-ChpAnn2/Fig01.png>
Package pdftex.def Info: /home/jeff/Documents/IUTOrsay/1-Cours/3p06-Cours_Batte
rie/01-Cours/figures-ChpAnn2/Fig01.png  used on input line 258.
(pdftex.def)             Requested size: 170.71652pt x 162.85901pt.

Overfull \hbox (6.64294pt too wide) detected at line 265
[]
 []

)

Package fancyhdr Warning: \headheight is too small (12.0pt): 
(fancyhdr)                Make it at least 12.80502pt, for example:
(fancyhdr)                \setlength{\headheight}{12.80502pt}.
(fancyhdr)                You might also make \topmargin smaller to compensate:

(fancyhdr)                \addtolength{\topmargin}{-0.80502pt}.

File: cc-by-nc-sa.png Graphic file (type png)
<use cc-by-nc-sa.png>
Package pdftex.def Info: cc-by-nc-sa.png  used on input line 108.
(pdftex.def)             Requested size: 40.64pt x 14.22636pt.
[105 </home/jeff/Documents/IUTOrsay/1-Cours/3p06-Cours_Batterie/01-Cours/figure
s-ChpAnn2/Fig01.png>]
(/home/jeff/Documents/IUTOrsay/1-Cours/3p06-Cours_Batterie/01-Cours/ChpAnn-3.te
x

Package fancyhdr Warning: \headheight is too small (12.0pt): 
(fancyhdr)                Make it at least 12.80502pt, for example:
(fancyhdr)                \setlength{\headheight}{12.80502pt}.
(fancyhdr)                You might also make \topmargin smaller to compensate:

(fancyhdr)                \addtolength{\topmargin}{-0.80502pt}.

File: cc-by-nc-sa.png Graphic file (type png)
<use cc-by-nc-sa.png>
Package pdftex.def Info: cc-by-nc-sa.png  used on input line 1.
(pdftex.def)             Requested size: 40.64pt x 14.22636pt.
[106]
Annexe C.
</home/jeff/Documents/IUTOrsay/1-Cours/3p06-Cours_Batterie/01-Cours/figures-Chp
Ann3/Fig01.png, id=2346, 1295.84125pt x 226.8475pt>
File: /home/jeff/Documents/IUTOrsay/1-Cours/3p06-Cours_Batterie/01-Cours/figure
s-ChpAnn3/Fig01.png Graphic file (type png)
<use /home/jeff/Documents/IUTOrsay/1-Cours/3p06-Cours_Batterie/01-Cours/figures
-ChpAnn3/Fig01.png>
Package pdftex.def Info: /home/jeff/Documents/IUTOrsay/1-Cours/3p06-Cours_Batte
rie/01-Cours/figures-ChpAnn3/Fig01.png  used on input line 13.
(pdftex.def)             Requested size: 432.48355pt x 75.70795pt.

Package caption Warning: The option `hypcap=true' will be ignored for this
(caption)                particular \caption on input line 14.
See the caption package documentation for explanation.

</home/jeff/Documents/IUTOrsay/1-Cours/3p06-Cours_Batterie/01-Cours/figures-Chp
Ann3/Fig02.png, id=2347, 1190.4475pt x 308.15125pt>
File: /home/jeff/Documents/IUTOrsay/1-Cours/3p06-Cours_Batterie/01-Cours/figure
s-ChpAnn3/Fig02.png Graphic file (type png)
<use /home/jeff/Documents/IUTOrsay/1-Cours/3p06-Cours_Batterie/01-Cours/figures
-ChpAnn3/Fig02.png>
Package pdftex.def Info: /home/jeff/Documents/IUTOrsay/1-Cours/3p06-Cours_Batte
rie/01-Cours/figures-ChpAnn3/Fig02.png  used on input line 21.
(pdftex.def)             Requested size: 432.48355pt x 111.94998pt.

Package caption Warning: The option `hypcap=true' will be ignored for this
(caption)                particular \caption on input line 22.
See the caption package documentation for explanation.

[107

 </home/jeff/Documents/IUTOrsay/1-Cours/3p06-Cours_Batterie/01-Cours/figures-Ch
pAnn3/Fig01.png> </home/jeff/Documents/IUTOrsay/1-Cours/3p06-Cours_Batterie/01-
Cours/figures-ChpAnn3/Fig02.png>]
</home/jeff/Documents/IUTOrsay/1-Cours/3p06-Cours_Batterie/01-Cours/figures-Chp
Ann3/Fig03.png, id=2356, 851.18pt x 448.67625pt>
File: /home/jeff/Documents/IUTOrsay/1-Cours/3p06-Cours_Batterie/01-Cours/figure
s-ChpAnn3/Fig03.png Graphic file (type png)
<use /home/jeff/Documents/IUTOrsay/1-Cours/3p06-Cours_Batterie/01-Cours/figures
-ChpAnn3/Fig03.png>
Package pdftex.def Info: /home/jeff/Documents/IUTOrsay/1-Cours/3p06-Cours_Batte
rie/01-Cours/figures-ChpAnn3/Fig03.png  used on input line 58.
(pdftex.def)             Requested size: 297.33296pt x 156.73096pt.
</home/jeff/Documents/IUTOrsay/1-Cours/3p06-Cours_Batterie/01-Cours/figures-Chp
Ann3/Fig04.png, id=2357, 1656.1875pt x 520.94624pt>
File: /home/jeff/Documents/IUTOrsay/1-Cours/3p06-Cours_Batterie/01-Cours/figure
s-ChpAnn3/Fig04.png Graphic file (type png)
<use /home/jeff/Documents/IUTOrsay/1-Cours/3p06-Cours_Batterie/01-Cours/figures
-ChpAnn3/Fig04.png>
Package pdftex.def Info: /home/jeff/Documents/IUTOrsay/1-Cours/3p06-Cours_Batte
rie/01-Cours/figures-ChpAnn3/Fig04.png  used on input line 69.
(pdftex.def)             Requested size: 432.48355pt x 136.03105pt.


Package caption Warning: The option `hypcap=true' will be ignored for this
(caption)                particular \caption on input line 70.
See the caption package documentation for explanation.


Package fancyhdr Warning: \headheight is too small (12.0pt): 
(fancyhdr)                Make it at least 12.80502pt, for example:
(fancyhdr)                \setlength{\headheight}{12.80502pt}.
(fancyhdr)                You might also make \topmargin smaller to compensate:

(fancyhdr)                \addtolength{\topmargin}{-0.80502pt}.

File: cc-by-nc-sa.png Graphic file (type png)
<use cc-by-nc-sa.png>
Package pdftex.def Info: cc-by-nc-sa.png  used on input line 76.
(pdftex.def)             Requested size: 40.64pt x 14.22636pt.
[108 </home/jeff/Documents/IUTOrsay/1-Cours/3p06-Cours_Batterie/01-Cours/figure
s-ChpAnn3/Fig03.png> </home/jeff/Documents/IUTOrsay/1-Cours/3p06-Cours_Batterie
/01-Cours/figures-ChpAnn3/Fig04.png>]
</home/jeff/Documents/IUTOrsay/1-Cours/3p06-Cours_Batterie/01-Cours/figures-Chp
Ann3/Fig05.png, id=2366, 1016.79875pt x 835.12pt>
File: /home/jeff/Documents/IUTOrsay/1-Cours/3p06-Cours_Batterie/01-Cours/figure
s-ChpAnn3/Fig05.png Graphic file (type png)
<use /home/jeff/Documents/IUTOrsay/1-Cours/3p06-Cours_Batterie/01-Cours/figures
-ChpAnn3/Fig05.png>
Package pdftex.def Info: /home/jeff/Documents/IUTOrsay/1-Cours/3p06-Cours_Batte
rie/01-Cours/figures-ChpAnn3/Fig05.png  used on input line 80.
(pdftex.def)             Requested size: 432.48355pt x 355.20801pt.


Package caption Warning: The option `hypcap=true' will be ignored for this
(caption)                particular \caption on input line 81.
See the caption package documentation for explanation.

</home/jeff/Documents/IUTOrsay/1-Cours/3p06-Cours_Batterie/01-Cours/figures-Chp
Ann3/Fig06a.png, id=2369, 486.81876pt x 190.7125pt>
File: /home/jeff/Documents/IUTOrsay/1-Cours/3p06-Cours_Batterie/01-Cours/figure
s-ChpAnn3/Fig06a.png Graphic file (type png)
<use /home/jeff/Documents/IUTOrsay/1-Cours/3p06-Cours_Batterie/01-Cours/figures
-ChpAnn3/Fig06a.png>
Package pdftex.def Info: /home/jeff/Documents/IUTOrsay/1-Cours/3p06-Cours_Batte
rie/01-Cours/figures-ChpAnn3/Fig06a.png  used on input line 97.
(pdftex.def)             Requested size: 113.81102pt x 44.58463pt.
</home/jeff/Documents/IUTOrsay/1-Cours/3p06-Cours_Batterie/01-Cours/figures-Chp
Ann3/Fig06b.png, id=2370, 491.8375pt x 220.825pt>
File: /home/jeff/Documents/IUTOrsay/1-Cours/3p06-Cours_Batterie/01-Cours/figure
s-ChpAnn3/Fig06b.png Graphic file (type png)
<use /home/jeff/Documents/IUTOrsay/1-Cours/3p06-Cours_Batterie/01-Cours/figures
-ChpAnn3/Fig06b.png>
Package pdftex.def Info: /home/jeff/Documents/IUTOrsay/1-Cours/3p06-Cours_Batte
rie/01-Cours/figures-ChpAnn3/Fig06b.png  used on input line 97.
(pdftex.def)             Requested size: 113.81102pt x 51.09866pt.

Package fancyhdr Warning: \headheight is too small (12.0pt): 
(fancyhdr)                Make it at least 12.80502pt, for example:
(fancyhdr)                \setlength{\headheight}{12.80502pt}.
(fancyhdr)                You might also make \topmargin smaller to compensate:

(fancyhdr)                \addtolength{\topmargin}{-0.80502pt}.

File: cc-by-nc-sa.png Graphic file (type png)
<use cc-by-nc-sa.png>
Package pdftex.def Info: cc-by-nc-sa.png  used on input line 105.
(pdftex.def)             Requested size: 40.64pt x 14.22636pt.
[109 </home/jeff/Documents/IUTOrsay/1-Cours/3p06-Cours_Batterie/01-Cours/figure
s-ChpAnn3/Fig05.png> </home/jeff/Documents/IUTOrsay/1-Cours/3p06-Cours_Batterie
/01-Cours/figures-ChpAnn3/Fig06a.png> </home/jeff/Documents/IUTOrsay/1-Cours/3p
06-Cours_Batterie/01-Cours/figures-ChpAnn3/Fig06b.png>]

Package hyperref Warning: Token not allowed in a PDF string (Unicode):
(hyperref)                removing `math shift' on input line 121.


Package hyperref Warning: Token not allowed in a PDF string (Unicode):
(hyperref)                removing `\Delta' on input line 121.


Package hyperref Warning: Token not allowed in a PDF string (Unicode):
(hyperref)                removing `subscript' on input line 121.


Package hyperref Warning: Token not allowed in a PDF string (Unicode):
(hyperref)                removing `math shift' on input line 121.


Package hyperref Warning: Token not allowed in a PDF string (Unicode):
(hyperref)                removing `math shift' on input line 121.


Package hyperref Warning: Token not allowed in a PDF string (Unicode):
(hyperref)                removing `math shift' on input line 121.

)

Package fancyhdr Warning: \headheight is too small (12.0pt): 
(fancyhdr)                Make it at least 12.80502pt, for example:
(fancyhdr)                \setlength{\headheight}{12.80502pt}.
(fancyhdr)                You might also make \topmargin smaller to compensate:

(fancyhdr)                \addtolength{\topmargin}{-0.80502pt}.

File: cc-by-nc-sa.png Graphic file (type png)
<use cc-by-nc-sa.png>
Package pdftex.def Info: cc-by-nc-sa.png  used on input line 112.
(pdftex.def)             Requested size: 40.64pt x 14.22636pt.
[110] (/usr/share/texlive/texmf-dist/tex/generic/stringenc/se-pdfdoc.def
File: se-pdfdoc.def 2019/11/29 v1.12 stringenc: PDFDocEncoding
)
(/usr/share/texlive/texmf-dist/tex/generic/stringenc/se-utf8.def
File: se-utf8.def 2019/11/29 v1.12 stringenc: UTF-8
) [111]
(./main.aux)
 ***********
LaTeX2e <2023-11-01> patch level 1
L3 programming layer <2024-01-22>
 ***********


LaTeX Font Warning: Some font shapes were not available, defaults substituted.


LaTeX Warning: Label(s) may have changed. Rerun to get cross-references right.


LaTeX Warning: Temporary extra page added at the end. Rerun to get it removed.


Package rerunfilecheck Warning: File `main.out' has changed.
(rerunfilecheck)                Rerun to get outlines right
(rerunfilecheck)                or use package `bookmark'.

Package rerunfilecheck Info: Checksums for `main.out':
(rerunfilecheck)             Before: 88B8781D2C19B0BA428BE2BDEA2C7D4A;16639
(rerunfilecheck)             After:  8CECA1D2F241631AD5CF94F553EA49CC;44752.
 ) 
Here is how much of TeX's memory you used:
 46006 strings out of 476039
 1026960 string characters out of 5791729
 1957975 words of memory out of 5000000
 66420 multiletter control sequences out of 15000+600000
 692954 words of font info for 122 fonts, out of 8000000 for 9000
 81 hyphenation exceptions out of 8191
 132i,24n,135p,1275b,1294s stack positions out of 10000i,1000n,20000p,200000b,200000s
</usr/share/texlive/texmf-dist/fonts/type1/public/fontawesome/FontAwesome.pfb
></usr/share/texlive/texmf-dist/fonts/type1/public/amsfonts/cm/cmcsc10.pfb></us
r/share/texlive/texmf-dist/fonts/type1/public/amsfonts/cm/cmex10.pfb></usr/shar
e/texlive/texmf-dist/fonts/type1/public/amsfonts/cm/cmmi6.pfb></usr/share/texli
ve/texmf-dist/fonts/type1/public/amsfonts/cm/cmmi8.pfb></usr/share/texlive/texm
f-dist/fonts/type1/public/amsfonts/cm/cmr8.pfb></usr/share/texlive/texmf-dist/f
onts/type1/public/amsfonts/cm/cmsy8.pfb></usr/share/texlive/texmf-dist/fonts/ty
pe1/public/amsfonts/cm/cmti8.pfb></usr/share/texmf/fonts/type1/public/lm/lmbx10
.pfb></usr/share/texmf/fonts/type1/public/lm/lmbx12.pfb></usr/share/texmf/fonts
/type1/public/lm/lmbxi10.pfb></usr/share/texmf/fonts/type1/public/lm/lmcsc10.pf
b></usr/share/texmf/fonts/type1/public/lm/lmex10.pfb></usr/share/texmf/fonts/ty
pe1/public/lm/lmmi10.pfb></usr/share/texmf/fonts/type1/public/lm/lmmi12.pfb></u
sr/share/texmf/fonts/type1/public/lm/lmmi5.pfb></usr/share/texmf/fonts/type1/pu
blic/lm/lmmi6.pfb></usr/share/texmf/fonts/type1/public/lm/lmmi7.pfb></usr/share
/texmf/fonts/type1/public/lm/lmmi8.pfb></usr/share/texmf/fonts/type1/public/lm/
lmr10.pfb></usr/share/texmf/fonts/type1/public/lm/lmr12.pfb></usr/share/texmf/f
onts/type1/public/lm/lmr5.pfb></usr/share/texmf/fonts/type1/public/lm/lmr6.pfb>
</usr/share/texmf/fonts/type1/public/lm/lmr7.pfb></usr/share/texmf/fonts/type1/
public/lm/lmr8.pfb></usr/share/texmf/fonts/type1/public/lm/lmr9.pfb></usr/share
/texmf/fonts/type1/public/lm/lmri10.pfb></usr/share/texmf/fonts/type1/public/lm
/lmri7.pfb></usr/share/texmf/fonts/type1/public/lm/lmri8.pfb></usr/share/texmf/
fonts/type1/public/lm/lmss12.pfb></usr/share/texmf/fonts/type1/public/lm/lmss8.
pfb></usr/share/texmf/fonts/type1/public/lm/lmssbx10.pfb></usr/share/texmf/font
s/type1/public/lm/lmsy10.pfb></usr/share/texmf/fonts/type1/public/lm/lmsy5.pfb>
</usr/share/texmf/fonts/type1/public/lm/lmsy6.pfb></usr/share/texmf/fonts/type1
/public/lm/lmsy7.pfb></usr/share/texmf/fonts/type1/public/lm/lmsy8.pfb>
Output written on main.pdf (111 pages, 47894376 bytes).
PDF statistics:
 2726 PDF objects out of 2984 (max. 8388607)
 2200 compressed objects within 22 object streams
 788 named destinations out of 1000 (max. 500000)
 2074 words of extra memory for PDF output out of 10000 (max. 10000000)

